true_class,pred_label,score,accepted,group
cat,cat,-9.628212,True,other
ship,ship,-9.9176035,True,other
ship,ship,-6.74602,True,other
airplane,airplane,-7.5128493,True,other
frog,frog,-9.633694,True,other
frog,frog,-9.609259,True,other
automobile,automobile,-8.531446,True,other
frog,frog,-9.13573,True,other
cat,cat,-10.064812,True,other
automobile,automobile,-8.761614,True,other
airplane,airplane,-9.58776,True,other
truck,truck,-9.7942505,True,other
dog,dog,-10.308516,True,other
horse,horse,-10.062835,True,other
truck,truck,-11.016915,True,other
ship,ship,-6.882526,True,other
dog,dog,-10.170013,True,other
horse,horse,-9.560575,True,other
ship,ship,-9.755522,True,other
frog,frog,-9.1249,True,other
horse,horse,-7.8160286,True,other
airplane,airplane,-10.286239,True,other
deer,deer,-5.604103,False,other
truck,truck,-9.122657,True,other
dog,dog,-11.5608225,True,other
bird,bird,-7.9104977,True,other
deer,deer,-10.098629,True,other
airplane,airplane,-10.960302,True,other
truck,truck,-9.54336,True,other
frog,frog,-9.429843,True,other
frog,frog,-9.18984,True,other
dog,dog,-8.684843,True,other
deer,deer,-7.8163548,True,other
dog,dog,-9.163871,True,other
truck,truck,-9.929905,True,other
bird,bird,-8.435098,True,other
deer,deer,-7.379738,True,other
automobile,truck,-7.490424,True,other
truck,truck,-10.080392,True,other
dog,dog,-9.636797,True,other
deer,deer,-8.996241,True,other
frog,frog,-10.233969,True,other
dog,dog,-9.879262,True,other
frog,frog,-9.61325,True,other
airplane,airplane,-11.380123,True,other
truck,truck,-9.28183,True,other
cat,cat,-8.175826,True,other
truck,ship,-6.6470704,True,other
horse,horse,-9.20782,True,other
frog,frog,-9.472614,True,other
truck,truck,-10.051043,True,other
ship,ship,-10.22975,True,other
airplane,dog,-4.374823,False,other
cat,cat,-10.027964,True,other
ship,ship,-8.9907055,True,other
ship,ship,-12.405364,True,other
horse,horse,-11.143868,True,other
horse,horse,-8.703621,True,other
deer,horse,-6.832852,True,other
frog,cat,-7.6555047,True,other
horse,horse,-9.086483,True,other
cat,dog,-7.9026823,True,other
frog,frog,-10.728847,True,other
cat,cat,-5.819366,True,other
frog,frog,-10.361899,True,other
bird,bird,-10.976112,True,other
automobile,automobile,-8.999084,True,other
bird,bird,-8.336418,True,other
cat,cat,-9.459923,True,other
horse,horse,-8.195874,True,other
bird,bird,-7.3464913,True,other
frog,frog,-9.401859,True,other
ship,ship,-9.064535,True,other
ship,ship,-9.702097,True,other
airplane,airplane,-5.5690126,False,other
bird,bird,-9.451293,True,other
truck,truck,-10.17804,True,other
cat,cat,-8.996855,True,other
cat,cat,-9.422224,True,other
ship,ship,-9.883767,True,other
ship,ship,-10.330374,True,other
automobile,automobile,-8.417397,True,other
automobile,automobile,-9.185235,True,other
horse,horse,-9.682977,True,other
bird,bird,-10.597128,True,other
dog,dog,-8.537414,True,other
bird,bird,-6.5320396,True,other
horse,horse,-5.8040586,True,other
ship,ship,-10.035571,True,other
truck,truck,-9.615399,True,other
airplane,airplane,-8.279019,True,other
cat,cat,-8.707877,True,other
ship,ship,-10.033976,True,other
frog,frog,-9.861744,True,other
deer,deer,-9.719869,True,other
frog,frog,-6.9491553,True,other
frog,frog,-9.280625,True,other
airplane,airplane,-10.230766,True,other
airplane,airplane,-9.275832,True,other
horse,horse,-11.529403,True,other
deer,deer,-9.198658,True,other
dog,dog,-10.298322,True,other
frog,frog,-11.539408,True,other
cat,cat,-9.555792,True,other
automobile,automobile,-10.368647,True,other
automobile,automobile,-9.896423,True,other
cat,cat,-7.216598,True,other
frog,frog,-9.652941,True,other
ship,ship,-9.216335,True,other
horse,horse,-9.0139,True,other
deer,deer,-8.994575,True,other
airplane,airplane,-10.527743,True,other
frog,frog,-8.45178,True,other
bird,bird,-9.904253,True,other
automobile,automobile,-10.335731,True,other
cat,cat,-10.508692,True,other
airplane,airplane,-9.771553,True,other
deer,deer,-9.575373,True,other
bird,bird,-5.222035,False,other
horse,horse,-7.0786896,True,other
ship,ship,-10.657721,True,other
cat,cat,-10.114339,True,other
automobile,automobile,-9.2701645,True,other
bird,bird,-10.008081,True,other
ship,ship,-9.915122,True,other
airplane,bird,-6.105481,True,other
ship,ship,-11.303645,True,other
cat,cat,-10.053836,True,other
dog,cat,-8.254641,True,other
bird,bird,-7.515421,True,other
deer,deer,-8.372857,True,other
automobile,automobile,-9.240137,True,other
ship,ship,-8.055622,True,other
truck,truck,-9.709447,True,other
automobile,automobile,-8.661379,True,other
bird,bird,-8.488314,True,other
truck,truck,-8.858334,True,other
horse,horse,-7.1961546,True,other
bird,bird,-10.221582,True,other
truck,truck,-4.724104,False,other
frog,frog,-8.144341,True,other
dog,dog,-9.218855,True,other
frog,frog,-9.090241,True,other
cat,cat,-10.226524,True,other
ship,ship,-9.543928,True,other
horse,horse,-7.317532,True,other
frog,frog,-8.591736,True,other
bird,frog,-6.2815676,True,other
dog,dog,-8.075916,True,other
bird,bird,-10.052073,True,other
ship,ship,-9.617582,True,other
truck,truck,-9.524647,True,other
frog,frog,-10.373617,True,other
airplane,airplane,-9.300671,True,other
airplane,airplane,-10.379773,True,other
dog,dog,-8.4912615,True,other
bird,bird,-9.185083,True,other
truck,truck,-8.760851,True,other
dog,cat,-7.1644526,True,other
deer,deer,-8.470685,True,other
bird,bird,-9.417089,True,other
automobile,automobile,-8.941446,True,other
frog,frog,-7.9544415,True,other
frog,frog,-8.918503,True,other
ship,airplane,-7.0218186,True,other
deer,deer,-4.6582046,False,other
ship,ship,-9.375593,True,other
deer,deer,-10.466953,True,other
dog,dog,-9.5218315,True,other
airplane,airplane,-5.292187,False,other
truck,truck,-8.029087,True,other
truck,truck,-9.498688,True,other
truck,truck,-10.123115,True,other
ship,ship,-9.529272,True,other
truck,truck,-8.892523,True,other
truck,truck,-9.149883,True,other
cat,cat,-10.340014,True,other
horse,horse,-10.014025,True,other
dog,cat,-7.5730677,True,other
airplane,airplane,-10.300359,True,other
airplane,airplane,-7.934742,True,other
dog,dog,-9.391877,True,other
bird,bird,-10.208429,True,other
bird,bird,-9.412239,True,other
cat,cat,-11.380926,True,other
ship,ship,-9.26123,True,other
frog,frog,-10.332676,True,other
cat,cat,-9.54613,True,other
deer,deer,-3.1758304,False,other
airplane,airplane,-8.077156,True,other
dog,dog,-9.135575,True,other
ship,ship,-7.7946324,True,other
airplane,airplane,-7.866653,True,other
automobile,automobile,-10.361487,True,other
horse,horse,-7.545123,True,other
bird,bird,-5.9427366,True,other
ship,ship,-9.732911,True,other
ship,ship,-6.0216055,True,other
horse,horse,-10.266099,True,other
ship,ship,-10.100714,True,other
dog,dog,-11.21381,True,other
automobile,automobile,-9.427032,True,other
ship,ship,-10.110534,True,other
horse,horse,-7.3778067,True,other
automobile,automobile,-10.093681,True,other
cat,cat,-9.447703,True,other
airplane,airplane,-7.59027,True,other
dog,dog,-11.315684,True,other
horse,horse,-9.824683,True,other
truck,truck,-9.0385,True,other
horse,horse,-9.80583,True,other
deer,deer,-8.262235,True,other
dog,dog,-11.168825,True,other
truck,truck,-7.327466,True,other
ship,ship,-7.9595084,True,other
airplane,airplane,-8.454663,True,other
horse,horse,-9.242833,True,other
truck,truck,-9.723513,True,other
ship,ship,-6.621687,True,other
bird,bird,-8.902876,True,other
horse,horse,-9.111454,True,other
frog,frog,-6.617286,True,other
truck,truck,-8.960688,True,other
deer,deer,-7.609624,True,other
cat,cat,-9.64606,True,other
truck,truck,-10.0390415,True,other
frog,dog,-4.6793776,False,other
deer,deer,-9.582743,True,other
horse,horse,-6.3449144,True,other
frog,frog,-7.460249,True,other
dog,dog,-9.495126,True,other
automobile,automobile,-9.914505,True,other
dog,dog,-9.620996,True,other
ship,ship,-8.169323,True,other
ship,ship,-10.460693,True,other
airplane,airplane,-9.540465,True,other
deer,deer,-8.701483,True,other
airplane,airplane,-6.7377453,True,other
dog,dog,-10.555739,True,other
dog,dog,-12.1079235,True,other
automobile,automobile,-10.285093,True,other
automobile,automobile,-7.387491,True,other
ship,ship,-7.046679,True,other
truck,truck,-9.760935,True,other
airplane,airplane,-10.497373,True,other
cat,cat,-7.4633994,True,other
automobile,automobile,-10.162977,True,other
truck,truck,-7.755705,True,other
bird,bird,-10.905806,True,other
bird,airplane,-6.56558,True,other
dog,dog,-9.291303,True,other
cat,cat,-9.699343,True,other
truck,truck,-9.199266,True,other
truck,truck,-11.479311,True,other
deer,deer,-8.840666,True,other
airplane,airplane,-9.829881,True,other
cat,cat,-9.195199,True,other
airplane,airplane,-10.559095,True,other
airplane,airplane,-6.8711247,True,other
truck,truck,-7.66434,True,other
ship,ship,-10.300667,True,other
automobile,automobile,-8.992966,True,other
dog,dog,-9.240811,True,other
horse,horse,-7.375041,True,other
airplane,ship,-6.4514403,True,other
ship,ship,-7.898809,True,other
bird,bird,-6.8061714,True,other
deer,deer,-9.813617,True,other
horse,horse,-9.6875925,True,other
airplane,airplane,-8.005379,True,other
bird,bird,-10.412481,True,other
cat,dog,-5.997701,True,other
frog,frog,-11.902843,True,other
cat,cat,-10.397359,True,other
ship,ship,-9.446232,True,other
dog,cat,-6.7229114,True,other
airplane,airplane,-10.249662,True,other
cat,cat,-5.638009,False,other
deer,deer,-9.764601,True,other
cat,cat,-9.022509,True,other
truck,truck,-8.433992,True,other
airplane,airplane,-6.8464837,True,other
frog,frog,-10.337332,True,other
automobile,automobile,-8.791204,True,other
airplane,airplane,-6.7691073,True,other
truck,truck,-9.007032,True,other
automobile,automobile,-8.069881,True,other
airplane,ship,-3.9910328,False,other
horse,horse,-7.835762,True,other
truck,truck,-9.459829,True,other
automobile,automobile,-10.49951,True,other
bird,bird,-9.672051,True,other
frog,frog,-8.313382,True,other
truck,automobile,-6.87237,True,other
cat,cat,-9.782946,True,other
deer,deer,-5.286233,False,other
frog,frog,-9.322411,True,other
airplane,airplane,-9.432616,True,other
airplane,airplane,-10.065753,True,other
frog,frog,-10.577269,True,other
frog,frog,-10.121098,True,other
frog,frog,-10.521845,True,other
cat,cat,-9.150951,True,other
bird,bird,-9.964115,True,other
frog,frog,-9.225177,True,other
automobile,automobile,-9.563384,True,other
ship,ship,-6.4191074,True,other
bird,bird,-10.5588665,True,other
automobile,automobile,-6.150481,True,other
frog,frog,-7.718219,True,other
ship,ship,-10.241821,True,other
frog,frog,-9.294794,True,other
ship,airplane,-7.0900598,True,other
airplane,airplane,-6.858113,True,other
deer,deer,-8.432234,True,other
airplane,airplane,-8.980021,True,other
horse,horse,-10.218283,True,other
horse,horse,-10.502106,True,other
dog,dog,-9.63445,True,other
dog,dog,-11.055473,True,other
cat,cat,-9.492149,True,other
dog,dog,-10.292515,True,other
bird,bird,-10.747799,True,other
cat,cat,-8.13354,True,other
deer,deer,-8.785894,True,other
automobile,automobile,-10.467381,True,other
horse,horse,-9.242012,True,other
dog,dog,-9.820535,True,other
deer,deer,-10.022104,True,other
frog,frog,-9.367425,True,other
automobile,automobile,-8.497067,True,other
truck,truck,-9.5076475,True,other
cat,cat,-8.44149,True,other
frog,frog,-9.723909,True,other
frog,frog,-9.304235,True,other
truck,truck,-10.002084,True,other
cat,cat,-9.398856,True,other
ship,ship,-9.202414,True,other
airplane,airplane,-8.154767,True,other
horse,horse,-8.87449,True,other
bird,bird,-8.319843,True,other
frog,frog,-6.757349,True,other
bird,bird,-8.628795,True,other
dog,dog,-8.138137,True,other
ship,ship,-9.305471,True,other
dog,dog,-10.586932,True,other
deer,deer,-10.7852335,True,other
frog,frog,-7.627926,True,other
ship,ship,-9.400871,True,other
truck,truck,-9.29735,True,other
truck,truck,-8.623822,True,other
automobile,automobile,-10.792866,True,other
airplane,airplane,-6.0583386,True,other
bird,bird,-9.568068,True,other
bird,bird,-10.81809,True,other
horse,deer,-3.0097659,False,other
cat,cat,-5.4217463,False,other
bird,bird,-6.4531937,True,other
ship,ship,-9.823896,True,other
airplane,airplane,-8.596244,True,other
truck,truck,-9.42894,True,other
dog,dog,-9.341246,True,other
ship,ship,-9.457394,True,other
automobile,automobile,-9.11092,True,other
truck,truck,-8.945734,True,other
deer,deer,-8.412298,True,other
automobile,automobile,-9.538037,True,other
cat,cat,-9.694701,True,other
ship,ship,-8.034366,True,other
automobile,automobile,-9.780615,True,other
deer,deer,-5.7195606,False,other
horse,horse,-8.754455,True,other
truck,truck,-10.312743,True,other
deer,deer,-8.901995,True,other
bird,bird,-10.747135,True,other
horse,horse,-9.46817,True,other
airplane,airplane,-6.626848,True,other
horse,horse,-7.86226,True,other
airplane,ship,-6.798693,True,other
frog,frog,-9.751097,True,other
frog,frog,-8.996794,True,other
truck,truck,-10.273964,True,other
airplane,airplane,-9.245709,True,other
truck,truck,-10.02196,True,other
bird,dog,-10.680829,True,other
ship,ship,-8.039204,True,other
horse,horse,-9.48674,True,other
bird,bird,-9.809277,True,other
bird,bird,-8.993813,True,other
dog,dog,-8.411393,True,other
automobile,automobile,-9.932186,True,other
bird,bird,-8.935178,True,other
frog,frog,-9.483169,True,other
bird,bird,-9.28946,True,other
truck,truck,-9.066982,True,other
frog,frog,-10.334058,True,other
bird,bird,-6.324257,True,other
cat,cat,-10.994368,True,other
airplane,airplane,-9.343726,True,other
cat,cat,-7.7939653,True,other
truck,truck,-10.329096,True,other
ship,ship,-8.0671625,True,other
horse,horse,-10.54647,True,other
ship,ship,-9.531225,True,other
ship,ship,-9.787061,True,other
deer,cat,-5.730256,True,other
airplane,airplane,-9.508191,True,other
automobile,automobile,-10.0499735,True,other
ship,ship,-10.68956,True,other
bird,bird,-9.054714,True,other
horse,horse,-8.653387,True,other
truck,truck,-8.409912,True,other
cat,dog,-6.9387054,True,other
frog,frog,-7.927236,True,other
automobile,automobile,-9.447066,True,other
truck,truck,-9.976488,True,other
airplane,airplane,-6.452014,True,other
horse,horse,-8.02864,True,other
cat,cat,-8.209596,True,other
horse,horse,-9.030729,True,other
deer,deer,-10.436711,True,other
dog,dog,-8.662466,True,other
airplane,ship,-9.290646,True,other
airplane,airplane,-9.110784,True,other
bird,bird,-10.257263,True,other
truck,truck,-9.802734,True,other
cat,frog,-5.107301,False,other
deer,deer,-10.624754,True,other
airplane,airplane,-6.90206,True,other
frog,frog,-7.7683225,True,other
bird,bird,-10.278009,True,other
dog,dog,-8.959506,True,other
cat,cat,-8.696563,True,other
horse,horse,-6.3262186,True,other
cat,cat,-10.098858,True,other
horse,horse,-8.702922,True,other
bird,bird,-11.58539,True,other
dog,dog,-10.021992,True,other
cat,cat,-10.083346,True,other
automobile,automobile,-5.565245,False,other
automobile,automobile,-9.8158245,True,other
deer,deer,-8.644685,True,other
truck,truck,-9.459982,True,other
truck,truck,-9.072953,True,other
dog,dog,-10.316731,True,other
horse,horse,-11.482801,True,other
dog,dog,-9.863992,True,other
airplane,airplane,-7.1649,True,other
bird,bird,-10.360748,True,other
bird,bird,-9.596596,True,other
bird,bird,-9.50425,True,other
truck,truck,-11.45714,True,other
horse,horse,-8.92213,True,other
cat,cat,-9.73431,True,other
truck,truck,-8.7940235,True,other
deer,deer,-9.615627,True,other
cat,deer,-6.4684477,True,other
dog,dog,-7.6733003,True,other
deer,deer,-7.0890846,True,other
frog,frog,-6.5867105,True,other
dog,dog,-8.178751,True,other
frog,frog,-9.573076,True,other
automobile,automobile,-10.685968,True,other
deer,deer,-7.450491,True,other
cat,cat,-9.520858,True,other
deer,deer,-10.6075325,True,other
deer,deer,-9.834559,True,other
cat,cat,-10.09142,True,other
horse,horse,-9.620955,True,other
ship,ship,-10.041296,True,other
cat,dog,-6.0590897,True,other
horse,horse,-8.00763,True,other
ship,ship,-9.492718,True,other
airplane,airplane,-7.5340905,True,other
dog,dog,-8.633342,True,other
horse,horse,-9.499304,True,other
frog,frog,-8.409327,True,other
airplane,airplane,-9.646256,True,other
dog,cat,-7.5646806,True,other
deer,deer,-8.18511,True,other
ship,ship,-7.7409987,True,other
frog,frog,-7.55706,True,other
ship,ship,-8.806978,True,other
dog,dog,-6.11279,True,other
dog,dog,-9.46419,True,other
truck,truck,-6.192686,True,other
truck,truck,-8.938543,True,other
truck,truck,-9.300533,True,other
dog,dog,-11.15227,True,other
airplane,airplane,-7.539046,True,other
automobile,automobile,-9.226986,True,other
airplane,airplane,-8.888378,True,other
ship,ship,-9.193489,True,other
automobile,automobile,-9.036764,True,other
automobile,automobile,-9.254175,True,other
ship,ship,-10.274088,True,other
airplane,airplane,-6.8643866,True,other
bird,bird,-6.085648,True,other
bird,bird,-8.43224,True,other
airplane,airplane,-9.882701,True,other
deer,deer,-9.912778,True,other
frog,frog,-9.112208,True,other
dog,dog,-10.594205,True,other
deer,deer,-8.54347,True,other
truck,truck,-9.052604,True,other
deer,deer,-8.818693,True,other
horse,horse,-9.381428,True,other
truck,truck,-9.351379,True,other
truck,truck,-8.983301,True,other
deer,deer,-9.871962,True,other
dog,dog,-8.860845,True,other
frog,frog,-9.23019,True,other
frog,frog,-9.245473,True,other
automobile,automobile,-10.46719,True,other
dog,dog,-9.107624,True,other
cat,cat,-10.406465,True,other
ship,ship,-10.169103,True,other
truck,truck,-10.057167,True,other
dog,dog,-9.564321,True,other
ship,ship,-8.15266,True,other
dog,dog,-9.200723,True,other
horse,horse,-8.689677,True,other
airplane,airplane,-10.89495,True,other
horse,horse,-10.555101,True,other
airplane,airplane,-9.609018,True,other
dog,dog,-8.776807,True,other
airplane,airplane,-8.824985,True,other
airplane,airplane,-9.810057,True,other
deer,deer,-8.537903,True,other
frog,frog,-9.545132,True,other
truck,truck,-9.816412,True,other
airplane,airplane,-3.2359624,False,other
truck,truck,-8.451416,True,other
dog,dog,-8.6317835,True,other
frog,frog,-9.39883,True,other
frog,frog,-10.776399,True,other
frog,frog,-8.610289,True,other
bird,bird,-7.5095925,True,other
truck,truck,-9.15168,True,other
airplane,airplane,-9.708659,True,other
automobile,automobile,-8.690321,True,other
horse,horse,-9.045991,True,other
frog,frog,-8.127365,True,other
horse,horse,-9.000736,True,other
dog,dog,-8.6842375,True,other
truck,truck,-9.401795,True,other
automobile,automobile,-9.224911,True,other
frog,frog,-10.743263,True,other
bird,bird,-8.734758,True,other
dog,dog,-9.296011,True,other
dog,dog,-8.705691,True,other
dog,dog,-6.0661855,True,other
ship,ship,-9.528651,True,other
dog,dog,-11.494346,True,other
truck,truck,-10.010042,True,other
deer,deer,-9.071661,True,other
frog,frog,-9.34804,True,other
deer,deer,-8.133812,True,other
cat,cat,-9.703006,True,other
bird,bird,-8.753513,True,other
airplane,airplane,-8.933122,True,other
horse,horse,-9.579616,True,other
frog,cat,-8.792099,True,other
bird,bird,-9.223546,True,other
bird,bird,-9.384581,True,other
cat,cat,-9.89173,True,other
truck,truck,-10.365591,True,other
horse,horse,-7.6915426,True,other
truck,truck,-8.82876,True,other
bird,bird,-8.344452,True,other
frog,frog,-9.633787,True,other
horse,horse,-10.016925,True,other
automobile,automobile,-8.438608,True,other
cat,cat,-9.355264,True,other
frog,frog,-9.056965,True,other
frog,frog,-10.744398,True,other
ship,ship,-10.141621,True,other
truck,truck,-6.9838552,True,other
horse,horse,-9.857226,True,other
dog,dog,-7.8347487,True,other
deer,deer,-8.292919,True,other
airplane,airplane,-8.244229,True,other
ship,ship,-8.717494,True,other
deer,deer,-7.052756,True,other
airplane,airplane,-9.181104,True,other
truck,truck,-10.213331,True,other
cat,cat,-9.417409,True,other
deer,deer,-10.405169,True,other
ship,ship,-9.666966,True,other
truck,truck,-9.716742,True,other
frog,frog,-9.474519,True,other
truck,truck,-9.023487,True,other
bird,bird,-9.100962,True,other
frog,frog,-8.825458,True,other
automobile,automobile,-9.953365,True,other
deer,deer,-9.67565,True,other
horse,horse,-9.781905,True,other
cat,cat,-7.231032,True,other
dog,dog,-4.000218,False,other
cat,cat,-8.789472,True,other
ship,ship,-10.248719,True,other
dog,dog,-9.365788,True,other
airplane,airplane,-10.701133,True,other
bird,bird,-10.108639,True,other
automobile,automobile,-9.369902,True,other
frog,frog,-8.239853,True,other
deer,deer,-9.241858,True,other
cat,dog,-5.2730365,False,other
cat,cat,-9.630383,True,other
truck,truck,-9.552536,True,other
frog,frog,-10.471136,True,other
truck,truck,-8.877367,True,other
ship,ship,-9.371944,True,other
ship,ship,-9.925899,True,other
dog,dog,-9.481877,True,other
ship,ship,-8.253727,True,other
frog,frog,-7.9536943,True,other
frog,frog,-9.256836,True,other
bird,bird,-7.308931,True,other
automobile,automobile,-8.95032,True,other
horse,horse,-7.8741417,True,other
horse,horse,-7.2701025,True,other
automobile,automobile,-9.65547,True,other
bird,bird,-5.6759157,False,other
horse,horse,-8.789076,True,other
truck,truck,-10.031197,True,other
truck,truck,-9.555106,True,other
deer,deer,-9.27194,True,other
deer,deer,-8.759206,True,other
automobile,automobile,-10.579487,True,other
bird,bird,-10.162209,True,other
dog,dog,-9.399278,True,other
frog,frog,-8.400541,True,other
ship,ship,-8.694786,True,other
horse,horse,-9.758567,True,other
frog,frog,-9.738748,True,other
ship,ship,-10.084639,True,other
cat,cat,-4.1377177,False,other
airplane,airplane,-9.7716055,True,other
dog,dog,-7.0405345,True,other
dog,cat,-6.6802945,True,other
cat,cat,-9.418208,True,other
airplane,airplane,-9.560563,True,other
horse,horse,-9.261993,True,other
truck,truck,-9.307453,True,other
automobile,automobile,-8.09576,True,other
cat,cat,-9.439933,True,other
deer,deer,-9.868055,True,other
deer,deer,-9.263878,True,other
dog,dog,-10.211159,True,other
cat,cat,-8.72281,True,other
truck,truck,-9.593769,True,other
dog,dog,-10.730167,True,other
frog,frog,-10.874208,True,other
truck,truck,-10.861726,True,other
bird,bird,-9.372379,True,other
automobile,automobile,-9.821293,True,other
automobile,automobile,-10.639042,True,other
deer,deer,-9.523791,True,other
automobile,automobile,-8.913734,True,other
truck,truck,-9.800807,True,other
deer,deer,-8.619755,True,other
horse,horse,-9.919362,True,other
frog,frog,-7.101847,True,other
cat,cat,-9.107389,True,other
ship,airplane,-10.370433,True,other
truck,truck,-10.143288,True,other
airplane,airplane,-9.453212,True,other
automobile,automobile,-9.257563,True,other
cat,cat,-8.916193,True,other
frog,frog,-9.03825,True,other
cat,cat,-8.485309,True,other
frog,bird,-2.2568011,False,other
cat,cat,-8.610376,True,other
bird,bird,-9.857164,True,other
airplane,airplane,-6.221347,True,other
cat,cat,-8.463016,True,other
automobile,automobile,-9.402377,True,other
airplane,airplane,-7.1451764,True,other
dog,dog,-10.087254,True,other
truck,automobile,-6.9524665,True,other
frog,frog,-10.07066,True,other
deer,deer,-7.4013414,True,other
ship,airplane,-6.4557285,True,other
truck,truck,-10.057186,True,other
frog,frog,-5.6545434,False,other
truck,truck,-9.624451,True,other
frog,frog,-9.39664,True,other
cat,cat,-8.886439,True,other
airplane,airplane,-4.330159,False,other
cat,cat,-8.408593,True,other
bird,bird,-6.646556,True,other
bird,bird,-9.195343,True,other
horse,horse,-9.89639,True,other
ship,ship,-8.837166,True,other
cat,cat,-9.725379,True,other
ship,ship,-10.047719,True,other
bird,bird,-8.170385,True,other
horse,horse,-9.474571,True,other
dog,dog,-7.824183,True,other
horse,horse,-9.645496,True,other
bird,bird,-8.543244,True,other
deer,deer,-8.5925865,True,other
ship,ship,-10.564417,True,other
horse,horse,-9.594899,True,other
deer,deer,-9.926228,True,other
bird,bird,-8.940838,True,other
truck,truck,-10.7216835,True,other
ship,ship,-10.084412,True,other
ship,ship,-8.38659,True,other
frog,frog,-7.0300584,True,other
ship,ship,-7.8632164,True,other
ship,ship,-9.339506,True,other
horse,horse,-11.2467165,True,other
deer,deer,-9.699537,True,other
cat,cat,-6.890125,True,other
cat,cat,-9.869761,True,other
ship,ship,-7.144594,True,other
deer,deer,-10.292936,True,other
truck,truck,-9.97261,True,other
deer,deer,-9.267506,True,other
ship,ship,-9.085771,True,other
ship,ship,-10.23835,True,other
automobile,automobile,-9.321999,True,other
ship,ship,-9.625069,True,other
bird,ship,-3.3419151,False,other
automobile,automobile,-10.040043,True,other
cat,bird,-6.7740726,True,other
frog,frog,-7.4341483,True,other
dog,dog,-9.767905,True,other
deer,deer,-7.0896873,True,other
bird,bird,-9.110632,True,other
horse,horse,-8.801552,True,other
truck,truck,-7.7619843,True,other
truck,automobile,-7.4507284,True,other
deer,deer,-9.173644,True,other
automobile,automobile,-9.290522,True,other
deer,deer,-8.512813,True,other
automobile,automobile,-9.864293,True,other
cat,dog,-7.694769,True,other
bird,bird,-6.935173,True,other
horse,horse,-11.043021,True,other
airplane,airplane,-10.595899,True,other
horse,horse,-9.266532,True,other
truck,truck,-10.154349,True,other
horse,horse,-10.471013,True,other
frog,frog,-10.158505,True,other
frog,frog,-10.114711,True,other
bird,bird,-9.509972,True,other
dog,dog,-11.10957,True,other
truck,truck,-9.061537,True,other
bird,bird,-7.390971,True,other
truck,truck,-10.655608,True,other
automobile,automobile,-9.280837,True,other
bird,bird,-7.7428083,True,other
bird,bird,-10.367054,True,other
frog,frog,-8.549078,True,other
ship,ship,-8.881315,True,other
bird,bird,-10.166393,True,other
automobile,automobile,-9.717548,True,other
cat,dog,-7.2082186,True,other
frog,frog,-9.425429,True,other
frog,frog,-11.378157,True,other
airplane,airplane,-10.833539,True,other
automobile,automobile,-8.718543,True,other
bird,bird,-8.764088,True,other
horse,horse,-9.905812,True,other
airplane,airplane,-7.1903434,True,other
dog,dog,-11.184394,True,other
deer,deer,-9.467941,True,other
frog,cat,-5.0666175,False,other
automobile,automobile,-5.410165,False,other
frog,frog,-10.53471,True,other
deer,deer,-8.203403,True,other
airplane,airplane,-9.652209,True,other
bird,bird,-4.645073,False,other
bird,dog,-6.5342655,True,other
frog,frog,-9.062149,True,other
airplane,airplane,-9.118968,True,other
dog,dog,-7.571159,True,other
truck,truck,-9.183405,True,other
automobile,automobile,-10.943539,True,other
horse,horse,-10.580384,True,other
frog,frog,-9.484638,True,other
horse,horse,-9.215907,True,other
airplane,airplane,-10.467418,True,other
cat,cat,-7.169561,True,other
truck,truck,-8.29063,True,other
frog,frog,-9.212629,True,other
ship,ship,-8.33279,True,other
cat,cat,-6.8696585,True,other
airplane,airplane,-11.957893,True,other
cat,dog,-6.646864,True,other
deer,dog,-6.0616603,True,other
horse,horse,-10.224753,True,other
horse,horse,-8.099838,True,other
automobile,deer,-2.9938195,False,other
deer,deer,-10.813659,True,other
horse,horse,-8.464331,True,other
bird,bird,-8.321645,True,other
horse,horse,-9.793272,True,other
automobile,automobile,-9.702724,True,other
deer,deer,-9.690916,True,other
horse,horse,-10.387513,True,other
deer,deer,-8.726281,True,other
deer,deer,-7.4536686,True,other
ship,ship,-10.114229,True,other
deer,deer,-9.479119,True,other
horse,horse,-8.328397,True,other
horse,horse,-7.468608,True,other
dog,bird,-6.3982034,True,other
cat,dog,-8.6871195,True,other
horse,horse,-9.98064,True,other
bird,bird,-7.417568,True,other
airplane,airplane,-7.785794,True,other
ship,ship,-9.9137335,True,other
truck,truck,-9.138252,True,other
dog,dog,-8.22218,True,other
ship,ship,-7.700497,True,other
cat,cat,-11.060457,True,other
frog,frog,-11.601763,True,other
bird,bird,-9.123539,True,other
airplane,airplane,-10.036996,True,other
ship,ship,-9.587078,True,other
horse,horse,-9.694635,True,other
cat,cat,-9.653394,True,other
horse,horse,-11.318633,True,other
frog,frog,-9.91466,True,other
dog,dog,-9.247737,True,other
cat,cat,-10.66999,True,other
automobile,automobile,-9.036345,True,other
cat,cat,-6.633243,True,other
bird,bird,-9.371421,True,other
bird,bird,-8.587524,True,other
dog,dog,-10.567941,True,other
deer,deer,-5.557983,False,other
automobile,automobile,-6.032816,True,other
bird,bird,-9.424589,True,other
truck,truck,-9.561544,True,other
bird,bird,-7.998144,True,other
horse,horse,-9.210186,True,other
airplane,airplane,-9.088386,True,other
horse,horse,-9.588309,True,other
bird,bird,-7.4680676,True,other
automobile,automobile,-8.672411,True,other
cat,cat,-5.984213,True,other
bird,bird,-10.3525505,True,other
airplane,airplane,-11.541795,True,other
bird,bird,-9.704984,True,other
deer,deer,-9.454364,True,other
horse,dog,-6.708209,True,other
truck,truck,-9.102368,True,other
ship,ship,-11.597913,True,other
truck,automobile,-8.047671,True,other
airplane,airplane,-9.357788,True,other
horse,horse,-11.053679,True,other
horse,horse,-9.439416,True,other
airplane,airplane,-9.340114,True,other
horse,horse,-9.461696,True,other
ship,ship,-11.182847,True,other
deer,deer,-7.979845,True,other
frog,frog,-9.682454,True,other
cat,cat,-8.637994,True,other
cat,cat,-9.51553,True,other
airplane,airplane,-10.078898,True,other
automobile,automobile,-8.612875,True,other
cat,cat,-9.600575,True,other
horse,horse,-9.571705,True,other
airplane,airplane,-8.559207,True,other
automobile,automobile,-7.8961177,True,other
cat,cat,-9.2562475,True,other
automobile,automobile,-9.470565,True,other
deer,deer,-10.04595,True,other
bird,bird,-9.215069,True,other
cat,cat,-8.983597,True,other
ship,ship,-10.806818,True,other
deer,deer,-9.589742,True,other
bird,bird,-7.9111586,True,other
cat,cat,-9.299834,True,other
horse,horse,-10.056005,True,other
ship,ship,-9.713916,True,other
deer,deer,-7.13842,True,other
cat,airplane,-3.6621583,False,other
airplane,airplane,-9.59113,True,other
truck,truck,-8.726467,True,other
airplane,airplane,-10.521111,True,other
airplane,airplane,-11.571265,True,other
automobile,automobile,-8.913867,True,other
airplane,ship,-5.504541,False,other
deer,deer,-9.926701,True,other
deer,deer,-8.366155,True,other
frog,frog,-9.251441,True,other
horse,horse,-8.162456,True,other
frog,frog,-6.9439645,True,other
automobile,automobile,-9.44384,True,other
automobile,automobile,-9.537815,True,other
cat,cat,-8.475648,True,other
horse,horse,-8.536491,True,other
cat,cat,-5.9456754,True,other
dog,dog,-9.453065,True,other
bird,deer,-4.6165204,False,other
frog,frog,-10.511699,True,other
frog,frog,-8.213008,True,other
dog,dog,-8.580593,True,other
ship,ship,-11.16647,True,other
horse,horse,-8.249694,True,other
automobile,automobile,-10.3855,True,other
frog,frog,-11.208143,True,other
ship,ship,-11.532488,True,other
ship,ship,-10.371623,True,other
dog,dog,-4.1399345,False,other
cat,cat,-9.211274,True,other
airplane,airplane,-7.9303513,True,other
deer,deer,-9.774883,True,other
airplane,airplane,-7.8753104,True,other
automobile,automobile,-9.005343,True,other
cat,cat,-6.7423625,True,other
ship,ship,-12.555557,True,other
ship,ship,-10.085978,True,other
airplane,airplane,-9.412957,True,other
frog,frog,-8.540746,True,other
truck,truck,-9.759343,True,other
truck,truck,-10.334079,True,other
truck,truck,-6.372261,True,other
dog,dog,-6.553218,True,other
dog,cat,-10.386145,True,other
ship,ship,-11.5186,True,other
frog,frog,-10.144684,True,other
airplane,airplane,-11.642114,True,other
airplane,airplane,-9.366521,True,other
deer,deer,-9.877786,True,other
bird,bird,-9.252827,True,other
cat,cat,-9.917548,True,other
bird,bird,-7.4982667,True,other
horse,horse,-8.626244,True,other
bird,bird,-9.562855,True,other
bird,bird,-9.65112,True,other
dog,dog,-12.526465,True,other
truck,truck,-9.312871,True,other
ship,ship,-9.549815,True,other
truck,truck,-10.235985,True,other
automobile,automobile,-7.2768655,True,other
horse,horse,-9.760767,True,other
deer,deer,-8.758356,True,other
airplane,airplane,-10.20937,True,other
cat,cat,-10.708364,True,other
airplane,airplane,-9.765048,True,other
automobile,automobile,-8.96443,True,other
cat,cat,-8.012705,True,other
ship,ship,-11.390938,True,other
cat,cat,-9.690686,True,other
truck,truck,-9.06741,True,other
frog,frog,-8.92128,True,other
automobile,automobile,-7.922041,True,other
deer,deer,-8.157349,True,other
horse,horse,-10.425754,True,other
airplane,bird,-9.323251,True,other
cat,cat,-9.146174,True,other
horse,horse,-8.667394,True,other
ship,ship,-10.360981,True,other
truck,truck,-9.623428,True,other
automobile,automobile,-9.711745,True,other
automobile,automobile,-10.128321,True,other
frog,frog,-9.196589,True,other
frog,frog,-10.719816,True,other
frog,frog,-7.0166826,True,other
frog,frog,-4.463631,False,other
truck,truck,-8.52573,True,other
automobile,automobile,-10.991306,True,other
truck,truck,-9.141941,True,other
truck,truck,-9.385994,True,other
deer,deer,-10.284073,True,other
bird,bird,-8.443906,True,other
automobile,automobile,-11.176348,True,other
horse,horse,-11.8989,True,other
airplane,airplane,-9.086533,True,other
frog,frog,-10.0353,True,other
ship,ship,-10.362663,True,other
automobile,automobile,-8.34104,True,other
truck,truck,-10.205509,True,other
bird,bird,-11.003292,True,other
truck,truck,-9.524215,True,other
airplane,cat,-3.4545307,False,other
deer,deer,-10.311382,True,other
horse,horse,-9.445835,True,other
ship,ship,-9.884591,True,other
cat,cat,-9.686617,True,other
automobile,automobile,-9.973692,True,other
bird,bird,-10.195868,True,other
airplane,airplane,-8.035291,True,other
automobile,automobile,-10.022396,True,other
dog,dog,-9.872682,True,other
ship,ship,-9.773071,True,other
deer,horse,-5.9517503,True,other
frog,frog,-6.7328753,True,other
cat,cat,-10.831498,True,other
ship,ship,-9.967655,True,other
automobile,automobile,-8.259631,True,other
cat,cat,-8.459836,True,other
ship,ship,-9.036836,True,other
dog,dog,-9.425944,True,other
airplane,ship,-5.4691496,False,other
ship,ship,-8.28409,True,other
deer,deer,-8.021526,True,other
ship,ship,-10.977978,True,other
automobile,automobile,-8.052065,True,other
automobile,automobile,-9.618049,True,other
ship,ship,-8.616353,True,other
truck,truck,-11.013578,True,other
frog,frog,-9.307026,True,other
airplane,airplane,-9.461036,True,other
ship,ship,-9.594217,True,other
frog,frog,-10.004857,True,other
automobile,automobile,-10.030094,True,other
cat,cat,-9.66897,True,other
deer,deer,-8.771857,True,other
automobile,automobile,-9.030109,True,other
frog,frog,-9.281756,True,other
airplane,airplane,-8.122338,True,other
dog,dog,-8.306226,True,other
automobile,automobile,-9.982793,True,other
automobile,automobile,-8.284774,True,other
airplane,airplane,-7.8457165,True,other
airplane,airplane,-9.566095,True,other
cat,cat,-9.736882,True,other
dog,dog,-11.15775,True,other
airplane,airplane,-4.9253325,False,other
airplane,airplane,-9.468127,True,other
frog,frog,-9.788992,True,other
frog,frog,-9.941259,True,other
cat,cat,-10.744489,True,other
cat,cat,-7.8090568,True,other
frog,frog,-8.036886,True,other
cat,cat,-8.714063,True,other
frog,frog,-6.883211,True,other
frog,frog,-7.867211,True,other
airplane,airplane,-6.136577,True,other
horse,horse,-7.6674623,True,other
bird,bird,-8.906864,True,other
bird,bird,-8.789433,True,other
horse,cat,-5.9644294,True,other
dog,dog,-9.988879,True,other
dog,dog,-5.3562593,False,other
bird,bird,-6.260865,True,other
ship,ship,-8.597772,True,other
dog,dog,-11.078269,True,other
bird,bird,-9.1713915,True,other
automobile,automobile,-8.907835,True,other
automobile,automobile,-10.140642,True,other
deer,deer,-7.891753,True,other
cat,cat,-9.421995,True,other
bird,bird,-9.394304,True,other
airplane,airplane,-10.00335,True,other
cat,cat,-9.025119,True,other
automobile,automobile,-9.729626,True,other
dog,dog,-9.652223,True,other
cat,cat,-5.315842,False,other
horse,horse,-9.748134,True,other
frog,frog,-7.520077,True,other
ship,ship,-9.986227,True,other
truck,truck,-9.36187,True,other
automobile,automobile,-9.234824,True,other
frog,frog,-8.265066,True,other
deer,deer,-9.990476,True,other
truck,truck,-9.725143,True,other
cat,cat,-7.688279,True,other
truck,truck,-8.964756,True,other
airplane,airplane,-11.329528,True,other
truck,truck,-9.022919,True,other
frog,frog,-9.25086,True,other
cat,cat,-9.228292,True,other
frog,frog,-9.887352,True,other
airplane,ship,-7.6997724,True,other
horse,horse,-9.110577,True,other
cat,cat,-5.7905774,True,other
ship,ship,-9.910977,True,other
airplane,airplane,-8.4081,True,other
airplane,airplane,-9.741088,True,other
airplane,airplane,-10.062509,True,other
frog,frog,-8.22547,True,other
frog,frog,-7.9712176,True,other
frog,frog,-10.772019,True,other
truck,truck,-7.2243195,True,other
bird,bird,-8.998763,True,other
dog,dog,-9.553792,True,other
deer,deer,-7.7384014,True,other
deer,deer,-8.263737,True,other
frog,frog,-9.823922,True,other
cat,dog,-7.348001,True,other
frog,frog,-9.321332,True,other
airplane,airplane,-9.641072,True,other
ship,ship,-8.276268,True,other
frog,frog,-8.756649,True,other
airplane,airplane,-8.751539,True,other
frog,cat,-2.9363928,False,other
bird,bird,-5.880493,True,other
horse,horse,-9.029544,True,other
dog,dog,-8.292693,True,other
automobile,automobile,-9.2865925,True,other
bird,bird,-9.776339,True,other
horse,horse,-8.071949,True,other
ship,ship,-10.20131,True,other
ship,ship,-11.200132,True,other
airplane,airplane,-11.030877,True,other
truck,truck,-8.884748,True,other
deer,deer,-6.6057277,True,other
truck,truck,-10.090741,True,other
horse,horse,-10.5372,True,other
bird,bird,-9.509474,True,other
airplane,airplane,-9.452843,True,other
bird,bird,-8.341662,True,other
ship,ship,-7.919647,True,other
cat,cat,-8.862686,True,other
ship,ship,-8.892781,True,other
truck,truck,-9.815569,True,other
automobile,automobile,-9.713896,True,other
dog,dog,-9.06028,True,other
dog,dog,-9.48219,True,other
deer,horse,-7.226342,True,other
horse,horse,-9.511928,True,other
dog,dog,-9.796167,True,other
cat,cat,-9.85604,True,other
ship,ship,-9.088546,True,other
cat,cat,-8.446018,True,other
cat,cat,-9.279186,True,other
frog,frog,-10.57819,True,other
bird,bird,-9.382587,True,other
ship,ship,-9.3926525,True,other
deer,deer,-7.318015,True,other
cat,frog,-5.2949343,False,other
horse,horse,-8.074577,True,other
automobile,truck,-8.414436,True,other
bird,bird,-7.4512825,True,other
deer,deer,-10.300812,True,other
automobile,automobile,-8.941587,True,other
frog,frog,-10.350879,True,other
truck,truck,-10.19158,True,other
airplane,airplane,-3.0499551,False,other
dog,truck,-4.734462,False,other
ship,ship,-9.125001,True,other
frog,frog,-9.358629,True,other
automobile,automobile,-9.658205,True,other
ship,ship,-10.644096,True,other
frog,frog,-9.588655,True,other
automobile,automobile,-9.65765,True,other
deer,deer,-8.913969,True,other
bird,bird,-12.36071,True,other
frog,frog,-4.8094754,False,other
bird,bird,-8.508692,True,other
horse,horse,-10.346613,True,other
bird,horse,-4.294626,False,other
bird,bird,-9.446687,True,other
airplane,airplane,-9.49378,True,other
ship,ship,-11.58535,True,other
frog,frog,-10.433741,True,other
truck,truck,-6.699789,True,other
automobile,automobile,-8.984884,True,other
horse,horse,-8.145744,True,other
automobile,automobile,-8.46223,True,other
ship,ship,-10.818402,True,other
ship,ship,-9.232742,True,other
airplane,airplane,-9.307755,True,other
horse,horse,-9.380387,True,other
cat,horse,-6.17749,True,other
ship,ship,-8.9433775,True,other
airplane,airplane,-10.096287,True,other
cat,cat,-8.843199,True,other
deer,cat,-5.9013276,True,other
cat,cat,-11.69303,True,other
horse,horse,-9.368962,True,other
horse,horse,-8.102857,True,other
truck,truck,-9.242861,True,other
bird,bird,-4.430501,False,other
cat,cat,-8.552474,True,other
automobile,automobile,-8.870091,True,other
truck,truck,-8.948063,True,other
automobile,automobile,-9.350115,True,other
truck,truck,-7.0561113,True,other
frog,frog,-10.3589115,True,other
cat,cat,-10.510899,True,other
cat,cat,-9.410141,True,other
cat,frog,-4.7349343,False,other
automobile,automobile,-8.6380415,True,other
airplane,airplane,-9.638499,True,other
frog,frog,-10.309137,True,other
automobile,automobile,-9.44088,True,other
deer,deer,-7.990818,True,other
automobile,automobile,-10.345257,True,other
airplane,airplane,-9.767922,True,other
airplane,airplane,-7.6070013,True,other
automobile,automobile,-9.58439,True,other
automobile,automobile,-8.395487,True,other
frog,frog,-9.702471,True,other
dog,dog,-7.4537587,True,other
deer,deer,-9.142842,True,other
frog,frog,-8.593637,True,other
bird,bird,-9.027607,True,other
airplane,airplane,-9.497337,True,other
horse,horse,-9.08514,True,other
truck,truck,-9.338866,True,other
ship,ship,-9.607323,True,other
horse,horse,-8.843294,True,other
bird,bird,-10.323444,True,other
airplane,airplane,-6.9421873,True,other
frog,frog,-9.785953,True,other
ship,ship,-7.774297,True,other
automobile,automobile,-11.283371,True,other
deer,deer,-7.8453293,True,other
cat,cat,-10.099334,True,other
horse,horse,-10.651285,True,other
airplane,airplane,-6.307688,True,other
frog,frog,-8.546286,True,other
automobile,automobile,-9.912937,True,other
ship,ship,-9.433867,True,other
dog,dog,-9.803405,True,other
horse,horse,-10.421684,True,other
ship,ship,-10.394852,True,other
deer,deer,-5.16265,False,other
ship,ship,-10.941614,True,other
cat,cat,-8.886291,True,other
truck,truck,-9.510532,True,other
truck,truck,-11.573917,True,other
truck,truck,-7.1640997,True,other
ship,ship,-8.783361,True,other
horse,horse,-6.899458,True,other
frog,frog,-10.847174,True,other
frog,frog,-10.750486,True,other
cat,dog,-6.9440923,True,other
dog,dog,-5.9627743,True,other
automobile,automobile,-9.707629,True,other
dog,dog,-6.768538,True,other
truck,truck,-9.050614,True,other
automobile,automobile,-8.807306,True,other
deer,deer,-9.343162,True,other
automobile,automobile,-8.716367,True,other
dog,dog,-10.239483,True,other
horse,horse,-7.337122,True,other
airplane,airplane,-11.039028,True,other
automobile,automobile,-9.702466,True,other
dog,dog,-10.3181505,True,other
bird,bird,-8.718546,True,other
airplane,airplane,-9.732241,True,other
ship,ship,-9.847315,True,other
ship,ship,-8.041106,True,other
dog,dog,-8.996878,True,other
frog,frog,-8.523029,True,other
horse,horse,-10.697386,True,other
cat,cat,-6.1778827,True,other
bird,bird,-3.2913857,False,other
deer,deer,-7.7327137,True,other
horse,horse,-9.440928,True,other
bird,bird,-11.474739,True,other
dog,dog,-8.81064,True,other
ship,ship,-5.8167706,True,other
bird,bird,-7.514845,True,other
deer,deer,-10.407139,True,other
truck,truck,-10.06001,True,other
bird,bird,-8.095764,True,other
automobile,automobile,-10.022663,True,other
ship,ship,-8.306173,True,other
automobile,automobile,-8.971006,True,other
truck,truck,-9.692056,True,other
ship,ship,-9.625462,True,other
ship,ship,-6.568911,True,other
ship,ship,-10.537613,True,other
truck,truck,-8.333205,True,other
airplane,airplane,-9.337886,True,other
deer,deer,-9.3824625,True,other
cat,cat,-10.296206,True,other
cat,cat,-9.458127,True,other
automobile,automobile,-8.27909,True,other
ship,ship,-8.633254,True,other
deer,deer,-6.0999646,True,other
frog,frog,-9.876703,True,other
cat,cat,-9.29546,True,other
cat,cat,-11.478143,True,other
dog,dog,-9.149319,True,other
bird,bird,-6.2285156,True,other
bird,bird,-8.591053,True,other
ship,ship,-10.468645,True,other
cat,cat,-8.921505,True,other
ship,ship,-10.581646,True,other
truck,truck,-9.988966,True,other
dog,dog,-10.080823,True,other
ship,ship,-6.9076705,True,other
truck,truck,-9.7889805,True,other
ship,ship,-10.033943,True,other
truck,truck,-9.258684,True,other
automobile,automobile,-9.413824,True,other
frog,frog,-10.986729,True,other
dog,dog,-8.124074,True,other
truck,truck,-8.714055,True,other
deer,deer,-5.076667,False,other
deer,deer,-9.04917,True,other
ship,ship,-6.317138,True,other
airplane,airplane,-10.431921,True,other
horse,horse,-9.535903,True,other
bird,bird,-8.698029,True,other
truck,truck,-9.465505,True,other
horse,horse,-7.88068,True,other
deer,deer,-10.284375,True,other
automobile,automobile,-10.114756,True,other
frog,frog,-10.210917,True,other
deer,deer,-5.4372125,False,other
deer,ship,-5.935158,True,other
truck,truck,-9.8949375,True,other
automobile,automobile,-7.5259657,True,other
bird,bird,-10.981976,True,other
dog,dog,-11.741715,True,other
frog,frog,-8.147498,True,other
airplane,airplane,-9.983754,True,other
ship,ship,-9.141514,True,other
frog,frog,-9.317717,True,other
automobile,automobile,-9.550154,True,other
truck,truck,-11.116463,True,other
deer,deer,-7.5379486,True,other
dog,dog,-10.717536,True,other
truck,truck,-9.284741,True,other
dog,dog,-9.381143,True,other
airplane,airplane,-11.102574,True,other
horse,horse,-9.119746,True,other
bird,frog,-4.580892,False,other
airplane,airplane,-7.7551208,True,other
airplane,airplane,-7.7270722,True,other
deer,deer,-10.666165,True,other
bird,deer,-8.55773,True,other
frog,frog,-8.924962,True,other
frog,frog,-8.217972,True,other
dog,dog,-9.444013,True,other
dog,dog,-7.9085145,True,other
bird,bird,-11.158815,True,other
ship,ship,-10.835173,True,other
automobile,automobile,-10.043015,True,other
horse,horse,-8.302005,True,other
cat,cat,-5.5317545,False,other
automobile,automobile,-9.60461,True,other
deer,deer,-8.981768,True,other
dog,dog,-9.897498,True,other
frog,frog,-10.300794,True,other
dog,cat,-7.7966685,True,other
automobile,automobile,-9.14628,True,other
deer,deer,-10.423686,True,other
horse,horse,-8.535773,True,other
airplane,airplane,-9.951217,True,other
truck,truck,-7.00152,True,other
deer,deer,-9.824255,True,other
cat,cat,-9.955464,True,other
ship,ship,-9.95083,True,other
bird,bird,-8.346548,True,other
ship,ship,-9.633923,True,other
deer,deer,-8.5290785,True,other
horse,horse,-9.34236,True,other
bird,bird,-6.239896,True,other
cat,cat,-6.433758,True,other
automobile,automobile,-9.5554905,True,other
dog,cat,-6.73872,True,other
bird,bird,-9.562687,True,other
truck,truck,-8.875422,True,other
ship,ship,-7.7801304,True,other
truck,truck,-9.724195,True,other
horse,horse,-8.9944935,True,other
truck,truck,-9.988297,True,other
dog,dog,-8.950239,True,other
automobile,automobile,-9.466425,True,other
deer,deer,-8.044682,True,other
airplane,airplane,-10.730269,True,other
ship,ship,-9.339845,True,other
bird,bird,-6.8998957,True,other
cat,cat,-9.758182,True,other
ship,ship,-8.508995,True,other
truck,truck,-6.4642353,True,other
automobile,automobile,-10.318745,True,other
automobile,automobile,-9.123726,True,other
cat,cat,-7.812738,True,other
bird,bird,-9.039989,True,other
deer,deer,-9.257437,True,other
truck,truck,-9.903137,True,other
cat,cat,-8.81236,True,other
automobile,automobile,-9.058025,True,other
horse,horse,-7.8793316,True,other
deer,deer,-8.942163,True,other
frog,frog,-7.4539585,True,other
bird,bird,-8.907311,True,other
ship,ship,-9.888235,True,other
truck,truck,-8.776577,True,other
dog,dog,-9.762026,True,other
cat,cat,-8.767605,True,other
truck,truck,-9.695391,True,other
dog,dog,-9.749121,True,other
dog,dog,-11.309781,True,other
frog,frog,-8.587289,True,other
horse,cat,-6.6612306,True,other
bird,bird,-10.02593,True,other
deer,deer,-5.6070986,False,other
frog,frog,-5.2775636,False,other
cat,cat,-10.610232,True,other
automobile,automobile,-10.998613,True,other
airplane,airplane,-9.681984,True,other
horse,horse,-10.033573,True,other
bird,bird,-6.240941,True,other
dog,dog,-10.154429,True,other
deer,deer,-10.307238,True,other
horse,horse,-8.426193,True,other
frog,deer,-6.278537,True,other
automobile,automobile,-9.578029,True,other
automobile,automobile,-10.41201,True,other
truck,truck,-9.406386,True,other
ship,ship,-9.494578,True,other
automobile,automobile,-8.888532,True,other
airplane,airplane,-10.02616,True,other
automobile,automobile,-9.38111,True,other
cat,cat,-8.80306,True,other
automobile,automobile,-9.50335,True,other
automobile,automobile,-9.599142,True,other
automobile,automobile,-8.911362,True,other
horse,horse,-8.518352,True,other
cat,cat,-8.893826,True,other
truck,truck,-9.437571,True,other
frog,frog,-9.842488,True,other
ship,ship,-9.072722,True,other
deer,deer,-8.99004,True,other
frog,frog,-10.767733,True,other
ship,ship,-5.876141,True,other
deer,deer,-9.809251,True,other
truck,truck,-9.384632,True,other
deer,deer,-8.905514,True,other
horse,horse,-9.591048,True,other
truck,truck,-8.680694,True,other
horse,horse,-9.86139,True,other
frog,frog,-8.607433,True,other
ship,ship,-10.18545,True,other
deer,deer,-9.65303,True,other
truck,truck,-9.753533,True,other
horse,horse,-8.889872,True,other
airplane,airplane,-11.042145,True,other
automobile,automobile,-7.685489,True,other
frog,frog,-7.869268,True,other
automobile,automobile,-9.356277,True,other
dog,dog,-8.214087,True,other
truck,automobile,-7.443713,True,other
airplane,airplane,-9.145566,True,other
deer,deer,-9.849812,True,other
cat,dog,-6.401513,True,other
deer,deer,-9.318309,True,other
automobile,automobile,-10.783745,True,other
cat,cat,-9.013824,True,other
airplane,airplane,-9.417183,True,other
ship,ship,-9.700523,True,other
deer,deer,-9.942699,True,other
frog,frog,-9.55512,True,other
bird,bird,-8.523912,True,other
bird,bird,-10.670784,True,other
frog,frog,-7.955534,True,other
dog,dog,-6.4370217,True,other
cat,cat,-6.8236156,True,other
frog,frog,-8.552249,True,other
bird,bird,-5.9443007,True,other
automobile,automobile,-10.431232,True,other
automobile,automobile,-10.15691,True,other
ship,ship,-9.557383,True,other
frog,frog,-9.936176,True,other
airplane,airplane,-8.977068,True,other
deer,deer,-10.15683,True,other
airplane,airplane,-9.389255,True,other
automobile,automobile,-9.672704,True,other
truck,truck,-8.783987,True,other
horse,horse,-9.611385,True,other
automobile,automobile,-9.382935,True,other
cat,cat,-8.878482,True,other
horse,horse,-6.7356486,True,other
horse,horse,-6.920899,True,other
ship,ship,-6.783759,True,other
horse,horse,-9.386852,True,other
horse,horse,-9.21405,True,other
cat,cat,-9.415612,True,other
truck,truck,-8.822634,True,other
horse,horse,-9.646669,True,other
horse,horse,-10.311694,True,other
horse,horse,-9.692096,True,other
bird,ship,-2.6428769,False,other
automobile,automobile,-4.768049,False,other
bird,bird,-8.708429,True,other
ship,ship,-9.353164,True,other
frog,frog,-9.017576,True,other
deer,deer,-10.340529,True,other
airplane,airplane,-6.440047,True,other
horse,horse,-9.464468,True,other
truck,truck,-9.683553,True,other
ship,ship,-9.868263,True,other
frog,frog,-8.462397,True,other
ship,ship,-10.00334,True,other
deer,deer,-8.647027,True,other
truck,automobile,-5.206917,False,other
automobile,automobile,-10.400866,True,other
horse,horse,-6.671133,True,other
bird,airplane,-6.97476,True,other
bird,bird,-6.3505516,True,other
ship,ship,-9.921314,True,other
dog,dog,-9.677451,True,other
ship,ship,-10.669571,True,other
automobile,automobile,-9.109249,True,other
bird,bird,-5.7157803,False,other
bird,bird,-10.432955,True,other
deer,deer,-9.424694,True,other
automobile,automobile,-9.714857,True,other
bird,bird,-9.786557,True,other
dog,horse,-9.529605,True,other
bird,bird,-9.261065,True,other
ship,ship,-10.094955,True,other
automobile,automobile,-9.792684,True,other
ship,ship,-8.073666,True,other
automobile,automobile,-9.022289,True,other
ship,ship,-9.241156,True,other
frog,frog,-10.300362,True,other
airplane,airplane,-9.587057,True,other
bird,bird,-9.380348,True,other
deer,deer,-9.989663,True,other
automobile,automobile,-9.917689,True,other
cat,cat,-7.534844,True,other
frog,frog,-10.47491,True,other
horse,horse,-9.801297,True,other
horse,horse,-7.4864235,True,other
deer,deer,-9.642181,True,other
deer,deer,-9.7874775,True,other
cat,cat,-10.534444,True,other
cat,cat,-11.247718,True,other
deer,deer,-9.400383,True,other
dog,dog,-7.0866556,True,other
bird,bird,-9.241108,True,other
deer,deer,-6.646673,True,other
cat,cat,-7.7948003,True,other
horse,horse,-9.625894,True,other
ship,ship,-9.110287,True,other
deer,deer,-9.810692,True,other
deer,deer,-8.788835,True,other
deer,deer,-7.903831,True,other
dog,dog,-6.8786025,True,other
deer,deer,-9.481199,True,other
cat,cat,-5.220592,False,other
bird,bird,-9.791529,True,other
ship,ship,-9.642527,True,other
deer,deer,-9.2743845,True,other
dog,dog,-10.170649,True,other
dog,dog,-10.347127,True,other
deer,deer,-9.032543,True,other
automobile,automobile,-9.330322,True,other
deer,deer,-9.430528,True,other
bird,bird,-9.849199,True,other
dog,dog,-7.3509045,True,other
automobile,automobile,-10.1207695,True,other
frog,frog,-9.100084,True,other
deer,deer,-8.586374,True,other
cat,cat,-6.6415553,True,other
deer,deer,-9.181234,True,other
deer,deer,-7.8252907,True,other
airplane,airplane,-8.075596,True,other
ship,ship,-7.9009986,True,other
ship,ship,-9.610781,True,other
deer,deer,-10.305143,True,other
dog,dog,-9.400705,True,other
horse,horse,-8.099646,True,other
dog,dog,-5.5258036,False,other
frog,frog,-9.118538,True,other
truck,truck,-8.508356,True,other
automobile,automobile,-9.25008,True,other
frog,frog,-8.984922,True,other
horse,horse,-8.862093,True,other
bird,bird,-6.8854675,True,other
airplane,airplane,-7.8080077,True,other
automobile,automobile,-10.028966,True,other
deer,deer,-8.95019,True,other
dog,dog,-9.958188,True,other
frog,frog,-9.273739,True,other
airplane,airplane,-8.0241785,True,other
airplane,airplane,-8.034069,True,other
bird,bird,-9.930951,True,other
horse,horse,-7.8286204,True,other
dog,cat,-5.2462726,False,other
frog,frog,-8.182209,True,other
airplane,airplane,-8.607315,True,other
frog,frog,-8.276556,True,other
bird,bird,-4.96686,False,other
truck,truck,-9.602619,True,other
automobile,automobile,-8.3176985,True,other
horse,horse,-9.761197,True,other
horse,horse,-11.3477335,True,other
dog,dog,-9.559205,True,other
bird,bird,-8.759083,True,other
dog,dog,-9.805374,True,other
frog,frog,-8.222273,True,other
deer,deer,-8.731617,True,other
automobile,automobile,-8.669203,True,other
deer,deer,-8.674801,True,other
cat,cat,-9.341402,True,other
cat,cat,-12.251479,True,other
cat,cat,-6.9492297,True,other
airplane,airplane,-9.34595,True,other
cat,cat,-9.192054,True,other
dog,dog,-9.342946,True,other
dog,dog,-9.349227,True,other
ship,ship,-11.658839,True,other
truck,truck,-9.440189,True,other
horse,horse,-9.7793455,True,other
cat,cat,-8.890861,True,other
automobile,automobile,-9.104689,True,other
cat,cat,-5.726582,True,other
cat,cat,-6.768987,True,other
cat,cat,-7.823521,True,other
deer,deer,-9.575734,True,other
deer,deer,-9.840649,True,other
bird,cat,-5.917464,True,other
cat,cat,-9.350792,True,other
cat,cat,-10.006444,True,other
ship,ship,-6.056889,True,other
automobile,automobile,-10.207918,True,other
horse,horse,-9.031584,True,other
horse,horse,-9.527377,True,other
airplane,airplane,-10.067624,True,other
horse,horse,-9.026434,True,other
deer,deer,-9.895269,True,other
dog,automobile,-4.708403,False,other
automobile,automobile,-9.403569,True,other
deer,deer,-10.040811,True,other
bird,bird,-7.046975,True,other
deer,deer,-9.603314,True,other
cat,cat,-11.30041,True,other
truck,truck,-9.557902,True,other
truck,truck,-8.329041,True,other
deer,deer,-9.130822,True,other
truck,truck,-7.813983,True,other
truck,truck,-9.318566,True,other
automobile,automobile,-10.227823,True,other
ship,ship,-10.888426,True,other
automobile,automobile,-8.826067,True,other
frog,frog,-9.086779,True,other
horse,horse,-8.196864,True,other
dog,dog,-9.860498,True,other
dog,dog,-8.949198,True,other
deer,deer,-8.691755,True,other
truck,truck,-9.270615,True,other
horse,horse,-5.951153,True,other
frog,frog,-10.774451,True,other
dog,dog,-11.314367,True,other
truck,truck,-8.855767,True,other
bird,cat,-5.2768016,False,other
deer,deer,-9.232085,True,other
airplane,airplane,-8.096289,True,other
horse,horse,-8.675861,True,other
ship,ship,-10.6301775,True,other
dog,dog,-9.611415,True,other
dog,dog,-9.607098,True,other
airplane,airplane,-7.973154,True,other
airplane,airplane,-11.776278,True,other
truck,truck,-9.881204,True,other
truck,truck,-10.032265,True,other
ship,ship,-9.896043,True,other
bird,bird,-7.459406,True,other
dog,dog,-10.266061,True,other
deer,deer,-8.769754,True,other
ship,ship,-9.677388,True,other
cat,cat,-7.550753,True,other
frog,frog,-10.820316,True,other
cat,cat,-9.446116,True,other
frog,frog,-9.382666,True,other
airplane,airplane,-11.42739,True,other
frog,frog,-8.402157,True,other
frog,frog,-10.558618,True,other
frog,frog,-9.827422,True,other
truck,truck,-9.386372,True,other
frog,frog,-10.689757,True,other
frog,frog,-8.770422,True,other
ship,ship,-11.145489,True,other
frog,frog,-10.021521,True,other
bird,bird,-7.6176295,True,other
deer,deer,-8.501481,True,other
dog,dog,-8.136678,True,other
ship,ship,-9.53774,True,other
automobile,automobile,-8.544834,True,other
bird,bird,-9.024168,True,other
horse,horse,-8.898968,True,other
frog,frog,-9.631055,True,other
dog,dog,-10.487292,True,other
horse,horse,-9.88635,True,other
ship,ship,-7.415721,True,other
automobile,automobile,-5.713445,False,other
ship,bird,-10.87719,True,other
airplane,airplane,-7.9099226,True,other
ship,ship,-5.186886,False,other
frog,frog,-9.447331,True,other
truck,truck,-10.645287,True,other
bird,bird,-10.578907,True,other
ship,ship,-9.074148,True,other
truck,truck,-9.55894,True,other
deer,deer,-6.0107465,True,other
airplane,airplane,-9.034779,True,other
truck,truck,-9.683755,True,other
deer,deer,-8.423771,True,other
truck,truck,-9.9482565,True,other
dog,dog,-8.7751875,True,other
horse,horse,-8.470027,True,other
dog,dog,-10.663577,True,other
dog,dog,-8.63015,True,other
truck,truck,-10.098518,True,other
dog,dog,-9.545479,True,other
cat,cat,-9.3539715,True,other
airplane,airplane,-9.527782,True,other
automobile,automobile,-8.848663,True,other
truck,truck,-9.113106,True,other
horse,horse,-6.0390778,True,other
bird,bird,-10.820409,True,other
deer,deer,-7.2323313,True,other
automobile,automobile,-9.977137,True,other
airplane,airplane,-9.672565,True,other
ship,ship,-6.5906034,True,other
airplane,bird,-6.6514463,True,other
cat,cat,-8.283839,True,other
automobile,automobile,-10.122389,True,other
horse,horse,-10.067226,True,other
airplane,airplane,-7.188454,True,other
airplane,airplane,-8.7273245,True,other
deer,deer,-8.582367,True,other
ship,ship,-9.378265,True,other
frog,frog,-7.7608066,True,other
bird,bird,-5.704456,False,other
deer,deer,-9.505373,True,other
airplane,airplane,-9.484094,True,other
airplane,airplane,-10.479739,True,other
truck,truck,-4.277795,False,other
airplane,airplane,-8.884958,True,other
ship,ship,-10.662694,True,other
deer,deer,-9.102391,True,other
dog,cat,-6.135295,True,other
truck,automobile,-7.913233,True,other
cat,cat,-9.698826,True,other
truck,truck,-9.261308,True,other
airplane,airplane,-8.202033,True,other
dog,dog,-10.586906,True,other
frog,frog,-9.249148,True,other
dog,dog,-8.708793,True,other
airplane,airplane,-2.703247,False,other
automobile,automobile,-8.649428,True,other
deer,deer,-7.3866158,True,other
ship,ship,-9.917909,True,other
automobile,automobile,-9.556434,True,other
airplane,airplane,-10.6484995,True,other
dog,dog,-12.119025,True,other
bird,deer,-7.5746813,True,other
automobile,automobile,-11.168548,True,other
airplane,airplane,-9.490405,True,other
bird,bird,-10.350046,True,other
ship,ship,-7.9887424,True,other
automobile,automobile,-10.744289,True,other
dog,dog,-8.773041,True,other
frog,frog,-10.09302,True,other
horse,horse,-9.492247,True,other
horse,horse,-8.5448,True,other
bird,bird,-7.2932825,True,other
frog,frog,-11.184449,True,other
bird,bird,-9.433525,True,other
dog,dog,-9.718269,True,other
airplane,airplane,-9.3405485,True,other
automobile,automobile,-9.521362,True,other
deer,deer,-7.8494253,True,other
bird,bird,-10.083638,True,other
dog,dog,-7.9820724,True,other
deer,bird,-10.223319,True,other
frog,frog,-6.444582,True,other
bird,bird,-8.476382,True,other
bird,bird,-10.003327,True,other
automobile,automobile,-9.157249,True,other
horse,horse,-8.38306,True,other
bird,bird,-9.739452,True,other
ship,automobile,-6.36666,True,other
dog,dog,-13.370122,True,other
dog,dog,-11.031226,True,other
cat,cat,-9.748409,True,other
airplane,airplane,-8.772072,True,other
deer,deer,-6.8766894,True,other
ship,ship,-10.759747,True,other
cat,dog,-6.6306834,True,other
horse,horse,-8.478117,True,other
frog,frog,-9.226303,True,other
cat,cat,-8.923089,True,other
ship,ship,-11.069245,True,other
automobile,automobile,-9.881627,True,other
airplane,airplane,-10.286142,True,other
automobile,automobile,-10.084295,True,other
cat,cat,-11.419483,True,other
cat,cat,-7.149136,True,other
airplane,airplane,-11.193908,True,other
horse,horse,-7.416023,True,other
deer,cat,-4.450474,False,other
truck,truck,-9.447085,True,other
dog,dog,-11.807942,True,other
cat,cat,-10.749866,True,other
frog,frog,-11.029736,True,other
airplane,airplane,-7.117164,True,other
automobile,automobile,-9.72292,True,other
deer,deer,-9.77728,True,other
deer,deer,-8.20104,True,other
deer,deer,-10.132454,True,other
deer,deer,-8.5308895,True,other
bird,bird,-10.615345,True,other
bird,cat,-7.492245,True,other
dog,dog,-7.798211,True,other
ship,ship,-9.616206,True,other
automobile,automobile,-9.127644,True,other
dog,dog,-8.729637,True,other
truck,truck,-9.435978,True,other
ship,ship,-8.988653,True,other
automobile,automobile,-9.21235,True,other
automobile,automobile,-10.017332,True,other
dog,dog,-8.700851,True,other
cat,cat,-4.8494825,False,other
truck,truck,-8.155079,True,other
truck,truck,-8.914251,True,other
horse,horse,-8.202155,True,other
frog,frog,-10.117947,True,other
dog,dog,-10.214423,True,other
airplane,airplane,-9.099534,True,other
ship,ship,-9.882747,True,other
deer,deer,-9.610518,True,other
horse,horse,-9.565443,True,other
airplane,airplane,-5.579097,False,other
truck,truck,-9.914722,True,other
bird,bird,-8.778452,True,other
ship,ship,-11.046631,True,other
deer,deer,-8.973141,True,other
horse,horse,-9.873326,True,other
automobile,automobile,-8.677364,True,other
cat,cat,-6.5296564,True,other
truck,truck,-9.438029,True,other
frog,frog,-9.771525,True,other
ship,ship,-9.906315,True,other
truck,truck,-10.075907,True,other
airplane,airplane,-5.095362,False,other
deer,deer,-10.014795,True,other
truck,truck,-9.986122,True,other
frog,frog,-7.6669044,True,other
horse,horse,-9.011916,True,other
ship,ship,-9.515136,True,other
truck,truck,-11.209333,True,other
deer,deer,-10.750687,True,other
ship,ship,-9.566112,True,other
truck,truck,-7.9278555,True,other
horse,horse,-5.8387337,True,other
bird,bird,-8.989548,True,other
dog,dog,-9.926658,True,other
cat,cat,-10.455695,True,other
horse,horse,-9.54543,True,other
automobile,automobile,-4.6402364,False,other
airplane,airplane,-8.865531,True,other
bird,bird,-8.579385,True,other
truck,truck,-9.8057995,True,other
dog,dog,-9.718776,True,other
dog,dog,-9.616719,True,other
ship,ship,-11.335401,True,other
dog,dog,-9.241302,True,other
deer,horse,-6.2447977,True,other
bird,bird,-8.898924,True,other
ship,ship,-10.583864,True,other
cat,cat,-8.1879835,True,other
dog,cat,-4.4095035,False,other
dog,dog,-6.6103344,True,other
horse,horse,-8.720244,True,other
horse,horse,-8.753179,True,other
ship,ship,-9.847994,True,other
frog,frog,-6.270827,True,other
bird,bird,-7.5823445,True,other
ship,ship,-9.23522,True,other
bird,bird,-9.359686,True,other
cat,deer,-5.3540907,False,other
dog,dog,-10.378034,True,other
frog,frog,-9.411201,True,other
ship,ship,-9.553028,True,other
airplane,airplane,-8.402444,True,other
bird,bird,-11.206185,True,other
cat,cat,-10.021647,True,other
horse,horse,-8.125251,True,other
airplane,airplane,-9.986188,True,other
automobile,automobile,-9.146647,True,other
truck,truck,-10.6796875,True,other
automobile,automobile,-9.238205,True,other
cat,cat,-8.391953,True,other
horse,bird,-5.9767537,True,other
dog,dog,-6.954408,True,other
ship,ship,-6.414351,True,other
cat,cat,-8.297612,True,other
bird,bird,-11.347136,True,other
truck,truck,-9.61004,True,other
frog,frog,-9.912554,True,other
ship,ship,-8.903166,True,other
frog,frog,-10.344528,True,other
truck,truck,-9.09694,True,other
cat,cat,-9.373206,True,other
ship,airplane,-4.9841275,False,other
truck,truck,-8.393318,True,other
ship,ship,-8.431128,True,other
airplane,automobile,-4.4114256,False,other
horse,horse,-9.197902,True,other
ship,ship,-9.203,True,other
dog,dog,-8.981834,True,other
airplane,airplane,-10.384057,True,other
airplane,airplane,-9.171874,True,other
automobile,automobile,-9.546081,True,other
cat,cat,-5.9055114,True,other
truck,truck,-9.223638,True,other
automobile,automobile,-10.019677,True,other
dog,dog,-7.6901264,True,other
cat,cat,-9.642323,True,other
deer,deer,-7.5669622,True,other
deer,deer,-7.8600283,True,other
airplane,airplane,-10.872386,True,other
truck,truck,-9.564879,True,other
truck,truck,-9.666168,True,other
truck,truck,-10.523219,True,other
truck,truck,-9.702559,True,other
ship,ship,-9.578439,True,other
bird,bird,-11.106417,True,other
deer,deer,-9.113431,True,other
bird,bird,-10.540134,True,other
bird,bird,-8.252282,True,other
dog,dog,-7.9881053,True,other
automobile,automobile,-10.306673,True,other
truck,cat,-7.8255277,True,other
automobile,automobile,-9.349675,True,other
airplane,airplane,-8.274262,True,other
truck,truck,-9.367887,True,other
deer,deer,-9.133482,True,other
bird,bird,-9.203771,True,other
automobile,automobile,-8.69147,True,other
frog,frog,-9.775689,True,other
airplane,airplane,-5.4593596,False,other
cat,cat,-11.462825,True,other
horse,airplane,-5.9491696,True,other
frog,deer,-5.323777,False,other
cat,cat,-9.807856,True,other
automobile,automobile,-6.2080307,True,other
ship,ship,-8.502105,True,other
frog,frog,-3.031469,False,other
dog,dog,-10.018707,True,other
horse,horse,-9.410293,True,other
bird,bird,-8.392595,True,other
ship,ship,-9.829037,True,other
deer,deer,-7.5314856,True,other
deer,horse,-5.924559,True,other
ship,ship,-8.717798,True,other
cat,cat,-10.262771,True,other
dog,dog,-8.930856,True,other
airplane,airplane,-9.525868,True,other
dog,dog,-5.0504074,False,other
horse,horse,-8.132604,True,other
deer,deer,-10.033729,True,other
deer,deer,-7.8932347,True,other
bird,bird,-11.388164,True,other
bird,bird,-10.636396,True,other
horse,horse,-8.311357,True,other
cat,dog,-5.2425056,False,other
frog,frog,-7.872988,True,other
airplane,airplane,-6.833097,True,other
bird,bird,-9.129099,True,other
horse,horse,-10.20371,True,other
frog,frog,-10.075806,True,other
bird,bird,-8.640209,True,other
cat,cat,-8.882305,True,other
airplane,airplane,-9.816754,True,other
horse,horse,-10.204696,True,other
horse,horse,-9.249396,True,other
ship,ship,-10.929384,True,other
automobile,truck,-11.249907,True,other
automobile,automobile,-9.386851,True,other
deer,deer,-6.4158325,True,other
frog,frog,-7.8229785,True,other
airplane,airplane,-10.287677,True,other
frog,frog,-9.822406,True,other
frog,frog,-7.8279214,True,other
dog,dog,-10.571482,True,other
dog,dog,-10.484843,True,other
frog,frog,-10.362974,True,other
cat,cat,-7.964486,True,other
truck,truck,-8.66299,True,other
cat,cat,-10.890575,True,other
frog,frog,-9.288789,True,other
ship,bird,-4.2210126,False,other
horse,horse,-9.490147,True,other
frog,frog,-8.6217,True,other
deer,deer,-7.0383034,True,other
truck,truck,-8.652059,True,other
dog,dog,-8.958918,True,other
frog,frog,-8.37767,True,other
deer,deer,-9.660962,True,other
automobile,automobile,-9.484108,True,other
frog,frog,-9.651563,True,other
cat,cat,-9.950459,True,other
ship,ship,-9.904926,True,other
bird,bird,-9.139032,True,other
cat,cat,-7.398901,True,other
truck,truck,-10.785327,True,other
ship,ship,-3.3728755,False,other
dog,dog,-9.731973,True,other
automobile,automobile,-10.284697,True,other
dog,dog,-6.9547467,True,other
deer,deer,-8.947599,True,other
dog,dog,-12.781482,True,other
horse,horse,-8.016365,True,other
dog,dog,-5.7507687,True,other
horse,horse,-11.117239,True,other
ship,ship,-10.459238,True,other
truck,truck,-8.971558,True,other
automobile,automobile,-9.959135,True,other
horse,cat,-5.9377294,True,other
bird,bird,-10.077303,True,other
dog,dog,-9.807729,True,other
frog,frog,-11.188799,True,other
ship,ship,-10.167799,True,other
deer,deer,-9.10688,True,other
frog,frog,-10.2732525,True,other
dog,dog,-10.272549,True,other
cat,cat,-5.3947673,False,other
truck,truck,-10.815791,True,other
truck,truck,-9.233397,True,other
ship,ship,-9.45181,True,other
dog,dog,-9.406119,True,other
dog,dog,-7.9207325,True,other
frog,frog,-10.1911125,True,other
deer,deer,-8.477068,True,other
dog,dog,-11.361587,True,other
truck,truck,-10.133939,True,other
horse,horse,-11.102395,True,other
cat,cat,-10.295054,True,other
deer,deer,-8.688522,True,other
automobile,automobile,-9.899195,True,other
deer,deer,-5.6922865,False,other
bird,bird,-5.480549,False,other
cat,deer,-4.7883315,False,other
frog,frog,-7.9928484,True,other
dog,cat,-7.6798177,True,other
dog,dog,-9.773435,True,other
bird,bird,-11.57412,True,other
ship,ship,-10.539377,True,other
airplane,airplane,-10.392648,True,other
airplane,airplane,-7.0401177,True,other
automobile,automobile,-9.855162,True,other
ship,ship,-9.007132,True,other
cat,cat,-10.111661,True,other
automobile,automobile,-10.707565,True,other
cat,cat,-5.3048,False,other
dog,dog,-10.217633,True,other
ship,ship,-10.519573,True,other
cat,cat,-8.583012,True,other
ship,ship,-10.307419,True,other
dog,dog,-9.898747,True,other
ship,ship,-10.76522,True,other
frog,frog,-9.360494,True,other
cat,cat,-8.24299,True,other
dog,dog,-9.0992,True,other
dog,dog,-11.244119,True,other
dog,dog,-10.110427,True,other
airplane,airplane,-7.9215245,True,other
truck,automobile,-6.0481486,True,other
dog,dog,-9.961416,True,other
dog,dog,-4.405446,False,other
horse,horse,-9.488859,True,other
automobile,automobile,-8.904573,True,other
ship,ship,-10.060186,True,other
bird,bird,-4.888051,False,other
bird,bird,-6.8697615,True,other
horse,horse,-9.23667,True,other
cat,cat,-8.793993,True,other
deer,deer,-7.805537,True,other
bird,bird,-9.864666,True,other
truck,truck,-9.421682,True,other
frog,frog,-8.593933,True,other
bird,bird,-10.087896,True,other
bird,bird,-8.662846,True,other
deer,deer,-8.472497,True,other
cat,cat,-9.342954,True,other
airplane,airplane,-9.637185,True,other
bird,frog,-4.981964,False,other
airplane,airplane,-12.085147,True,other
automobile,automobile,-9.806921,True,other
cat,cat,-9.82315,True,other
bird,bird,-9.750521,True,other
bird,bird,-5.46779,False,other
horse,horse,-8.9936075,True,other
airplane,airplane,-6.288528,True,other
automobile,automobile,-8.743722,True,other
airplane,airplane,-9.48533,True,other
horse,horse,-8.815098,True,other
horse,horse,-7.404451,True,other
bird,bird,-8.8237095,True,other
airplane,bird,-6.2429214,True,other
automobile,automobile,-11.082968,True,other
frog,frog,-9.76044,True,other
dog,dog,-9.496308,True,other
airplane,airplane,-8.427814,True,other
bird,bird,-8.8311615,True,other
bird,bird,-8.856906,True,other
airplane,airplane,-10.935017,True,other
automobile,automobile,-9.605331,True,other
bird,bird,-8.961784,True,other
frog,frog,-11.351276,True,other
airplane,airplane,-9.250497,True,other
automobile,automobile,-9.72266,True,other
frog,frog,-10.505308,True,other
frog,frog,-9.214157,True,other
dog,dog,-11.217145,True,other
cat,cat,-10.213342,True,other
deer,deer,-5.74694,True,other
airplane,airplane,-9.113265,True,other
airplane,airplane,-10.698449,True,other
truck,truck,-7.754756,True,other
automobile,automobile,-9.670416,True,other
airplane,airplane,-9.299563,True,other
bird,bird,-8.5439415,True,other
dog,dog,-11.485141,True,other
truck,truck,-8.662159,True,other
horse,horse,-10.549713,True,other
ship,ship,-10.2445,True,other
frog,frog,-10.817658,True,other
deer,deer,-9.570209,True,other
frog,frog,-8.702676,True,other
airplane,airplane,-9.285488,True,other
bird,bird,-9.576768,True,other
airplane,airplane,-11.343154,True,other
automobile,automobile,-6.4557867,True,other
truck,truck,-8.653974,True,other
bird,bird,-7.269232,True,other
deer,frog,-7.099461,True,other
truck,truck,-8.443791,True,other
airplane,airplane,-8.722217,True,other
horse,horse,-8.524265,True,other
bird,bird,-8.973663,True,other
cat,cat,-10.247289,True,other
deer,deer,-8.707296,True,other
ship,ship,-9.826894,True,other
airplane,airplane,-6.7638507,True,other
bird,bird,-6.9743595,True,other
frog,frog,-8.932667,True,other
ship,ship,-9.425854,True,other
truck,truck,-10.024493,True,other
horse,horse,-7.5707617,True,other
automobile,automobile,-9.509886,True,other
truck,truck,-9.7818985,True,other
cat,cat,-9.825211,True,other
horse,horse,-5.53156,False,other
bird,bird,-9.0860815,True,other
horse,horse,-11.574508,True,other
truck,truck,-8.823956,True,other
frog,frog,-9.4085245,True,other
truck,truck,-10.848997,True,other
dog,dog,-10.010706,True,other
horse,horse,-9.601656,True,other
ship,ship,-9.431818,True,other
dog,dog,-8.165191,True,other
truck,truck,-9.627199,True,other
ship,ship,-8.7554245,True,other
cat,cat,-9.5417385,True,other
truck,truck,-9.344889,True,other
ship,ship,-8.505795,True,other
airplane,airplane,-9.573122,True,other
dog,dog,-7.525319,True,other
dog,dog,-8.864543,True,other
horse,horse,-8.959478,True,other
automobile,automobile,-10.752642,True,other
bird,cat,-2.2661164,False,other
airplane,airplane,-6.9597764,True,other
horse,horse,-9.722681,True,other
dog,dog,-9.828597,True,other
ship,ship,-9.539526,True,other
bird,bird,-10.878675,True,other
bird,bird,-9.810251,True,other
dog,dog,-12.251569,True,other
cat,cat,-11.205732,True,other
truck,automobile,-4.0375586,False,other
cat,dog,-6.7596455,True,other
automobile,ship,-5.536532,False,other
truck,truck,-9.785839,True,other
cat,cat,-10.122149,True,other
automobile,automobile,-8.65782,True,other
deer,deer,-8.677774,True,other
cat,cat,-6.0165563,True,other
deer,deer,-10.0133505,True,other
deer,deer,-9.607353,True,other
truck,truck,-9.566561,True,other
airplane,airplane,-11.141841,True,other
truck,truck,-6.647662,True,other
dog,cat,-7.0865226,True,other
truck,truck,-10.065769,True,other
bird,bird,-8.292347,True,other
truck,truck,-10.349536,True,other
deer,deer,-9.862917,True,other
airplane,airplane,-10.019521,True,other
bird,bird,-8.475538,True,other
ship,ship,-10.515222,True,other
deer,deer,-10.5976715,True,other
ship,ship,-9.0727415,True,other
frog,frog,-11.225912,True,other
ship,ship,-7.8993335,True,other
bird,bird,-7.735734,True,other
airplane,airplane,-9.168046,True,other
dog,dog,-9.196118,True,other
truck,truck,-9.0822315,True,other
frog,frog,-9.325069,True,other
truck,truck,-8.753301,True,other
dog,dog,-8.727302,True,other
automobile,automobile,-10.300581,True,other
cat,cat,-9.655709,True,other
deer,deer,-9.256717,True,other
deer,deer,-9.065207,True,other
bird,bird,-10.323763,True,other
horse,horse,-9.752731,True,other
bird,bird,-8.725035,True,other
deer,deer,-9.234454,True,other
deer,deer,-6.607977,True,other
airplane,airplane,-10.927192,True,other
bird,dog,-8.017757,True,other
ship,ship,-9.131802,True,other
deer,deer,-9.938395,True,other
dog,dog,-9.445828,True,other
automobile,automobile,-9.303497,True,other
bird,bird,-8.712801,True,other
frog,frog,-9.702669,True,other
ship,ship,-9.237135,True,other
automobile,automobile,-9.104723,True,other
horse,horse,-9.081679,True,other
bird,frog,-6.4138494,True,other
ship,ship,-9.344695,True,other
horse,horse,-11.005466,True,other
deer,deer,-6.204076,True,other
cat,cat,-9.441991,True,other
cat,cat,-7.555441,True,other
airplane,cat,-7.8908887,True,other
cat,cat,-5.014433,False,other
horse,horse,-8.794252,True,other
bird,bird,-10.620747,True,other
dog,dog,-9.87901,True,other
frog,frog,-9.373293,True,other
automobile,automobile,-10.403086,True,other
horse,horse,-9.6313925,True,other
truck,truck,-7.7503204,True,other
airplane,airplane,-10.085587,True,other
bird,deer,-6.2279415,True,other
cat,cat,-9.639728,True,other
truck,truck,-8.896637,True,other
ship,ship,-9.815997,True,other
truck,truck,-8.093197,True,other
dog,dog,-9.088272,True,other
airplane,airplane,-6.6308208,True,other
airplane,airplane,-10.262564,True,other
horse,horse,-7.4511395,True,other
frog,frog,-6.98245,True,other
cat,cat,-8.6697,True,other
cat,cat,-8.981845,True,other
ship,ship,-9.096803,True,other
automobile,automobile,-8.535257,True,other
deer,deer,-10.121641,True,other
airplane,airplane,-10.130091,True,other
automobile,automobile,-10.193907,True,other
dog,dog,-10.272751,True,other
deer,deer,-9.503238,True,other
cat,cat,-9.410928,True,other
bird,deer,-4.800489,False,other
frog,frog,-8.57184,True,other
airplane,airplane,-9.25677,True,other
ship,ship,-8.785999,True,other
ship,ship,-9.310495,True,other
frog,frog,-11.343441,True,other
cat,cat,-9.637839,True,other
cat,cat,-8.17499,True,other
bird,cat,-6.617407,True,other
truck,truck,-6.702129,True,other
horse,horse,-10.188031,True,other
dog,dog,-8.085169,True,other
automobile,automobile,-9.3949,True,other
frog,frog,-8.134756,True,other
airplane,airplane,-9.464362,True,other
dog,dog,-9.380963,True,other
truck,truck,-9.494623,True,other
truck,truck,-9.747419,True,other
deer,deer,-9.368641,True,other
dog,dog,-9.454688,True,other
truck,truck,-9.630976,True,other
deer,deer,-3.6725361,False,other
ship,ship,-8.712991,True,other
cat,cat,-9.106253,True,other
cat,cat,-6.5322547,True,other
bird,bird,-10.412912,True,other
dog,dog,-9.450481,True,other
automobile,automobile,-9.805308,True,other
truck,truck,-9.350206,True,other
dog,dog,-8.118245,True,other
dog,dog,-6.948942,True,other
ship,automobile,-6.0373306,True,other
automobile,automobile,-8.497025,True,other
ship,ship,-9.145067,True,other
truck,truck,-10.08501,True,other
horse,horse,-9.768401,True,other
airplane,airplane,-8.452322,True,other
frog,cat,-9.456782,True,other
cat,airplane,-3.7772944,False,other
bird,bird,-9.316219,True,other
airplane,airplane,-10.788705,True,other
bird,bird,-6.7816358,True,other
frog,frog,-10.451293,True,other
truck,truck,-8.423338,True,other
cat,cat,-10.303709,True,other
truck,truck,-10.400838,True,other
automobile,automobile,-9.613743,True,other
frog,frog,-6.8518944,True,other
frog,frog,-6.787973,True,other
horse,horse,-9.171922,True,other
bird,bird,-9.918699,True,other
frog,frog,-7.1095014,True,other
cat,cat,-8.017952,True,other
bird,bird,-9.503746,True,other
dog,dog,-7.8646774,True,other
dog,dog,-7.801655,True,other
bird,bird,-9.725796,True,other
horse,horse,-9.157562,True,other
dog,dog,-8.620149,True,other
bird,bird,-7.004107,True,other
airplane,airplane,-8.257297,True,other
ship,ship,-9.948447,True,other
airplane,airplane,-9.851797,True,other
horse,horse,-7.7027197,True,other
horse,horse,-9.384881,True,other
automobile,automobile,-10.081492,True,other
horse,horse,-9.878134,True,other
deer,deer,-9.596777,True,other
airplane,airplane,-8.541371,True,other
bird,deer,-4.3960958,False,other
bird,bird,-9.042825,True,other
frog,frog,-9.6719475,True,other
automobile,automobile,-9.853619,True,other
dog,dog,-8.334448,True,other
truck,truck,-9.474711,True,other
horse,horse,-9.227262,True,other
frog,frog,-10.651204,True,other
bird,bird,-8.041477,True,other
horse,horse,-10.146407,True,other
airplane,airplane,-10.866673,True,other
dog,dog,-10.926542,True,other
frog,frog,-9.832982,True,other
airplane,airplane,-10.80639,True,other
automobile,automobile,-10.051374,True,other
automobile,automobile,-9.1521845,True,other
ship,ship,-10.170972,True,other
deer,deer,-7.0590286,True,other
dog,dog,-8.607646,True,other
cat,cat,-5.8524003,True,other
automobile,truck,-6.4016895,True,other
bird,bird,-8.800756,True,other
deer,deer,-8.530334,True,other
ship,ship,-9.366624,True,other
truck,truck,-8.125458,True,other
ship,ship,-9.919287,True,other
automobile,automobile,-10.120941,True,other
horse,horse,-8.436719,True,other
bird,bird,-10.570443,True,other
horse,horse,-11.254016,True,other
bird,bird,-8.675931,True,other
cat,bird,-5.128677,False,other
bird,bird,-7.8599224,True,other
frog,frog,-9.039692,True,other
horse,horse,-10.256734,True,other
truck,truck,-9.517081,True,other
deer,deer,-9.584757,True,other
airplane,airplane,-10.631686,True,other
automobile,automobile,-8.413541,True,other
airplane,airplane,-9.200041,True,other
deer,deer,-8.822091,True,other
dog,dog,-6.0860643,True,other
airplane,airplane,-8.924854,True,other
ship,ship,-10.166029,True,other
airplane,airplane,-8.608378,True,other
horse,horse,-8.234178,True,other
frog,frog,-9.051502,True,other
automobile,automobile,-10.132262,True,other
airplane,airplane,-6.324568,True,other
ship,ship,-9.831051,True,other
dog,dog,-10.065278,True,other
truck,truck,-9.418369,True,other
bird,bird,-11.1260605,True,other
dog,dog,-8.661464,True,other
deer,deer,-8.624111,True,other
deer,deer,-7.519584,True,other
truck,truck,-7.7393227,True,other
airplane,airplane,-7.738365,True,other
frog,frog,-9.229794,True,other
automobile,automobile,-9.50437,True,other
bird,bird,-9.249212,True,other
dog,dog,-9.319142,True,other
automobile,automobile,-10.9484625,True,other
frog,frog,-7.2563186,True,other
horse,horse,-8.516669,True,other
automobile,automobile,-9.735362,True,other
dog,dog,-11.181462,True,other
ship,ship,-9.936786,True,other
ship,ship,-9.386987,True,other
airplane,airplane,-10.080142,True,other
cat,cat,-9.712412,True,other
truck,truck,-9.371929,True,other
deer,deer,-9.902072,True,other
airplane,airplane,-8.823171,True,other
cat,frog,-8.100048,True,other
deer,deer,-9.724879,True,other
truck,truck,-10.472819,True,other
bird,bird,-10.689574,True,other
deer,deer,-9.282278,True,other
cat,cat,-9.081917,True,other
airplane,airplane,-9.55056,True,other
frog,frog,-10.110426,True,other
deer,frog,-5.5940404,False,other
dog,dog,-8.761824,True,other
frog,frog,-8.936626,True,other
frog,frog,-9.676016,True,other
horse,horse,-9.880811,True,other
ship,ship,-9.290348,True,other
deer,deer,-7.3798294,True,other
ship,ship,-8.603591,True,other
ship,ship,-7.420648,True,other
cat,cat,-7.060761,True,other
bird,bird,-7.067692,True,other
ship,ship,-10.537071,True,other
airplane,airplane,-7.0538216,True,other
bird,bird,-10.922676,True,other
dog,dog,-7.8325,True,other
frog,frog,-10.470226,True,other
ship,ship,-9.951881,True,other
horse,horse,-8.675447,True,other
ship,ship,-10.38187,True,other
truck,truck,-9.889182,True,other
truck,truck,-10.942568,True,other
airplane,airplane,-9.134229,True,other
frog,frog,-6.135329,True,other
frog,frog,-10.213299,True,other
ship,ship,-9.751148,True,other
automobile,automobile,-10.08663,True,other
automobile,automobile,-10.482649,True,other
horse,horse,-9.435723,True,other
deer,frog,-5.901071,True,other
deer,deer,-4.824344,False,other
bird,bird,-10.016737,True,other
cat,cat,-3.5639584,False,other
frog,frog,-7.4827332,True,other
truck,truck,-10.427664,True,other
frog,airplane,-6.6855955,True,other
bird,bird,-8.887023,True,other
deer,deer,-8.873688,True,other
automobile,automobile,-9.830555,True,other
ship,ship,-10.468739,True,other
bird,bird,-9.9907675,True,other
cat,cat,-8.723147,True,other
automobile,automobile,-8.4167385,True,other
frog,frog,-7.936533,True,other
ship,ship,-9.5745125,True,other
frog,frog,-10.530106,True,other
ship,ship,-8.751,True,other
dog,dog,-8.163826,True,other
truck,truck,-9.933736,True,other
airplane,airplane,-10.650498,True,other
automobile,automobile,-9.713116,True,other
airplane,airplane,-10.994137,True,other
bird,bird,-7.462439,True,other
truck,truck,-9.513868,True,other
bird,bird,-8.32732,True,other
truck,truck,-9.832405,True,other
airplane,airplane,-9.564779,True,other
truck,truck,-9.145821,True,other
horse,horse,-9.820109,True,other
ship,ship,-10.589641,True,other
dog,bird,-6.6766286,True,other
airplane,ship,-6.8476806,True,other
frog,frog,-10.597797,True,other
frog,frog,-8.197936,True,other
ship,ship,-9.992964,True,other
automobile,automobile,-9.951953,True,other
frog,frog,-8.712928,True,other
dog,dog,-10.2949705,True,other
ship,ship,-10.273756,True,other
horse,horse,-6.6035633,True,other
truck,truck,-7.7626886,True,other
bird,bird,-9.67986,True,other
automobile,automobile,-9.701771,True,other
frog,frog,-8.65834,True,other
horse,horse,-7.659026,True,other
dog,dog,-10.244491,True,other
frog,frog,-9.013544,True,other
cat,cat,-8.140998,True,other
airplane,airplane,-9.386231,True,other
truck,truck,-10.644532,True,other
ship,ship,-9.077057,True,other
truck,truck,-9.394676,True,other
dog,bird,-4.5884943,False,other
truck,ship,-5.0869527,False,other
truck,truck,-6.0756884,True,other
truck,truck,-8.489423,True,other
cat,cat,-9.143543,True,other
frog,frog,-9.99919,True,other
deer,deer,-8.83181,True,other
deer,deer,-9.333549,True,other
ship,ship,-9.203664,True,other
ship,ship,-10.814125,True,other
automobile,automobile,-8.724495,True,other
horse,horse,-5.9345136,True,other
cat,cat,-8.720147,True,other
airplane,airplane,-7.9044194,True,other
frog,frog,-9.301774,True,other
bird,horse,-3.7527285,False,other
deer,deer,-7.834304,True,other
ship,automobile,-5.025607,False,other
bird,bird,-8.304063,True,other
bird,bird,-9.538757,True,other
truck,truck,-11.008707,True,other
bird,bird,-9.745234,True,other
bird,bird,-8.519569,True,other
truck,truck,-10.463636,True,other
horse,horse,-8.775538,True,other
deer,deer,-7.5252776,True,other
automobile,automobile,-10.577791,True,other
truck,truck,-6.126435,True,other
automobile,automobile,-9.250087,True,other
deer,deer,-6.917199,True,other
cat,cat,-6.6449604,True,other
dog,automobile,-4.1037464,False,other
cat,cat,-5.9167223,True,other
ship,ship,-10.034956,True,other
truck,truck,-9.571721,True,other
cat,cat,-10.935206,True,other
frog,bird,-7.2250175,True,other
bird,bird,-9.956177,True,other
airplane,airplane,-4.914575,False,other
ship,ship,-2.4914153,False,other
truck,truck,-8.180967,True,other
airplane,airplane,-10.154995,True,other
dog,dog,-8.11892,True,other
automobile,automobile,-9.371111,True,other
dog,dog,-11.101373,True,other
ship,automobile,-6.986781,True,other
bird,bird,-10.190276,True,other
automobile,automobile,-10.956177,True,other
bird,airplane,-7.5104375,True,other
cat,cat,-8.123703,True,other
bird,bird,-9.360254,True,other
deer,deer,-9.684425,True,other
ship,ship,-9.974692,True,other
deer,deer,-9.176781,True,other
airplane,airplane,-8.40201,True,other
frog,frog,-7.973582,True,other
deer,deer,-9.993427,True,other
bird,bird,-10.67731,True,other
truck,truck,-10.506189,True,other
ship,ship,-9.943039,True,other
deer,deer,-6.8886075,True,other
horse,horse,-10.336203,True,other
frog,frog,-9.227271,True,other
bird,bird,-9.464285,True,other
deer,deer,-9.273054,True,other
horse,horse,-10.430208,True,other
horse,horse,-9.417506,True,other
frog,frog,-8.642349,True,other
deer,deer,-7.3572435,True,other
bird,bird,-8.58691,True,other
bird,bird,-9.416445,True,other
cat,cat,-6.657767,True,other
bird,bird,-9.778763,True,other
deer,deer,-7.8123484,True,other
truck,truck,-11.375458,True,other
airplane,airplane,-9.828909,True,other
airplane,airplane,-8.971717,True,other
truck,truck,-8.65088,True,other
frog,frog,-10.641658,True,other
dog,cat,-6.885041,True,other
ship,ship,-9.650171,True,other
dog,dog,-10.632798,True,other
bird,bird,-9.302644,True,other
deer,deer,-9.491542,True,other
ship,ship,-10.008823,True,other
ship,ship,-10.170097,True,other
frog,frog,-8.281306,True,other
deer,airplane,-4.5674253,False,other
dog,dog,-9.797565,True,other
horse,horse,-9.594608,True,other
frog,frog,-9.4527,True,other
cat,cat,-5.7930036,True,other
horse,deer,-5.0750227,False,other
airplane,airplane,-8.333163,True,other
deer,deer,-8.988579,True,other
airplane,airplane,-11.037829,True,other
dog,truck,-4.2049894,False,other
ship,ship,-10.266749,True,other
bird,horse,-6.557191,True,other
ship,ship,-9.270011,True,other
airplane,airplane,-8.408992,True,other
deer,deer,-10.125051,True,other
truck,truck,-7.311224,True,other
bird,bird,-7.290718,True,other
cat,cat,-9.546565,True,other
frog,frog,-7.019408,True,other
ship,ship,-10.774062,True,other
automobile,automobile,-9.483404,True,other
frog,frog,-9.588949,True,other
airplane,airplane,-7.3704066,True,other
ship,ship,-9.213103,True,other
deer,deer,-8.964715,True,other
cat,cat,-9.93226,True,other
automobile,automobile,-9.092815,True,other
deer,deer,-9.071369,True,other
dog,cat,-7.1124377,True,other
bird,bird,-8.667073,True,other
deer,deer,-9.382895,True,other
cat,cat,-7.9953628,True,other
frog,frog,-8.746935,True,other
airplane,airplane,-10.204869,True,other
horse,horse,-9.94178,True,other
automobile,automobile,-8.7849,True,other
cat,cat,-9.265011,True,other
dog,dog,-8.967975,True,other
horse,horse,-10.056311,True,other
automobile,automobile,-9.557888,True,other
ship,ship,-8.621643,True,other
airplane,airplane,-8.922334,True,other
deer,deer,-7.8888626,True,other
ship,ship,-8.062701,True,other
bird,bird,-9.210031,True,other
horse,horse,-8.634545,True,other
horse,horse,-10.32627,True,other
airplane,airplane,-10.419417,True,other
bird,bird,-4.7937756,False,other
bird,bird,-10.897308,True,other
deer,deer,-8.6500435,True,other
cat,cat,-6.8714485,True,other
cat,cat,-8.074269,True,other
automobile,truck,-8.493297,True,other
frog,frog,-4.980462,False,other
automobile,automobile,-8.790296,True,other
frog,frog,-10.288003,True,other
deer,deer,-9.584925,True,other
frog,frog,-9.325724,True,other
horse,horse,-9.207899,True,other
deer,deer,-8.576717,True,other
horse,horse,-8.71444,True,other
cat,cat,-8.4143305,True,other
ship,ship,-5.255163,False,other
automobile,automobile,-8.78596,True,other
cat,cat,-9.124207,True,other
automobile,automobile,-9.79067,True,other
deer,deer,-8.116687,True,other
frog,frog,-9.7849655,True,other
dog,airplane,-4.9810033,False,other
dog,dog,-7.3467174,True,other
horse,horse,-9.185098,True,other
deer,deer,-9.646335,True,other
dog,dog,-10.205562,True,other
deer,deer,-9.562143,True,other
truck,truck,-7.7409344,True,other
horse,horse,-9.780024,True,other
horse,horse,-9.826784,True,other
bird,bird,-11.200401,True,other
cat,cat,-9.2974,True,other
cat,cat,-8.861349,True,other
frog,frog,-10.2496605,True,other
horse,horse,-11.461356,True,other
deer,deer,-10.094036,True,other
automobile,automobile,-9.818348,True,other
frog,frog,-9.065418,True,other
automobile,automobile,-10.339264,True,other
airplane,airplane,-11.461492,True,other
frog,frog,-10.572535,True,other
truck,truck,-10.067972,True,other
frog,frog,-8.17218,True,other
airplane,airplane,-10.325551,True,other
bird,bird,-9.59553,True,other
airplane,airplane,-9.096269,True,other
bird,bird,-6.332341,True,other
deer,deer,-5.4369745,False,other
horse,horse,-9.400254,True,other
airplane,airplane,-11.694615,True,other
airplane,airplane,-7.230407,True,other
airplane,airplane,-9.390385,True,other
airplane,airplane,-11.498957,True,other
horse,horse,-9.429,True,other
dog,dog,-8.932402,True,other
cat,cat,-11.219983,True,other
bird,bird,-8.653196,True,other
horse,horse,-9.866204,True,other
ship,ship,-10.803252,True,other
dog,dog,-5.5688,False,other
dog,dog,-11.480772,True,other
bird,bird,-6.5072107,True,other
bird,bird,-9.533658,True,other
ship,ship,-7.7380395,True,other
truck,truck,-8.926633,True,other
automobile,automobile,-8.831671,True,other
bird,bird,-5.34233,False,other
bird,bird,-6.2388268,True,other
airplane,airplane,-7.1557646,True,other
cat,cat,-9.981631,True,other
deer,deer,-9.292075,True,other
truck,truck,-10.790529,True,other
automobile,automobile,-10.789629,True,other
frog,frog,-9.473991,True,other
truck,truck,-7.6599364,True,other
airplane,airplane,-9.173772,True,other
ship,ship,-5.512541,False,other
cat,cat,-8.507367,True,other
frog,frog,-8.763982,True,other
deer,deer,-10.632778,True,other
frog,frog,-10.483841,True,other
horse,horse,-10.2087965,True,other
dog,dog,-9.146183,True,other
automobile,automobile,-10.452591,True,other
ship,ship,-8.917013,True,other
truck,truck,-8.359377,True,other
airplane,airplane,-8.468981,True,other
dog,dog,-5.2761526,False,other
airplane,airplane,-9.938784,True,other
dog,dog,-8.866693,True,other
deer,deer,-6.713006,True,other
cat,cat,-9.71887,True,other
ship,ship,-6.8576756,True,other
dog,dog,-9.98002,True,other
bird,bird,-8.390635,True,other
airplane,airplane,-8.422881,True,other
ship,ship,-11.058676,True,other
dog,dog,-10.942165,True,other
truck,truck,-9.574823,True,other
bird,bird,-8.894307,True,other
dog,dog,-7.0176964,True,other
frog,frog,-10.074569,True,other
dog,dog,-10.709835,True,other
horse,horse,-9.721887,True,other
cat,cat,-7.7984133,True,other
horse,horse,-9.796962,True,other
bird,bird,-8.186005,True,other
ship,ship,-9.921259,True,other
ship,ship,-8.250195,True,other
deer,deer,-6.7457166,True,other
bird,bird,-9.697102,True,other
automobile,automobile,-9.079794,True,other
frog,frog,-9.645814,True,other
bird,bird,-9.241365,True,other
truck,truck,-9.393987,True,other
truck,truck,-9.233368,True,other
ship,ship,-9.115,True,other
bird,bird,-9.050213,True,other
cat,cat,-8.089808,True,other
automobile,automobile,-10.3292265,True,other
airplane,airplane,-9.940383,True,other
dog,dog,-10.789868,True,other
bird,bird,-8.616541,True,other
cat,cat,-9.355635,True,other
horse,horse,-7.420879,True,other
truck,truck,-10.035344,True,other
dog,dog,-10.630819,True,other
truck,truck,-11.404938,True,other
automobile,automobile,-9.131298,True,other
automobile,automobile,-8.59377,True,other
cat,cat,-11.424325,True,other
bird,bird,-9.195887,True,other
horse,horse,-9.085879,True,other
deer,deer,-8.577106,True,other
deer,deer,-9.3341,True,other
automobile,automobile,-9.221052,True,other
truck,truck,-9.386087,True,other
deer,deer,-9.603829,True,other
dog,dog,-8.361822,True,other
dog,dog,-9.948807,True,other
bird,bird,-8.792435,True,other
horse,bird,-5.811654,True,other
horse,horse,-8.62659,True,other
frog,frog,-11.145526,True,other
automobile,automobile,-11.2082,True,other
bird,dog,-6.769979,True,other
cat,cat,-8.739596,True,other
horse,horse,-9.447002,True,other
dog,dog,-9.84134,True,other
deer,deer,-8.043319,True,other
cat,dog,-4.2919254,False,other
horse,horse,-9.139724,True,other
horse,horse,-9.235324,True,other
airplane,airplane,-6.00199,True,other
airplane,airplane,-8.376212,True,other
automobile,automobile,-8.135051,True,other
deer,horse,-5.322715,False,other
deer,deer,-10.312067,True,other
cat,cat,-9.624852,True,other
horse,horse,-7.410372,True,other
truck,truck,-9.700217,True,other
ship,ship,-8.84029,True,other
horse,horse,-10.181434,True,other
airplane,airplane,-7.815186,True,other
truck,truck,-11.203513,True,other
airplane,airplane,-5.9403257,True,other
cat,cat,-10.085052,True,other
horse,horse,-9.566661,True,other
frog,frog,-9.066769,True,other
cat,cat,-7.127871,True,other
ship,ship,-9.543459,True,other
deer,deer,-9.185278,True,other
dog,dog,-8.938148,True,other
frog,frog,-8.912297,True,other
dog,dog,-10.105688,True,other
cat,dog,-3.699107,False,other
deer,deer,-9.398969,True,other
bird,bird,-8.401749,True,other
truck,truck,-8.885786,True,other
bird,bird,-9.0458975,True,other
deer,deer,-9.6475,True,other
truck,truck,-5.083146,False,other
bird,bird,-10.749331,True,other
airplane,airplane,-9.616561,True,other
automobile,automobile,-10.831119,True,other
automobile,automobile,-9.415599,True,other
cat,cat,-6.181826,True,other
horse,horse,-10.108932,True,other
truck,truck,-9.689888,True,other
dog,dog,-10.760621,True,other
automobile,automobile,-10.260759,True,other
frog,frog,-8.907927,True,other
airplane,airplane,-8.212077,True,other
cat,cat,-6.7478356,True,other
cat,cat,-9.127312,True,other
horse,horse,-9.586257,True,other
bird,bird,-8.368038,True,other
deer,deer,-10.696781,True,other
dog,dog,-9.256583,True,other
bird,bird,-11.17137,True,other
cat,cat,-7.916286,True,other
frog,frog,-8.869814,True,other
cat,airplane,-6.4520764,True,other
cat,cat,-7.6496916,True,other
airplane,airplane,-9.6989,True,other
deer,deer,-9.060749,True,other
deer,frog,-6.294871,True,other
cat,cat,-8.708093,True,other
ship,ship,-9.146229,True,other
automobile,automobile,-9.544635,True,other
bird,bird,-8.336062,True,other
cat,cat,-6.326251,True,other
bird,bird,-11.489281,True,other
horse,horse,-8.059865,True,other
automobile,truck,-3.507547,False,other
deer,cat,-5.737697,True,other
dog,dog,-5.9963713,True,other
frog,frog,-9.1892,True,other
ship,ship,-8.521174,True,other
frog,frog,-10.274727,True,other
frog,frog,-6.1893334,True,other
dog,dog,-8.6495695,True,other
deer,deer,-10.218832,True,other
bird,bird,-8.607525,True,other
truck,truck,-9.286415,True,other
truck,truck,-7.733572,True,other
cat,cat,-8.238414,True,other
bird,bird,-9.675637,True,other
airplane,airplane,-8.853406,True,other
deer,deer,-8.735184,True,other
automobile,automobile,-7.9832373,True,other
dog,dog,-9.408986,True,other
dog,dog,-9.824982,True,other
frog,frog,-11.63198,True,other
frog,frog,-12.306129,True,other
dog,dog,-10.299138,True,other
frog,frog,-7.186737,True,other
truck,truck,-11.488629,True,other
horse,horse,-12.076642,True,other
truck,truck,-7.5691714,True,other
deer,deer,-9.855541,True,other
ship,ship,-9.369474,True,other
cat,cat,-7.463246,True,other
automobile,automobile,-10.270732,True,other
truck,truck,-8.469663,True,other
ship,ship,-8.272947,True,other
automobile,automobile,-10.4210415,True,other
truck,truck,-9.787779,True,other
airplane,airplane,-10.045428,True,other
cat,cat,-10.23124,True,other
airplane,airplane,-10.834973,True,other
deer,deer,-7.9698844,True,other
horse,horse,-9.834098,True,other
horse,horse,-9.107621,True,other
bird,bird,-9.047655,True,other
frog,deer,-6.3134203,True,other
dog,dog,-9.048638,True,other
frog,frog,-11.704586,True,other
truck,truck,-9.545955,True,other
horse,horse,-9.202409,True,other
horse,horse,-9.989834,True,other
dog,dog,-7.783201,True,other
horse,horse,-11.189857,True,other
airplane,airplane,-9.18678,True,other
ship,ship,-9.208627,True,other
frog,frog,-8.640038,True,other
horse,cat,-4.855985,False,other
ship,ship,-9.357874,True,other
cat,cat,-7.935764,True,other
ship,ship,-5.939443,True,other
truck,truck,-7.6750903,True,other
cat,cat,-8.296824,True,other
bird,bird,-8.9375,True,other
truck,truck,-9.44853,True,other
bird,bird,-9.434959,True,other
horse,horse,-8.856762,True,other
deer,deer,-6.907662,True,other
automobile,automobile,-7.9555635,True,other
truck,truck,-10.54201,True,other
horse,horse,-9.157417,True,other
airplane,airplane,-10.080991,True,other
ship,ship,-9.315332,True,other
automobile,automobile,-9.49939,True,other
bird,frog,-4.4224935,False,other
airplane,airplane,-10.230845,True,other
frog,frog,-10.878741,True,other
dog,dog,-9.515006,True,other
automobile,automobile,-9.564538,True,other
deer,deer,-9.293865,True,other
bird,bird,-9.814672,True,other
ship,ship,-9.48305,True,other
bird,bird,-10.715115,True,other
ship,ship,-7.845924,True,other
cat,cat,-10.068275,True,other
cat,cat,-9.106078,True,other
automobile,automobile,-8.640034,True,other
deer,deer,-9.733939,True,other
truck,truck,-10.081745,True,other
ship,ship,-9.277079,True,other
automobile,automobile,-9.7254505,True,other
automobile,automobile,-10.558817,True,other
horse,horse,-7.884659,True,other
truck,truck,-8.621803,True,other
truck,truck,-9.292806,True,other
deer,deer,-9.076342,True,other
frog,frog,-8.53646,True,other
ship,ship,-7.710557,True,other
dog,dog,-11.555299,True,other
cat,cat,-11.855266,True,other
bird,bird,-9.343199,True,other
bird,bird,-10.305265,True,other
cat,cat,-5.327904,False,other
ship,ship,-7.7523303,True,other
dog,dog,-8.452519,True,other
automobile,automobile,-9.377903,True,other
truck,truck,-10.35652,True,other
horse,horse,-10.358178,True,other
truck,truck,-8.845129,True,other
automobile,automobile,-8.74199,True,other
dog,cat,-2.724265,False,other
cat,cat,-6.328456,True,other
automobile,automobile,-6.7201824,True,other
airplane,airplane,-9.070563,True,other
cat,cat,-11.998255,True,other
ship,ship,-9.250859,True,other
truck,truck,-9.965046,True,other
bird,cat,-7.338252,True,other
airplane,airplane,-8.504638,True,other
ship,ship,-5.873236,True,other
airplane,ship,-6.9713006,True,other
horse,horse,-5.607029,False,other
truck,truck,-6.769397,True,other
deer,deer,-8.102427,True,other
ship,ship,-8.97583,True,other
cat,cat,-9.445897,True,other
airplane,airplane,-10.020785,True,other
horse,horse,-9.257686,True,other
airplane,airplane,-11.042956,True,other
horse,horse,-8.342967,True,other
airplane,airplane,-8.677475,True,other
dog,dog,-7.6545506,True,other
dog,dog,-9.214955,True,other
deer,deer,-9.034857,True,other
cat,cat,-10.289007,True,other
airplane,airplane,-10.708961,True,other
truck,truck,-10.488354,True,other
truck,truck,-9.310927,True,other
airplane,airplane,-10.008942,True,other
bird,bird,-9.832096,True,other
bird,bird,-10.095932,True,other
airplane,airplane,-9.403401,True,other
ship,ship,-9.979719,True,other
deer,deer,-8.668757,True,other
deer,deer,-8.949614,True,other
dog,dog,-10.601598,True,other
bird,bird,-7.7198477,True,other
bird,bird,-8.342086,True,other
automobile,automobile,-8.833655,True,other
automobile,automobile,-6.8953786,True,other
dog,dog,-8.990156,True,other
dog,dog,-6.409273,True,other
deer,deer,-8.52494,True,other
cat,cat,-9.5421505,True,other
deer,deer,-7.8321004,True,other
airplane,airplane,-9.216195,True,other
ship,ship,-9.550125,True,other
deer,deer,-6.9714556,True,other
ship,ship,-9.9908695,True,other
bird,bird,-7.0995774,True,other
dog,dog,-10.597436,True,other
frog,frog,-7.6834497,True,other
dog,dog,-8.727514,True,other
automobile,automobile,-9.547405,True,other
horse,horse,-9.836752,True,other
bird,bird,-10.131983,True,other
deer,deer,-8.528692,True,other
airplane,airplane,-9.215792,True,other
dog,dog,-9.566699,True,other
frog,frog,-8.487269,True,other
ship,ship,-9.402375,True,other
horse,horse,-9.506278,True,other
frog,frog,-9.9516735,True,other
cat,cat,-9.589687,True,other
automobile,automobile,-9.045495,True,other
cat,cat,-8.270741,True,other
frog,frog,-9.224843,True,other
frog,frog,-10.310857,True,other
deer,deer,-8.027807,True,other
dog,dog,-10.9425,True,other
dog,dog,-8.456933,True,other
dog,dog,-7.785271,True,other
automobile,automobile,-9.747388,True,other
ship,ship,-10.682066,True,other
horse,horse,-10.1198015,True,other
cat,cat,-9.606063,True,other
airplane,airplane,-8.982335,True,other
bird,bird,-10.6754055,True,other
dog,dog,-5.978819,True,other
automobile,automobile,-9.789834,True,other
automobile,automobile,-8.754106,True,other
automobile,automobile,-9.4602585,True,other
frog,frog,-10.149021,True,other
horse,horse,-10.658684,True,other
bird,bird,-4.797463,False,other
automobile,automobile,-9.354125,True,other
bird,bird,-9.009844,True,other
cat,cat,-7.044612,True,other
truck,truck,-9.195208,True,other
ship,ship,-13.499224,True,other
cat,cat,-8.738867,True,other
automobile,automobile,-8.782215,True,other
horse,horse,-8.781576,True,other
deer,deer,-9.225472,True,other
ship,ship,-10.176687,True,other
deer,deer,-9.569365,True,other
horse,horse,-10.093644,True,other
dog,dog,-9.212803,True,other
ship,ship,-10.215233,True,other
frog,frog,-7.646426,True,other
airplane,airplane,-8.746171,True,other
cat,dog,-7.6453686,True,other
airplane,airplane,-8.911843,True,other
ship,ship,-8.42177,True,other
cat,bird,-3.947213,False,other
deer,deer,-8.691638,True,other
deer,deer,-9.8617325,True,other
truck,truck,-10.034735,True,other
deer,deer,-5.877859,True,other
frog,frog,-9.283599,True,other
automobile,automobile,-9.8475485,True,other
dog,cat,-7.946243,True,other
horse,horse,-8.948089,True,other
horse,horse,-9.314366,True,other
truck,truck,-9.822453,True,other
airplane,airplane,-10.317782,True,other
automobile,automobile,-9.917379,True,other
cat,cat,-10.460302,True,other
automobile,automobile,-9.074899,True,other
cat,cat,-9.042111,True,other
bird,bird,-9.66857,True,other
deer,deer,-11.236688,True,other
airplane,airplane,-9.628654,True,other
horse,horse,-10.82306,True,other
ship,ship,-7.763505,True,other
cat,cat,-9.33304,True,other
automobile,automobile,-9.751871,True,other
frog,frog,-2.8633246,False,other
bird,bird,-8.420108,True,other
automobile,automobile,-9.299004,True,other
ship,ship,-9.468563,True,other
ship,ship,-8.735166,True,other
automobile,automobile,-11.062,True,other
truck,truck,-9.7633505,True,other
horse,horse,-5.2906375,False,other
dog,cat,-6.0858827,True,other
cat,cat,-4.636925,False,other
bird,bird,-10.670034,True,other
truck,truck,-9.412341,True,other
airplane,airplane,-9.7954855,True,other
frog,frog,-10.64669,True,other
ship,ship,-8.195637,True,other
deer,deer,-7.948265,True,other
automobile,automobile,-8.004079,True,other
dog,dog,-10.748826,True,other
horse,horse,-9.462597,True,other
bird,bird,-9.23584,True,other
deer,deer,-7.9244947,True,other
horse,horse,-10.035376,True,other
airplane,horse,-5.2089233,False,other
deer,deer,-8.628388,True,other
truck,truck,-9.09803,True,other
airplane,airplane,-10.410766,True,other
horse,horse,-8.981202,True,other
airplane,airplane,-10.909354,True,other
frog,frog,-7.336638,True,other
horse,horse,-9.476772,True,other
automobile,automobile,-8.898637,True,other
ship,ship,-11.339869,True,other
dog,dog,-4.693589,False,other
ship,ship,-11.057138,True,other
ship,ship,-12.209708,True,other
horse,horse,-8.903655,True,other
airplane,airplane,-10.697838,True,other
airplane,airplane,-10.200137,True,other
cat,bird,-4.4325304,False,other
bird,bird,-10.156741,True,other
dog,dog,-7.3886724,True,other
horse,horse,-8.286094,True,other
airplane,airplane,-7.206016,True,other
frog,frog,-10.193464,True,other
deer,deer,-9.200037,True,other
deer,deer,-9.915023,True,other
truck,truck,-10.297455,True,other
automobile,automobile,-9.867418,True,other
ship,ship,-10.768515,True,other
frog,frog,-8.740408,True,other
cat,cat,-7.815006,True,other
truck,truck,-9.746627,True,other
deer,deer,-8.962253,True,other
truck,truck,-9.435566,True,other
cat,cat,-10.178189,True,other
cat,cat,-9.33292,True,other
horse,horse,-10.347171,True,other
dog,dog,-8.018069,True,other
truck,truck,-9.28056,True,other
horse,horse,-9.813712,True,other
horse,horse,-6.8488836,True,other
deer,deer,-9.1496105,True,other
dog,dog,-8.251947,True,other
ship,ship,-9.837227,True,other
bird,bird,-12.476282,True,other
ship,ship,-9.588359,True,other
truck,truck,-9.100827,True,other
dog,dog,-10.416899,True,other
cat,cat,-8.462555,True,other
automobile,automobile,-9.243814,True,other
truck,truck,-9.62003,True,other
bird,bird,-8.444927,True,other
bird,bird,-9.56567,True,other
airplane,airplane,-10.599168,True,other
automobile,automobile,-9.30677,True,other
automobile,truck,-6.9280934,True,other
ship,ship,-8.9145565,True,other
automobile,automobile,-9.844773,True,other
automobile,automobile,-8.917332,True,other
truck,truck,-7.9248567,True,other
ship,ship,-9.15663,True,other
truck,truck,-8.878677,True,other
truck,truck,-9.068237,True,other
airplane,airplane,-9.00372,True,other
bird,bird,-9.307311,True,other
frog,frog,-9.964818,True,other
truck,truck,-9.67046,True,other
automobile,automobile,-9.799832,True,other
truck,truck,-11.061537,True,other
airplane,airplane,-3.4818544,False,other
automobile,automobile,-5.6319227,False,other
truck,truck,-9.100285,True,other
bird,bird,-9.34844,True,other
truck,ship,-8.049704,True,other
truck,truck,-9.522673,True,other
truck,truck,-9.281954,True,other
airplane,automobile,-7.6070385,True,other
truck,truck,-8.603773,True,other
truck,truck,-8.388081,True,other
bird,bird,-10.160673,True,other
automobile,automobile,-8.705369,True,other
horse,horse,-9.479899,True,other
airplane,airplane,-10.915267,True,other
dog,dog,-9.31982,True,other
frog,frog,-9.486392,True,other
cat,dog,-5.9252143,True,other
truck,truck,-6.3745003,True,other
ship,ship,-9.945916,True,other
cat,cat,-10.004401,True,other
airplane,airplane,-9.591424,True,other
bird,bird,-9.922296,True,other
horse,horse,-8.686338,True,other
horse,horse,-10.515589,True,other
deer,deer,-8.576947,True,other
ship,ship,-10.029148,True,other
cat,cat,-10.584984,True,other
airplane,airplane,-10.541006,True,other
dog,deer,-5.369583,False,other
bird,bird,-8.96442,True,other
cat,cat,-11.003072,True,other
dog,dog,-9.734059,True,other
horse,horse,-10.293215,True,other
frog,frog,-8.772692,True,other
frog,frog,-8.725843,True,other
frog,frog,-8.991083,True,other
dog,dog,-12.5936775,True,other
frog,frog,-9.483591,True,other
dog,dog,-7.0313835,True,other
deer,deer,-9.985557,True,other
dog,dog,-8.883745,True,other
ship,ship,-10.687567,True,other
ship,ship,-8.827583,True,other
airplane,airplane,-9.567895,True,other
truck,truck,-9.948355,True,other
horse,airplane,-3.8890126,False,other
truck,truck,-9.047359,True,other
airplane,ship,-4.7084646,False,other
frog,frog,-10.322695,True,other
truck,truck,-9.631367,True,other
frog,frog,-7.8025517,True,other
automobile,automobile,-8.956775,True,other
deer,deer,-4.568449,False,other
horse,horse,-8.846135,True,other
truck,truck,-8.598776,True,other
airplane,airplane,-9.429492,True,other
cat,cat,-4.785581,False,other
dog,dog,-8.699214,True,other
deer,deer,-8.927482,True,other
horse,horse,-10.246158,True,other
frog,frog,-9.260704,True,other
truck,truck,-10.308535,True,other
ship,ship,-8.524023,True,other
bird,bird,-10.471289,True,other
cat,cat,-7.200431,True,other
truck,truck,-9.537035,True,other
cat,cat,-8.769456,True,other
cat,dog,-8.34611,True,other
horse,horse,-8.114862,True,other
ship,ship,-9.562441,True,other
cat,cat,-13.886015,True,other
dog,dog,-7.908824,True,other
dog,dog,-8.3988085,True,other
truck,truck,-10.419353,True,other
frog,frog,-11.212723,True,other
automobile,automobile,-11.3360195,True,other
deer,deer,-7.270482,True,other
horse,horse,-9.858882,True,other
deer,deer,-9.41809,True,other
ship,ship,-9.817571,True,other
horse,horse,-9.468262,True,other
horse,horse,-9.495519,True,other
automobile,automobile,-7.490478,True,other
cat,cat,-7.724279,True,other
airplane,airplane,-8.379422,True,other
cat,cat,-10.588147,True,other
bird,bird,-5.454503,False,other
dog,dog,-5.976377,True,other
deer,deer,-8.533006,True,other
truck,truck,-7.621295,True,other
cat,cat,-8.746223,True,other
dog,dog,-11.386575,True,other
deer,deer,-8.375941,True,other
horse,horse,-9.264834,True,other
airplane,airplane,-10.018022,True,other
cat,cat,-7.1244187,True,other
horse,horse,-8.173585,True,other
airplane,airplane,-9.841856,True,other
bird,bird,-7.8331137,True,other
automobile,automobile,-10.427699,True,other
dog,dog,-6.955182,True,other
ship,ship,-9.542579,True,other
horse,horse,-9.486224,True,other
cat,cat,-9.475478,True,other
dog,dog,-10.280448,True,other
horse,horse,-8.789546,True,other
ship,ship,-9.416317,True,other
dog,dog,-9.935758,True,other
horse,horse,-10.275035,True,other
ship,ship,-9.745026,True,other
automobile,automobile,-9.260101,True,other
dog,cat,-3.476645,False,other
deer,deer,-10.337065,True,other
horse,horse,-9.35006,True,other
airplane,airplane,-6.477567,True,other
ship,ship,-10.091508,True,other
cat,cat,-9.82162,True,other
bird,bird,-9.25105,True,other
truck,truck,-10.622136,True,other
horse,horse,-10.096484,True,other
deer,deer,-8.84961,True,other
automobile,automobile,-9.638603,True,other
frog,frog,-8.860468,True,other
dog,dog,-9.915196,True,other
truck,truck,-9.266325,True,other
ship,ship,-11.223527,True,other
dog,dog,-10.427949,True,other
dog,dog,-9.047984,True,other
deer,deer,-6.088451,True,other
automobile,automobile,-8.995302,True,other
airplane,airplane,-8.752887,True,other
truck,truck,-9.951968,True,other
deer,deer,-9.931547,True,other
deer,deer,-7.164645,True,other
cat,cat,-6.8260508,True,other
airplane,airplane,-4.804904,False,other
deer,deer,-8.623703,True,other
ship,ship,-6.6065288,True,other
airplane,airplane,-8.464855,True,other
ship,ship,-9.130415,True,other
bird,bird,-9.676992,True,other
truck,truck,-9.393951,True,other
dog,cat,-5.2397304,False,other
truck,truck,-10.005971,True,other
horse,horse,-9.245181,True,other
deer,dog,-4.7117095,False,other
frog,frog,-9.327545,True,other
horse,horse,-9.57774,True,other
truck,truck,-10.184345,True,other
bird,bird,-8.516946,True,other
truck,truck,-5.9741144,True,other
cat,cat,-9.454262,True,other
horse,horse,-8.581888,True,other
horse,horse,-10.183582,True,other
ship,ship,-11.939884,True,other
bird,bird,-8.643378,True,other
bird,bird,-8.256396,True,other
airplane,airplane,-8.29215,True,other
bird,bird,-9.697664,True,other
dog,dog,-9.699489,True,other
cat,cat,-8.531126,True,other
frog,frog,-9.703494,True,other
deer,deer,-10.112776,True,other
horse,horse,-10.516151,True,other
bird,bird,-9.9804325,True,other
cat,bird,-7.662453,True,other
horse,dog,-7.0534053,True,other
ship,ship,-9.81977,True,other
horse,horse,-10.998517,True,other
bird,bird,-9.048147,True,other
dog,dog,-9.959913,True,other
airplane,airplane,-6.8769574,True,other
airplane,truck,-5.474858,False,other
horse,horse,-11.72832,True,other
airplane,airplane,-7.3101726,True,other
truck,truck,-7.0000267,True,other
frog,frog,-10.263552,True,other
automobile,automobile,-8.971983,True,other
airplane,ship,-5.972533,True,other
cat,dog,-7.6103797,True,other
truck,truck,-7.7703714,True,other
horse,horse,-9.215114,True,other
deer,deer,-5.867373,True,other
truck,truck,-9.61207,True,other
automobile,automobile,-8.621946,True,other
frog,frog,-5.984841,True,other
ship,ship,-10.522711,True,other
automobile,automobile,-9.385982,True,other
bird,bird,-10.674723,True,other
cat,cat,-9.11577,True,other
cat,dog,-6.912905,True,other
dog,dog,-7.4064875,True,other
deer,deer,-7.6456423,True,other
ship,ship,-4.113773,False,other
truck,truck,-10.368826,True,other
horse,dog,-8.227398,True,other
deer,deer,-7.434906,True,other
deer,deer,-9.34395,True,other
automobile,automobile,-9.258037,True,other
bird,bird,-8.7765,True,other
deer,deer,-8.23845,True,other
truck,truck,-9.160717,True,other
ship,ship,-8.667488,True,other
horse,horse,-9.455461,True,other
truck,truck,-9.501924,True,other
dog,dog,-9.948724,True,other
automobile,automobile,-10.170021,True,other
bird,bird,-8.9610615,True,other
automobile,automobile,-8.913084,True,other
frog,frog,-5.114308,False,other
frog,frog,-8.1362095,True,other
deer,deer,-6.50318,True,other
dog,dog,-9.496219,True,other
horse,horse,-9.694089,True,other
deer,deer,-8.207229,True,other
dog,dog,-9.191623,True,other
ship,ship,-8.698692,True,other
dog,dog,-7.8030715,True,other
bird,bird,-8.550226,True,other
ship,ship,-8.741842,True,other
horse,horse,-7.9477286,True,other
ship,ship,-11.086036,True,other
bird,bird,-7.3929605,True,other
cat,cat,-7.2248054,True,other
frog,frog,-10.327262,True,other
automobile,automobile,-9.012209,True,other
cat,cat,-6.9786887,True,other
cat,cat,-9.756965,True,other
automobile,automobile,-7.532028,True,other
dog,dog,-9.252375,True,other
automobile,automobile,-8.854196,True,other
truck,truck,-8.889914,True,other
airplane,airplane,-11.236701,True,other
truck,truck,-10.451564,True,other
bird,bird,-11.225872,True,other
airplane,airplane,-8.892472,True,other
frog,automobile,-4.143717,False,other
bird,bird,-9.05068,True,other
deer,deer,-8.544674,True,other
ship,ship,-9.61844,True,other
dog,dog,-8.375841,True,other
horse,horse,-8.879777,True,other
frog,frog,-8.935048,True,other
automobile,automobile,-9.449816,True,other
bird,bird,-9.538981,True,other
truck,truck,-9.840057,True,other
deer,deer,-8.937988,True,other
dog,dog,-11.358596,True,other
airplane,airplane,-9.447736,True,other
cat,cat,-9.770088,True,other
cat,cat,-10.337172,True,other
horse,horse,-10.946551,True,other
horse,horse,-2.9861915,False,other
horse,horse,-8.496358,True,other
automobile,automobile,-10.066917,True,other
deer,deer,-9.099228,True,other
dog,dog,-7.9632845,True,other
airplane,airplane,-9.937935,True,other
bird,bird,-8.961506,True,other
ship,ship,-9.317347,True,other
dog,dog,-10.041179,True,other
airplane,airplane,-6.577894,True,other
airplane,airplane,-9.916586,True,other
frog,frog,-10.514537,True,other
bird,bird,-9.473402,True,other
airplane,airplane,-8.54456,True,other
ship,ship,-9.426121,True,other
deer,deer,-9.931112,True,other
dog,dog,-11.053853,True,other
deer,deer,-8.869226,True,other
dog,dog,-10.99204,True,other
frog,frog,-9.044914,True,other
deer,deer,-7.9209557,True,other
horse,horse,-9.60058,True,other
truck,truck,-10.374401,True,other
deer,deer,-8.529794,True,other
bird,bird,-9.556198,True,other
airplane,airplane,-8.893531,True,other
frog,frog,-8.072033,True,other
deer,deer,-5.146045,False,other
airplane,bird,-9.226284,True,other
airplane,airplane,-10.34003,True,other
frog,dog,-5.214453,False,other
deer,deer,-8.238874,True,other
frog,frog,-9.896649,True,other
automobile,automobile,-9.908408,True,other
truck,automobile,-6.303325,True,other
dog,dog,-10.357209,True,other
dog,dog,-9.263824,True,other
bird,bird,-7.888771,True,other
bird,bird,-8.917994,True,other
frog,frog,-9.554571,True,other
cat,cat,-9.647908,True,other
deer,deer,-9.369452,True,other
dog,dog,-12.270026,True,other
truck,automobile,-5.236298,False,other
automobile,automobile,-9.285279,True,other
horse,horse,-7.2428713,True,other
bird,bird,-10.445272,True,other
cat,cat,-8.758082,True,other
truck,truck,-7.9549766,True,other
frog,frog,-9.512655,True,other
dog,dog,-10.16504,True,other
airplane,airplane,-9.668794,True,other
bird,bird,-8.969672,True,other
truck,truck,-8.404798,True,other
horse,horse,-9.389663,True,other
automobile,automobile,-8.954401,True,other
horse,horse,-6.796003,True,other
bird,bird,-8.500101,True,other
bird,bird,-4.5484114,False,other
airplane,airplane,-8.024611,True,other
ship,ship,-8.304234,True,other
frog,frog,-9.024347,True,other
deer,deer,-8.907654,True,other
cat,cat,-10.115787,True,other
bird,bird,-8.884022,True,other
horse,horse,-9.275814,True,other
horse,horse,-8.477345,True,other
airplane,airplane,-9.15232,True,other
deer,deer,-10.477865,True,other
automobile,automobile,-9.316875,True,other
frog,frog,-10.735389,True,other
dog,dog,-8.935208,True,other
automobile,automobile,-9.414387,True,other
cat,cat,-8.544179,True,other
airplane,airplane,-5.144318,False,other
cat,cat,-8.705435,True,other
truck,truck,-10.33448,True,other
airplane,airplane,-10.091657,True,other
airplane,airplane,-5.990068,True,other
bird,bird,-6.691361,True,other
dog,dog,-5.0895233,False,other
airplane,airplane,-4.848741,False,other
deer,deer,-10.116709,True,other
airplane,airplane,-9.583951,True,other
automobile,automobile,-9.5788765,True,other
truck,truck,-6.259654,True,other
ship,ship,-8.015834,True,other
deer,deer,-10.032947,True,other
truck,truck,-9.195409,True,other
deer,deer,-8.736979,True,other
bird,bird,-11.8806715,True,other
deer,deer,-8.401422,True,other
cat,cat,-11.744908,True,other
cat,cat,-9.88031,True,other
deer,deer,-9.286575,True,other
airplane,airplane,-8.582711,True,other
deer,deer,-8.647916,True,other
cat,cat,-9.402153,True,other
bird,dog,-4.3698545,False,other
ship,ship,-11.262143,True,other
truck,truck,-9.781275,True,other
automobile,automobile,-4.9280396,False,other
dog,dog,-10.334231,True,other
ship,ship,-10.117076,True,other
automobile,automobile,-9.87237,True,other
ship,ship,-10.721968,True,other
bird,bird,-10.387888,True,other
deer,deer,-8.125786,True,other
dog,deer,-5.6172385,False,other
bird,bird,-9.478098,True,other
deer,deer,-9.932714,True,other
automobile,automobile,-8.488897,True,other
automobile,automobile,-9.72048,True,other
frog,frog,-8.293076,True,other
frog,frog,-8.186682,True,other
ship,truck,-6.0943294,True,other
dog,dog,-10.592818,True,other
bird,bird,-10.774566,True,other
bird,bird,-8.689712,True,other
dog,dog,-9.545844,True,other
airplane,airplane,-10.094647,True,other
ship,ship,-8.875456,True,other
bird,bird,-10.451124,True,other
cat,cat,-5.715719,False,other
frog,frog,-6.3441215,True,other
bird,bird,-8.27962,True,other
truck,truck,-10.454157,True,other
frog,frog,-8.343933,True,other
automobile,automobile,-11.182424,True,other
deer,deer,-10.624485,True,other
dog,dog,-8.351193,True,other
truck,truck,-9.4009,True,other
airplane,airplane,-10.466641,True,other
automobile,automobile,-8.920746,True,other
airplane,airplane,-9.609466,True,other
airplane,airplane,-9.0675535,True,other
ship,ship,-11.029516,True,other
automobile,automobile,-10.245486,True,other
automobile,automobile,-8.96871,True,other
frog,frog,-10.511488,True,other
frog,frog,-10.163653,True,other
truck,truck,-4.211371,False,other
dog,dog,-8.092441,True,other
deer,deer,-8.881203,True,other
automobile,truck,-7.9399977,True,other
horse,horse,-10.543689,True,other
ship,ship,-10.692318,True,other
frog,frog,-9.501368,True,other
truck,truck,-9.408506,True,other
automobile,automobile,-9.208957,True,other
horse,horse,-10.073705,True,other
frog,frog,-8.909331,True,other
airplane,airplane,-10.039137,True,other
truck,truck,-8.13513,True,other
cat,cat,-9.1911125,True,other
dog,dog,-9.155514,True,other
cat,cat,-9.619727,True,other
bird,bird,-9.163555,True,other
dog,cat,-6.248536,True,other
cat,cat,-8.239716,True,other
deer,deer,-8.4720745,True,other
truck,truck,-8.828964,True,other
horse,horse,-10.952592,True,other
automobile,automobile,-9.471667,True,other
deer,deer,-9.1031885,True,other
deer,deer,-10.1097,True,other
frog,frog,-8.485767,True,other
automobile,automobile,-10.36767,True,other
cat,cat,-9.219073,True,other
ship,ship,-10.42564,True,other
ship,ship,-10.332159,True,other
airplane,airplane,-9.060906,True,other
frog,frog,-10.232315,True,other
horse,horse,-9.039094,True,other
horse,horse,-9.019205,True,other
frog,frog,-11.031576,True,other
horse,horse,-10.281703,True,other
bird,bird,-6.4622993,True,other
cat,ship,-3.9441004,False,other
bird,bird,-9.54478,True,other
bird,deer,-5.5320015,False,other
frog,frog,-8.374163,True,other
bird,bird,-8.579245,True,other
horse,horse,-9.697473,True,other
deer,cat,-6.7161946,True,other
airplane,airplane,-4.093514,False,other
cat,cat,-8.567853,True,other
frog,frog,-9.740039,True,other
bird,bird,-9.782707,True,other
frog,frog,-8.510485,True,other
cat,cat,-8.521349,True,other
cat,cat,-3.6856925,False,other
airplane,airplane,-11.13499,True,other
truck,truck,-10.156159,True,other
dog,dog,-7.677037,True,other
automobile,automobile,-8.57477,True,other
automobile,automobile,-5.6823964,False,other
dog,dog,-11.057326,True,other
cat,cat,-8.910399,True,other
frog,bird,-6.461206,True,other
deer,deer,-7.228545,True,other
cat,cat,-10.971944,True,other
deer,bird,-5.673553,False,other
automobile,automobile,-8.867123,True,other
airplane,airplane,-10.165467,True,other
deer,deer,-7.268638,True,other
dog,dog,-3.9746585,False,other
dog,dog,-10.777319,True,other
bird,bird,-8.11798,True,other
ship,ship,-8.017221,True,other
truck,truck,-10.934549,True,other
deer,deer,-5.500098,False,other
cat,cat,-9.033456,True,other
automobile,automobile,-8.844866,True,other
ship,ship,-9.253676,True,other
airplane,airplane,-7.62124,True,other
automobile,automobile,-8.565447,True,other
cat,cat,-9.537713,True,other
cat,cat,-10.683601,True,other
deer,deer,-5.2200913,False,other
deer,deer,-8.3898735,True,other
bird,bird,-7.025953,True,other
truck,truck,-8.455528,True,other
horse,horse,-9.343406,True,other
frog,frog,-10.372933,True,other
ship,ship,-9.991301,True,other
automobile,automobile,-9.181863,True,other
ship,ship,-8.278863,True,other
truck,truck,-10.918455,True,other
automobile,automobile,-5.574731,False,other
cat,cat,-5.1351085,False,other
automobile,automobile,-11.046175,True,other
horse,horse,-9.9792185,True,other
cat,cat,-8.945515,True,other
airplane,airplane,-9.497949,True,other
airplane,airplane,-8.290411,True,other
bird,bird,-10.436078,True,other
ship,ship,-5.7163906,False,other
cat,cat,-7.9061623,True,other
truck,truck,-9.535391,True,other
bird,bird,-9.27223,True,other
horse,horse,-7.6799912,True,other
bird,bird,-8.402914,True,other
frog,frog,-8.727293,True,other
airplane,airplane,-9.407234,True,other
automobile,automobile,-9.620328,True,other
frog,frog,-9.993523,True,other
automobile,automobile,-9.531378,True,other
frog,frog,-9.296813,True,other
horse,horse,-8.593091,True,other
dog,dog,-11.434546,True,other
dog,dog,-9.634164,True,other
bird,bird,-11.041824,True,other
dog,dog,-7.027523,True,other
truck,truck,-9.397715,True,other
deer,deer,-9.142592,True,other
airplane,airplane,-10.957284,True,other
bird,bird,-11.060116,True,other
cat,cat,-9.975045,True,other
deer,deer,-9.645607,True,other
truck,truck,-5.604144,False,other
deer,deer,-9.130502,True,other
automobile,automobile,-10.17861,True,other
airplane,airplane,-8.744234,True,other
airplane,airplane,-8.684647,True,other
bird,bird,-10.066456,True,other
cat,cat,-8.335863,True,other
ship,ship,-4.9367957,False,other
truck,truck,-9.492532,True,other
bird,bird,-8.851937,True,other
ship,ship,-10.450375,True,other
truck,truck,-9.561125,True,other
dog,dog,-10.892409,True,other
horse,horse,-9.408152,True,other
truck,truck,-9.3660755,True,other
automobile,automobile,-9.396759,True,other
deer,deer,-8.797002,True,other
frog,frog,-10.032742,True,other
bird,bird,-10.850015,True,other
ship,ship,-10.719397,True,other
deer,cat,-3.0075095,False,other
deer,deer,-10.604034,True,other
ship,ship,-8.705116,True,other
truck,truck,-9.954227,True,other
cat,cat,-10.334681,True,other
automobile,automobile,-9.315334,True,other
automobile,automobile,-8.816383,True,other
frog,frog,-9.400778,True,other
dog,dog,-2.8398209,False,other
ship,ship,-11.472583,True,other
deer,deer,-9.008932,True,other
frog,frog,-10.797278,True,other
deer,cat,-4.9936337,False,other
dog,dog,-10.650114,True,other
bird,bird,-8.272621,True,other
frog,frog,-7.102004,True,other
deer,deer,-8.95381,True,other
bird,bird,-9.340896,True,other
cat,cat,-7.6474023,True,other
automobile,automobile,-7.506552,True,other
cat,deer,-7.361307,True,other
frog,frog,-10.142284,True,other
ship,ship,-8.581749,True,other
dog,dog,-11.408481,True,other
bird,bird,-9.934098,True,other
bird,bird,-6.6699514,True,other
horse,horse,-9.228138,True,other
automobile,automobile,-8.317257,True,other
frog,frog,-8.421005,True,other
bird,bird,-8.96963,True,other
dog,dog,-9.389083,True,other
truck,truck,-9.62768,True,other
bird,bird,-3.865525,False,other
ship,ship,-11.041097,True,other
automobile,automobile,-9.870637,True,other
frog,frog,-9.691357,True,other
truck,truck,-9.850134,True,other
bird,bird,-8.22685,True,other
horse,horse,-8.652266,True,other
dog,dog,-7.291356,True,other
cat,cat,-9.871518,True,other
bird,bird,-9.452853,True,other
truck,truck,-9.728823,True,other
horse,horse,-10.534959,True,other
airplane,airplane,-9.747619,True,other
bird,bird,-9.81778,True,other
truck,truck,-10.307459,True,other
cat,cat,-10.857052,True,other
deer,deer,-8.374777,True,other
automobile,automobile,-10.804739,True,other
horse,horse,-8.642495,True,other
truck,truck,-9.156159,True,other
dog,dog,-9.909613,True,other
ship,ship,-9.984618,True,other
truck,truck,-7.8505936,True,other
horse,horse,-8.809514,True,other
cat,cat,-7.8848987,True,other
deer,cat,-6.4223094,True,other
airplane,airplane,-7.906873,True,other
truck,truck,-7.6004496,True,other
horse,horse,-8.836818,True,other
deer,deer,-8.435738,True,other
bird,bird,-7.1470146,True,other
deer,deer,-9.372976,True,other
horse,horse,-9.850883,True,other
airplane,airplane,-7.5687895,True,other
automobile,automobile,-9.131914,True,other
ship,ship,-11.369852,True,other
automobile,automobile,-8.34033,True,other
airplane,airplane,-9.30183,True,other
deer,deer,-8.79995,True,other
frog,frog,-9.118048,True,other
automobile,automobile,-10.350249,True,other
truck,truck,-9.525282,True,other
truck,truck,-8.844168,True,other
bird,bird,-8.555336,True,other
automobile,automobile,-8.463708,True,other
bird,bird,-8.115385,True,other
dog,cat,-7.460295,True,other
frog,frog,-9.205156,True,other
truck,truck,-10.882068,True,other
horse,horse,-10.570947,True,other
horse,horse,-8.624524,True,other
cat,cat,-6.815797,True,other
deer,deer,-9.582104,True,other
bird,bird,-8.596931,True,other
airplane,airplane,-10.426703,True,other
bird,bird,-6.0155945,True,other
dog,dog,-9.26682,True,other
frog,dog,-4.5209827,False,other
horse,horse,-8.659178,True,other
cat,frog,-4.8063707,False,other
horse,horse,-8.030351,True,other
truck,truck,-3.4216094,False,other
deer,deer,-9.220851,True,other
bird,bird,-8.788246,True,other
airplane,airplane,-6.3044753,True,other
frog,frog,-8.416912,True,other
automobile,automobile,-9.371794,True,other
horse,horse,-8.760109,True,other
dog,dog,-9.676751,True,other
frog,frog,-9.705168,True,other
dog,dog,-8.58705,True,other
cat,dog,-7.29115,True,other
truck,truck,-11.716024,True,other
bird,bird,-9.7642765,True,other
horse,horse,-8.920423,True,other
ship,ship,-8.92576,True,other
dog,dog,-10.103324,True,other
truck,truck,-9.07266,True,other
dog,dog,-7.275895,True,other
ship,ship,-9.561662,True,other
dog,dog,-7.9252734,True,other
deer,deer,-10.184077,True,other
cat,cat,-10.041672,True,other
horse,horse,-9.816134,True,other
truck,truck,-10.166801,True,other
ship,ship,-11.739313,True,other
automobile,automobile,-9.449123,True,other
bird,bird,-7.1577544,True,other
bird,bird,-9.309537,True,other
ship,ship,-10.546919,True,other
truck,truck,-8.976822,True,other
cat,cat,-8.570044,True,other
airplane,airplane,-8.58607,True,other
ship,ship,-5.319403,False,other
deer,deer,-8.80018,True,other
airplane,airplane,-8.873324,True,other
bird,bird,-9.90597,True,other
airplane,airplane,-8.802382,True,other
automobile,automobile,-11.294551,True,other
deer,deer,-8.669431,True,other
automobile,cat,-3.6607437,False,other
ship,ship,-9.509138,True,other
dog,dog,-8.915109,True,other
dog,dog,-9.274054,True,other
horse,horse,-9.269468,True,other
truck,truck,-9.897049,True,other
ship,ship,-8.460587,True,other
cat,cat,-8.232103,True,other
horse,horse,-8.937355,True,other
truck,truck,-9.0347,True,other
automobile,automobile,-10.231049,True,other
dog,dog,-9.18968,True,other
frog,frog,-5.62972,False,other
truck,truck,-9.782776,True,other
ship,ship,-7.7087345,True,other
horse,horse,-10.557164,True,other
bird,bird,-10.980862,True,other
airplane,airplane,-9.489253,True,other
truck,truck,-10.12926,True,other
airplane,airplane,-10.895562,True,other
ship,ship,-8.951363,True,other
dog,dog,-7.8365774,True,other
truck,truck,-8.640061,True,other
deer,dog,-6.342686,True,other
bird,bird,-8.153773,True,other
truck,truck,-9.574294,True,other
ship,ship,-9.183415,True,other
automobile,automobile,-10.376779,True,other
truck,truck,-9.176807,True,other
automobile,automobile,-9.236571,True,other
ship,ship,-9.233189,True,other
cat,cat,-9.893704,True,other
horse,horse,-8.94395,True,other
frog,frog,-9.059056,True,other
deer,deer,-8.490781,True,other
bird,bird,-10.754192,True,other
cat,cat,-10.675451,True,other
horse,horse,-8.368678,True,other
airplane,airplane,-11.389304,True,other
cat,dog,-6.879859,True,other
dog,dog,-10.364671,True,other
ship,ship,-9.422184,True,other
ship,ship,-8.603888,True,other
ship,ship,-9.619751,True,other
horse,horse,-11.895119,True,other
truck,truck,-9.504011,True,other
frog,frog,-8.476784,True,other
bird,bird,-12.219732,True,other
horse,horse,-9.0920725,True,other
deer,deer,-9.980109,True,other
dog,dog,-8.308255,True,other
horse,horse,-9.697605,True,other
frog,frog,-10.7674,True,other
horse,horse,-10.310091,True,other
automobile,automobile,-9.602869,True,other
horse,horse,-6.6231704,True,other
cat,cat,-6.405133,True,other
frog,frog,-7.942436,True,other
ship,ship,-9.756938,True,other
bird,bird,-7.217366,True,other
frog,frog,-8.4498625,True,other
frog,frog,-9.582166,True,other
horse,horse,-8.347562,True,other
automobile,automobile,-8.621051,True,other
dog,dog,-10.576102,True,other
truck,truck,-10.283456,True,other
horse,horse,-9.585462,True,other
automobile,automobile,-8.318171,True,other
horse,horse,-10.533765,True,other
airplane,airplane,-8.431085,True,other
automobile,automobile,-9.199771,True,other
frog,bird,-6.6168885,True,other
cat,cat,-9.962981,True,other
cat,cat,-3.2577271,False,other
truck,truck,-10.2340145,True,other
airplane,airplane,-10.829366,True,other
automobile,automobile,-9.078657,True,other
bird,bird,-10.101917,True,other
cat,cat,-7.681942,True,other
bird,bird,-9.931648,True,other
bird,bird,-8.488129,True,other
dog,bird,-5.6117535,False,other
deer,deer,-7.6747375,True,other
truck,truck,-9.626522,True,other
ship,ship,-9.54435,True,other
horse,horse,-5.577904,False,other
deer,deer,-9.633812,True,other
deer,deer,-10.923716,True,other
truck,truck,-9.838044,True,other
horse,horse,-9.348734,True,other
frog,frog,-8.5565195,True,other
horse,horse,-9.247467,True,other
horse,horse,-7.27304,True,other
automobile,automobile,-9.797721,True,other
bird,bird,-11.298199,True,other
cat,horse,-6.970625,True,other
dog,dog,-8.872845,True,other
automobile,automobile,-9.308763,True,other
truck,truck,-9.789728,True,other
airplane,airplane,-7.834705,True,other
cat,cat,-9.166052,True,other
cat,cat,-10.204643,True,other
automobile,automobile,-9.413404,True,other
dog,dog,-10.959965,True,other
frog,frog,-10.363141,True,other
frog,frog,-10.818264,True,other
bird,bird,-11.595856,True,other
deer,deer,-8.188606,True,other
frog,frog,-10.025184,True,other
ship,ship,-10.408344,True,other
ship,ship,-11.786548,True,other
truck,truck,-10.218907,True,other
frog,frog,-9.54286,True,other
frog,frog,-8.814944,True,other
automobile,automobile,-9.094519,True,other
airplane,airplane,-8.758756,True,other
horse,horse,-8.799935,True,other
dog,dog,-8.334093,True,other
ship,ship,-8.55286,True,other
bird,bird,-8.170904,True,other
automobile,automobile,-8.188739,True,other
dog,dog,-7.706707,True,other
ship,ship,-8.68007,True,other
automobile,automobile,-9.01859,True,other
deer,deer,-9.655791,True,other
horse,horse,-7.463441,True,other
dog,dog,-10.225392,True,other
airplane,airplane,-9.03095,True,other
cat,frog,-5.1787252,False,other
truck,airplane,-8.926719,True,other
truck,truck,-9.680617,True,other
dog,dog,-10.563495,True,other
bird,bird,-9.307089,True,other
ship,ship,-11.160257,True,other
deer,deer,-8.074878,True,other
automobile,automobile,-9.827838,True,other
truck,truck,-8.5204735,True,other
airplane,airplane,-9.789436,True,other
deer,deer,-10.285874,True,other
deer,deer,-9.060371,True,other
ship,ship,-8.752539,True,other
bird,bird,-9.487147,True,other
truck,truck,-7.891266,True,other
airplane,airplane,-7.6680636,True,other
horse,horse,-8.782101,True,other
truck,truck,-9.624999,True,other
ship,ship,-10.0055065,True,other
horse,horse,-9.768485,True,other
automobile,automobile,-8.628482,True,other
cat,cat,-5.5123506,False,other
bird,horse,-5.597388,False,other
truck,truck,-6.40598,True,other
truck,ship,-2.3576431,False,other
dog,dog,-11.140124,True,other
truck,truck,-9.784296,True,other
horse,horse,-8.426045,True,other
frog,frog,-8.164668,True,other
horse,horse,-9.106606,True,other
horse,horse,-9.917438,True,other
automobile,automobile,-9.32509,True,other
automobile,automobile,-10.187603,True,other
bird,bird,-8.135996,True,other
deer,deer,-9.131779,True,other
bird,bird,-8.805399,True,other
airplane,airplane,-9.416744,True,other
frog,frog,-9.732588,True,other
ship,ship,-10.197966,True,other
horse,cat,-3.814403,False,other
frog,frog,-9.061329,True,other
bird,bird,-10.348928,True,other
bird,bird,-8.39055,True,other
truck,truck,-9.729761,True,other
ship,airplane,-7.4980197,True,other
bird,frog,-4.528347,False,other
deer,deer,-7.0991926,True,other
bird,bird,-6.120425,True,other
airplane,airplane,-8.881689,True,other
dog,dog,-9.238669,True,other
ship,ship,-10.914736,True,other
frog,frog,-8.615829,True,other
ship,ship,-10.148428,True,other
bird,bird,-8.452604,True,other
horse,horse,-9.093777,True,other
horse,horse,-10.25186,True,other
cat,dog,-6.8420954,True,other
automobile,automobile,-7.150909,True,other
ship,ship,-9.499736,True,other
automobile,automobile,-9.56776,True,other
frog,frog,-5.3658423,False,other
dog,dog,-6.7065496,True,other
truck,truck,-9.849253,True,other
horse,horse,-9.507854,True,other
ship,ship,-9.476635,True,other
truck,truck,-9.02948,True,other
frog,frog,-10.037933,True,other
deer,deer,-6.681365,True,other
ship,ship,-10.216282,True,other
automobile,automobile,-9.185977,True,other
truck,truck,-9.671922,True,other
deer,deer,-9.4601145,True,other
airplane,airplane,-10.31313,True,other
deer,deer,-10.017047,True,other
automobile,automobile,-8.845651,True,other
deer,deer,-10.321098,True,other
cat,cat,-6.171191,True,other
frog,frog,-9.4006195,True,other
bird,bird,-7.955949,True,other
bird,bird,-9.958355,True,other
horse,airplane,-6.3825517,True,other
airplane,airplane,-8.498138,True,other
airplane,airplane,-6.656036,True,other
horse,horse,-8.798228,True,other
airplane,airplane,-10.599328,True,other
horse,horse,-9.892856,True,other
deer,deer,-8.8003,True,other
cat,cat,-8.859172,True,other
frog,bird,-7.868661,True,other
horse,horse,-9.453551,True,other
horse,horse,-9.072148,True,other
deer,deer,-8.445674,True,other
dog,dog,-9.359267,True,other
deer,deer,-9.381895,True,other
cat,cat,-9.1179495,True,other
dog,cat,-6.365423,True,other
dog,dog,-10.897405,True,other
deer,deer,-9.4719715,True,other
horse,airplane,-6.847819,True,other
automobile,airplane,-6.70254,True,other
airplane,airplane,-9.2581,True,other
horse,horse,-9.676684,True,other
horse,horse,-9.847743,True,other
automobile,automobile,-9.282462,True,other
frog,frog,-7.845367,True,other
dog,dog,-9.199707,True,other
airplane,airplane,-9.312011,True,other
horse,horse,-9.3417015,True,other
horse,horse,-8.66154,True,other
deer,deer,-9.36618,True,other
frog,frog,-10.344967,True,other
automobile,automobile,-8.967048,True,other
ship,ship,-9.14304,True,other
dog,dog,-9.469626,True,other
truck,truck,-9.596507,True,other
cat,cat,-9.187589,True,other
dog,dog,-8.962131,True,other
frog,frog,-10.5962925,True,other
bird,bird,-8.083765,True,other
bird,bird,-10.409178,True,other
horse,horse,-9.249634,True,other
cat,cat,-5.9561687,True,other
dog,dog,-9.834063,True,other
ship,ship,-8.457478,True,other
automobile,automobile,-10.146322,True,other
airplane,airplane,-10.991815,True,other
frog,frog,-9.214224,True,other
ship,ship,-9.146112,True,other
horse,horse,-10.026482,True,other
ship,ship,-7.974558,True,other
ship,ship,-9.973888,True,other
dog,dog,-9.149167,True,other
horse,horse,-10.664346,True,other
dog,dog,-9.089921,True,other
deer,deer,-10.676342,True,other
truck,truck,-10.671825,True,other
horse,horse,-9.235896,True,other
cat,cat,-9.532948,True,other
cat,cat,-9.209736,True,other
ship,ship,-8.783598,True,other
ship,ship,-8.559389,True,other
cat,cat,-3.9541488,False,other
truck,truck,-9.48557,True,other
deer,deer,-7.8940244,True,other
horse,horse,-9.570859,True,other
bird,bird,-9.464631,True,other
airplane,airplane,-9.692973,True,other
ship,ship,-9.838517,True,other
airplane,airplane,-9.984075,True,other
horse,horse,-9.073567,True,other
cat,airplane,-7.1153393,True,other
cat,cat,-10.135381,True,other
bird,bird,-10.515418,True,other
dog,dog,-9.152135,True,other
bird,bird,-10.602616,True,other
deer,deer,-6.649041,True,other
deer,dog,-7.0315027,True,other
airplane,airplane,-9.956269,True,other
deer,deer,-7.002493,True,other
ship,ship,-11.533332,True,other
bird,bird,-8.104111,True,other
deer,deer,-9.293077,True,other
airplane,airplane,-11.674856,True,other
frog,frog,-8.510712,True,other
deer,deer,-9.029797,True,other
dog,dog,-4.571761,False,other
frog,frog,-8.543205,True,other
airplane,airplane,-9.837922,True,other
ship,ship,-9.940618,True,other
ship,truck,-4.286436,False,other
airplane,airplane,-6.1157775,True,other
frog,frog,-8.485561,True,other
automobile,automobile,-8.53548,True,other
automobile,automobile,-8.622443,True,other
frog,frog,-8.695147,True,other
automobile,automobile,-9.6315155,True,other
deer,deer,-9.858825,True,other
bird,bird,-9.286316,True,other
automobile,automobile,-9.441721,True,other
automobile,automobile,-8.292299,True,other
bird,bird,-8.695143,True,other
deer,deer,-7.8110886,True,other
deer,deer,-8.244718,True,other
dog,airplane,-4.5112753,False,other
dog,dog,-4.239854,False,other
ship,ship,-10.816155,True,other
ship,ship,-10.983227,True,other
dog,dog,-7.584875,True,other
automobile,automobile,-9.835196,True,other
ship,ship,-9.270826,True,other
bird,bird,-8.78141,True,other
cat,cat,-6.213826,True,other
cat,cat,-9.648554,True,other
truck,truck,-10.710293,True,other
frog,frog,-9.840298,True,other
frog,frog,-10.979411,True,other
dog,cat,-8.549225,True,other
airplane,airplane,-10.563569,True,other
horse,horse,-8.0174,True,other
cat,cat,-9.75097,True,other
cat,cat,-7.880565,True,other
bird,bird,-10.460093,True,other
horse,horse,-8.803638,True,other
deer,deer,-8.829954,True,other
dog,dog,-10.843171,True,other
frog,frog,-9.178534,True,other
airplane,airplane,-8.484672,True,other
bird,bird,-7.233839,True,other
automobile,automobile,-10.226664,True,other
ship,truck,-3.519897,False,other
automobile,automobile,-11.069752,True,other
airplane,airplane,-10.7521,True,other
truck,truck,-9.271964,True,other
cat,cat,-8.993408,True,other
automobile,automobile,-9.32105,True,other
airplane,airplane,-8.763091,True,other
dog,dog,-10.114942,True,other
deer,deer,-7.496587,True,other
bird,bird,-8.982684,True,other
cat,ship,-4.665294,False,other
cat,cat,-9.282217,True,other
frog,frog,-8.342488,True,other
horse,horse,-9.2860365,True,other
frog,frog,-9.985857,True,other
airplane,airplane,-8.589585,True,other
airplane,airplane,-10.586093,True,other
dog,dog,-10.581185,True,other
horse,horse,-10.191564,True,other
deer,deer,-8.355033,True,other
horse,horse,-9.149131,True,other
horse,horse,-8.978365,True,other
airplane,airplane,-9.872723,True,other
frog,frog,-10.2059145,True,other
automobile,automobile,-9.316425,True,other
cat,bird,-5.8512907,True,other
truck,truck,-9.907841,True,other
airplane,airplane,-5.903914,True,other
truck,truck,-8.674538,True,other
airplane,airplane,-9.541791,True,other
cat,cat,-7.975158,True,other
ship,ship,-7.3264623,True,other
deer,deer,-9.991915,True,other
ship,airplane,-6.1398277,True,other
ship,ship,-10.094532,True,other
deer,deer,-9.17922,True,other
automobile,automobile,-8.531545,True,other
airplane,airplane,-9.027442,True,other
bird,bird,-9.588945,True,other
bird,bird,-5.9627786,True,other
deer,deer,-8.700869,True,other
automobile,automobile,-8.989633,True,other
automobile,automobile,-10.436745,True,other
bird,bird,-8.859871,True,other
deer,deer,-9.775812,True,other
cat,cat,-9.83825,True,other
deer,deer,-8.921027,True,other
automobile,automobile,-9.265797,True,other
deer,deer,-9.247974,True,other
horse,horse,-12.279701,True,other
automobile,automobile,-8.000219,True,other
airplane,airplane,-9.659332,True,other
airplane,airplane,-6.7962356,True,other
truck,truck,-9.335665,True,other
airplane,airplane,-8.468457,True,other
deer,deer,-4.629866,False,other
bird,bird,-8.722571,True,other
ship,ship,-9.444683,True,other
ship,ship,-8.79969,True,other
dog,dog,-10.488452,True,other
dog,dog,-11.35236,True,other
airplane,airplane,-9.437022,True,other
deer,deer,-8.181902,True,other
airplane,airplane,-8.461478,True,other
ship,ship,-8.881932,True,other
frog,frog,-9.085239,True,other
bird,bird,-9.489805,True,other
dog,dog,-9.260602,True,other
truck,truck,-10.045498,True,other
bird,bird,-7.773816,True,other
truck,truck,-9.357658,True,other
automobile,automobile,-9.268733,True,other
automobile,automobile,-9.050911,True,other
dog,dog,-9.749025,True,other
deer,deer,-8.999519,True,other
horse,horse,-9.256778,True,other
dog,dog,-10.657809,True,other
ship,ship,-8.640017,True,other
frog,frog,-10.106466,True,other
bird,horse,-3.3636327,False,other
automobile,automobile,-9.603017,True,other
dog,dog,-7.6066723,True,other
dog,dog,-8.936265,True,other
cat,cat,-8.629515,True,other
deer,deer,-9.438517,True,other
automobile,automobile,-9.311537,True,other
ship,ship,-6.4744887,True,other
truck,truck,-9.006551,True,other
truck,truck,-10.204003,True,other
ship,ship,-11.045696,True,other
truck,truck,-8.811939,True,other
ship,ship,-8.79952,True,other
frog,frog,-9.674581,True,other
ship,ship,-9.498328,True,other
dog,dog,-9.19148,True,other
ship,ship,-9.702882,True,other
truck,truck,-9.495952,True,other
deer,deer,-6.9770193,True,other
frog,frog,-7.788724,True,other
bird,bird,-10.694831,True,other
frog,frog,-9.167219,True,other
cat,cat,-8.845733,True,other
horse,horse,-7.418689,True,other
deer,deer,-6.667347,True,other
airplane,airplane,-9.076783,True,other
airplane,airplane,-11.00162,True,other
automobile,automobile,-10.405572,True,other
horse,horse,-8.519853,True,other
dog,dog,-8.096463,True,other
automobile,automobile,-9.819149,True,other
dog,dog,-5.482279,False,other
truck,automobile,-10.894463,True,other
cat,cat,-10.049655,True,other
automobile,automobile,-8.709148,True,other
frog,frog,-10.087193,True,other
ship,ship,-9.544942,True,other
horse,horse,-9.09618,True,other
cat,dog,-6.3662357,True,other
frog,frog,-10.009125,True,other
truck,truck,-9.695345,True,other
automobile,automobile,-9.033705,True,other
bird,bird,-9.997823,True,other
airplane,airplane,-8.14802,True,other
automobile,automobile,-10.298807,True,other
horse,horse,-8.082284,True,other
bird,bird,-10.258422,True,other
frog,frog,-11.809768,True,other
automobile,automobile,-8.930125,True,other
truck,truck,-9.343058,True,other
airplane,airplane,-8.815604,True,other
airplane,airplane,-9.523019,True,other
ship,ship,-8.539691,True,other
truck,truck,-9.837698,True,other
truck,truck,-10.791687,True,other
bird,bird,-7.8458147,True,other
ship,ship,-8.598205,True,other
frog,frog,-7.944821,True,other
bird,dog,-8.0283165,True,other
dog,dog,-8.137597,True,other
frog,frog,-5.2126837,False,other
airplane,airplane,-9.099967,True,other
cat,cat,-4.73544,False,other
cat,cat,-9.016233,True,other
airplane,airplane,-10.209035,True,other
horse,dog,-8.719729,True,other
deer,deer,-10.21444,True,other
horse,horse,-9.331015,True,other
dog,dog,-11.364311,True,other
airplane,airplane,-7.2658634,True,other
automobile,automobile,-8.893316,True,other
frog,frog,-7.5091805,True,other
ship,ship,-8.214295,True,other
ship,ship,-8.87795,True,other
automobile,automobile,-9.438395,True,other
bird,bird,-9.142805,True,other
automobile,automobile,-6.5958595,True,other
dog,dog,-10.00677,True,other
deer,deer,-8.10408,True,other
dog,dog,-9.428285,True,other
truck,truck,-8.998924,True,other
frog,frog,-9.695986,True,other
horse,horse,-10.764061,True,other
automobile,automobile,-9.344765,True,other
airplane,airplane,-9.163068,True,other
frog,frog,-9.110425,True,other
truck,truck,-10.475712,True,other
bird,bird,-9.064602,True,other
horse,horse,-8.752298,True,other
horse,horse,-11.414025,True,other
cat,cat,-11.050325,True,other
truck,truck,-8.847168,True,other
truck,truck,-7.970662,True,other
automobile,automobile,-9.664316,True,other
truck,truck,-9.423386,True,other
horse,horse,-8.245231,True,other
airplane,airplane,-8.886983,True,other
automobile,automobile,-9.784073,True,other
cat,cat,-10.107495,True,other
dog,dog,-11.099768,True,other
deer,deer,-11.101548,True,other
frog,frog,-7.641532,True,other
cat,cat,-8.800371,True,other
ship,ship,-8.848087,True,other
ship,ship,-9.514782,True,other
airplane,airplane,-10.53156,True,other
deer,deer,-8.308837,True,other
ship,ship,-10.083288,True,other
cat,cat,-9.544883,True,other
frog,frog,-9.939071,True,other
horse,horse,-6.963936,True,other
airplane,bird,-5.3835416,False,other
airplane,airplane,-9.814151,True,other
deer,deer,-7.509941,True,other
dog,dog,-10.6936455,True,other
bird,bird,-9.235982,True,other
frog,frog,-7.3101635,True,other
ship,ship,-11.847471,True,other
deer,deer,-8.844133,True,other
truck,truck,-9.538364,True,other
truck,truck,-10.085224,True,other
truck,truck,-9.318209,True,other
bird,frog,-5.5877347,False,other
airplane,airplane,-6.3011947,True,other
deer,deer,-8.843736,True,other
bird,bird,-8.082601,True,other
ship,ship,-10.8044405,True,other
automobile,automobile,-10.969273,True,other
automobile,automobile,-9.030654,True,other
airplane,airplane,-7.3280964,True,other
airplane,airplane,-9.445502,True,other
cat,cat,-8.928323,True,other
horse,horse,-9.243636,True,other
deer,deer,-9.600116,True,other
automobile,automobile,-9.877871,True,other
automobile,automobile,-9.921518,True,other
truck,truck,-10.196654,True,other
horse,horse,-8.829825,True,other
horse,horse,-9.524535,True,other
deer,deer,-10.631028,True,other
frog,frog,-9.069051,True,other
ship,ship,-12.499212,True,other
frog,frog,-8.200252,True,other
airplane,airplane,-10.530585,True,other
bird,bird,-10.041595,True,other
ship,ship,-10.506863,True,other
dog,dog,-7.9753647,True,other
cat,cat,-9.402007,True,other
dog,dog,-9.584774,True,other
cat,cat,-8.278579,True,other
dog,dog,-8.430551,True,other
horse,horse,-9.059128,True,other
truck,truck,-9.232709,True,other
ship,ship,-9.365036,True,other
deer,deer,-7.331697,True,other
deer,deer,-11.090084,True,other
cat,cat,-10.108942,True,other
automobile,automobile,-10.317485,True,other
deer,deer,-9.532448,True,other
ship,ship,-10.711727,True,other
cat,cat,-4.567826,False,other
frog,frog,-9.382717,True,other
dog,dog,-9.467925,True,other
cat,cat,-9.270737,True,other
airplane,airplane,-8.7071705,True,other
ship,ship,-8.038652,True,other
truck,truck,-10.017766,True,other
dog,deer,-6.119842,True,other
horse,horse,-11.678914,True,other
frog,frog,-9.508678,True,other
bird,bird,-8.828444,True,other
airplane,airplane,-9.335002,True,other
deer,deer,-7.8069725,True,other
truck,truck,-10.044212,True,other
truck,truck,-9.898281,True,other
airplane,airplane,-8.716358,True,other
dog,dog,-9.664384,True,other
bird,bird,-11.450809,True,other
cat,cat,-10.330014,True,other
frog,bird,-7.742133,True,other
automobile,automobile,-9.324123,True,other
automobile,automobile,-8.962374,True,other
airplane,airplane,-9.10229,True,other
bird,bird,-8.516356,True,other
ship,ship,-10.649643,True,other
bird,bird,-9.1139,True,other
automobile,automobile,-9.897392,True,other
automobile,automobile,-10.321593,True,other
horse,horse,-8.919324,True,other
dog,dog,-9.5674095,True,other
bird,bird,-8.671974,True,other
cat,cat,-10.803707,True,other
deer,deer,-9.146358,True,other
automobile,automobile,-11.46468,True,other
bird,bird,-8.609375,True,other
truck,truck,-9.522947,True,other
bird,bird,-10.7835245,True,other
automobile,automobile,-8.338498,True,other
cat,cat,-9.742672,True,other
deer,deer,-9.859666,True,other
ship,ship,-9.052536,True,other
truck,truck,-8.553291,True,other
airplane,airplane,-8.620303,True,other
airplane,airplane,-9.848924,True,other
deer,deer,-10.394063,True,other
truck,truck,-9.218407,True,other
airplane,airplane,-9.629805,True,other
bird,bird,-9.678284,True,other
bird,bird,-8.765781,True,other
airplane,airplane,-9.470563,True,other
frog,frog,-10.08625,True,other
ship,ship,-9.465764,True,other
horse,horse,-10.756124,True,other
cat,cat,-4.305117,False,other
cat,cat,-8.081789,True,other
ship,ship,-10.416124,True,other
truck,truck,-9.470164,True,other
airplane,airplane,-9.476697,True,other
bird,bird,-10.56664,True,other
dog,dog,-7.631917,True,other
cat,cat,-8.929999,True,other
frog,frog,-10.371962,True,other
automobile,automobile,-9.714657,True,other
cat,cat,-9.745165,True,other
truck,truck,-9.112055,True,other
dog,dog,-8.473493,True,other
airplane,airplane,-7.569839,True,other
dog,dog,-9.526613,True,other
deer,deer,-9.785645,True,other
deer,deer,-10.017202,True,other
airplane,airplane,-11.530253,True,other
automobile,automobile,-8.836098,True,other
automobile,automobile,-9.070001,True,other
frog,frog,-7.9955564,True,other
automobile,automobile,-9.754621,True,other
horse,horse,-9.270695,True,other
truck,truck,-9.561125,True,other
truck,truck,-9.151808,True,other
frog,frog,-9.437566,True,other
bird,bird,-9.770369,True,other
deer,deer,-9.4935665,True,other
cat,horse,-7.7211933,True,other
ship,ship,-7.495551,True,other
cat,cat,-9.399383,True,other
deer,deer,-9.491606,True,other
horse,horse,-9.282245,True,other
airplane,airplane,-8.247823,True,other
bird,bird,-10.6961,True,other
ship,ship,-10.124914,True,other
deer,deer,-9.967039,True,other
ship,ship,-10.63345,True,other
cat,cat,-11.013364,True,other
ship,ship,-9.798433,True,other
ship,ship,-9.898016,True,other
ship,ship,-10.15072,True,other
cat,cat,-9.9409,True,other
cat,cat,-10.106182,True,other
dog,dog,-10.829536,True,other
horse,horse,-8.258334,True,other
horse,horse,-8.146578,True,other
airplane,bird,-6.1040177,True,other
deer,deer,-9.795038,True,other
automobile,automobile,-10.148086,True,other
dog,dog,-11.976734,True,other
truck,truck,-11.37425,True,other
horse,horse,-11.166791,True,other
airplane,airplane,-10.288089,True,other
frog,frog,-9.429259,True,other
ship,ship,-8.596105,True,other
deer,deer,-8.800281,True,other
truck,truck,-8.918639,True,other
airplane,airplane,-9.780003,True,other
automobile,automobile,-9.047724,True,other
ship,ship,-10.155741,True,other
truck,truck,-9.30829,True,other
frog,frog,-9.347617,True,other
cat,cat,-6.2841372,True,other
truck,truck,-8.432923,True,other
bird,bird,-10.04669,True,other
deer,deer,-9.322237,True,other
deer,deer,-8.239515,True,other
airplane,airplane,-6.2487674,True,other
cat,cat,-9.127193,True,other
cat,cat,-8.21613,True,other
dog,deer,-10.13168,True,other
deer,deer,-7.983192,True,other
dog,dog,-7.7605915,True,other
automobile,automobile,-8.841667,True,other
automobile,automobile,-8.275022,True,other
ship,ship,-12.357692,True,other
bird,bird,-9.505834,True,other
bird,bird,-9.324877,True,other
truck,truck,-9.001848,True,other
cat,cat,-9.110919,True,other
horse,horse,-9.839156,True,other
ship,ship,-8.611351,True,other
truck,truck,-11.693655,True,other
bird,bird,-10.226548,True,other
cat,cat,-11.35522,True,other
automobile,automobile,-9.746652,True,other
horse,horse,-9.380787,True,other
cat,deer,-10.2074995,True,other
bird,bird,-9.456394,True,other
cat,cat,-6.3190203,True,other
airplane,airplane,-7.474203,True,other
automobile,automobile,-9.24994,True,other
truck,truck,-4.880741,False,other
dog,dog,-7.828694,True,other
dog,dog,-9.187764,True,other
cat,cat,-9.879284,True,other
deer,deer,-8.60526,True,other
dog,cat,-3.6858883,False,other
bird,ship,-8.146675,True,other
airplane,airplane,-9.531679,True,other
airplane,airplane,-9.719712,True,other
cat,cat,-7.187445,True,other
automobile,automobile,-10.337178,True,other
cat,cat,-10.373594,True,other
deer,deer,-4.9130554,False,other
horse,horse,-9.149697,True,other
deer,deer,-8.861853,True,other
bird,bird,-6.520327,True,other
ship,ship,-8.939775,True,other
deer,deer,-8.247056,True,other
ship,ship,-9.668391,True,other
truck,truck,-10.3495865,True,other
truck,truck,-8.2247715,True,other
deer,deer,-9.385279,True,other
bird,bird,-9.233663,True,other
deer,deer,-7.898683,True,other
cat,cat,-5.935227,True,other
frog,frog,-8.486776,True,other
deer,deer,-9.27934,True,other
frog,frog,-9.880804,True,other
deer,deer,-8.977014,True,other
frog,frog,-6.707686,True,other
frog,frog,-10.417546,True,other
cat,cat,-8.285811,True,other
ship,ship,-9.4672165,True,other
horse,horse,-8.897232,True,other
deer,deer,-8.689635,True,other
ship,ship,-6.4087763,True,other
airplane,airplane,-10.927421,True,other
dog,dog,-8.754838,True,other
truck,truck,-8.80134,True,other
cat,cat,-6.373549,True,other
truck,airplane,-3.977387,False,other
airplane,airplane,-9.964289,True,other
horse,horse,-9.73487,True,other
dog,dog,-8.550626,True,other
automobile,automobile,-10.440508,True,other
truck,truck,-7.118267,True,other
horse,horse,-8.346922,True,other
truck,truck,-10.893181,True,other
automobile,automobile,-8.953373,True,other
ship,ship,-8.290113,True,other
deer,deer,-9.547608,True,other
bird,bird,-10.650638,True,other
automobile,automobile,-8.6116495,True,other
frog,frog,-10.238041,True,other
deer,deer,-9.609359,True,other
cat,cat,-5.5099807,False,other
airplane,cat,-5.308284,False,other
automobile,automobile,-9.6334305,True,other
deer,deer,-8.274393,True,other
ship,ship,-8.890869,True,other
frog,frog,-9.832247,True,other
automobile,automobile,-9.221335,True,other
horse,horse,-9.082372,True,other
automobile,automobile,-8.600452,True,other
cat,dog,-8.468352,True,other
dog,bird,-4.944045,False,other
deer,deer,-8.829489,True,other
cat,cat,-9.7973585,True,other
cat,cat,-7.8072906,True,other
truck,truck,-10.275934,True,other
horse,horse,-8.778415,True,other
ship,ship,-8.947066,True,other
bird,bird,-7.6338625,True,other
dog,dog,-10.657893,True,other
dog,deer,-5.048695,False,other
deer,deer,-8.292486,True,other
dog,dog,-10.158183,True,other
deer,deer,-10.175756,True,other
dog,horse,-6.731404,True,other
horse,horse,-10.5532255,True,other
bird,frog,-4.2453914,False,other
dog,dog,-9.678904,True,other
dog,dog,-6.369446,True,other
automobile,automobile,-10.200157,True,other
horse,horse,-7.1443086,True,other
horse,horse,-10.066209,True,other
ship,ship,-10.360711,True,other
cat,cat,-10.19411,True,other
frog,frog,-7.890409,True,other
airplane,airplane,-7.186891,True,other
bird,bird,-8.19273,True,other
dog,dog,-11.258802,True,other
bird,bird,-6.921973,True,other
cat,cat,-8.872773,True,other
horse,horse,-9.593999,True,other
deer,deer,-9.48567,True,other
bird,cat,-6.5779786,True,other
automobile,automobile,-10.293626,True,other
frog,frog,-9.709396,True,other
ship,ship,-8.975822,True,other
frog,frog,-8.448081,True,other
ship,ship,-8.773365,True,other
cat,cat,-10.303949,True,other
bird,bird,-10.062019,True,other
horse,horse,-8.805936,True,other
horse,horse,-7.2647686,True,other
truck,truck,-9.904031,True,other
horse,horse,-9.92246,True,other
automobile,automobile,-9.22613,True,other
deer,deer,-7.4611473,True,other
horse,horse,-10.069695,True,other
deer,cat,-5.663724,False,other
frog,frog,-7.9039726,True,other
automobile,automobile,-8.160829,True,other
horse,horse,-8.91815,True,other
cat,cat,-9.475219,True,other
airplane,airplane,-10.175933,True,other
airplane,airplane,-8.617341,True,other
frog,frog,-9.901082,True,other
frog,frog,-9.594714,True,other
ship,ship,-9.141579,True,other
frog,frog,-8.863317,True,other
frog,frog,-9.267074,True,other
airplane,airplane,-6.8836327,True,other
cat,cat,-10.034368,True,other
deer,deer,-9.225121,True,other
horse,horse,-10.566651,True,other
deer,deer,-10.483185,True,other
truck,truck,-9.547834,True,other
deer,deer,-10.613443,True,other
truck,truck,-10.4467535,True,other
truck,truck,-11.082637,True,other
cat,cat,-7.6763787,True,other
deer,deer,-9.261824,True,other
automobile,automobile,-9.551998,True,other
deer,deer,-9.908782,True,other
airplane,ship,-6.637855,True,other
cat,cat,-9.194269,True,other
horse,horse,-9.138385,True,other
automobile,automobile,-8.685221,True,other
bird,bird,-8.845612,True,other
bird,bird,-9.817035,True,other
ship,ship,-9.473371,True,other
deer,deer,-9.215008,True,other
horse,horse,-10.594592,True,other
ship,ship,-9.084036,True,other
dog,dog,-9.129436,True,other
dog,dog,-10.593701,True,other
frog,frog,-9.819775,True,other
dog,dog,-9.466753,True,other
frog,frog,-11.243486,True,other
airplane,airplane,-10.0133505,True,other
frog,frog,-9.223942,True,other
deer,deer,-9.380731,True,other
truck,truck,-9.200069,True,other
cat,cat,-5.7997727,True,other
bird,bird,-8.903237,True,other
horse,horse,-11.681285,True,other
cat,cat,-8.548148,True,other
ship,ship,-6.165547,True,other
cat,dog,-5.6969,False,other
truck,truck,-8.460775,True,other
deer,deer,-7.962428,True,other
automobile,automobile,-8.663099,True,other
frog,frog,-8.800934,True,other
truck,truck,-8.931517,True,other
truck,truck,-10.210763,True,other
deer,deer,-6.7449613,True,other
cat,cat,-9.2118025,True,other
truck,truck,-10.666429,True,other
ship,ship,-10.164091,True,other
automobile,automobile,-10.222119,True,other
frog,frog,-9.511078,True,other
truck,truck,-9.503775,True,other
dog,dog,-6.733506,True,other
truck,truck,-7.9467907,True,other
airplane,airplane,-9.3276415,True,other
truck,truck,-9.488577,True,other
horse,horse,-10.661113,True,other
bird,bird,-9.038831,True,other
bird,bird,-9.420973,True,other
deer,deer,-8.743066,True,other
bird,bird,-5.829149,True,other
frog,frog,-10.324612,True,other
deer,deer,-9.678418,True,other
ship,ship,-8.972734,True,other
automobile,automobile,-8.482123,True,other
truck,truck,-9.396387,True,other
dog,dog,-9.849387,True,other
frog,frog,-9.796193,True,other
dog,cat,-8.656635,True,other
automobile,automobile,-10.575757,True,other
ship,ship,-9.537651,True,other
frog,frog,-9.692423,True,other
frog,airplane,-6.946199,True,other
horse,horse,-8.006917,True,other
frog,frog,-9.167456,True,other
dog,dog,-9.973708,True,other
airplane,airplane,-4.8559737,False,other
bird,cat,-5.630958,False,other
horse,horse,-3.7611504,False,other
frog,frog,-9.713924,True,other
automobile,automobile,-9.08201,True,other
bird,bird,-4.35834,False,other
cat,ship,-3.590599,False,other
automobile,automobile,-10.794871,True,other
frog,frog,-9.676173,True,other
deer,deer,-8.220589,True,other
truck,truck,-10.74757,True,other
airplane,airplane,-10.143748,True,other
cat,airplane,-5.4015903,False,other
truck,truck,-9.409364,True,other
automobile,automobile,-10.005248,True,other
airplane,airplane,-10.837775,True,other
dog,dog,-8.762632,True,other
cat,cat,-8.916511,True,other
automobile,automobile,-8.697499,True,other
frog,frog,-9.8077965,True,other
truck,truck,-9.698488,True,other
ship,ship,-11.25141,True,other
truck,truck,-9.399252,True,other
airplane,airplane,-9.639167,True,other
frog,frog,-9.906805,True,other
automobile,automobile,-9.052514,True,other
frog,frog,-9.99799,True,other
bird,cat,-5.5478997,False,other
cat,cat,-8.105949,True,other
dog,dog,-11.321639,True,other
frog,frog,-9.10011,True,other
truck,truck,-8.263321,True,other
airplane,airplane,-7.3724213,True,other
horse,horse,-11.010063,True,other
bird,bird,-10.247812,True,other
deer,deer,-8.58597,True,other
airplane,ship,-6.550471,True,other
cat,cat,-9.023163,True,other
frog,frog,-6.9065757,True,other
ship,ship,-9.108549,True,other
frog,frog,-10.268557,True,other
truck,truck,-10.321493,True,other
automobile,automobile,-11.272951,True,other
truck,truck,-9.578119,True,other
airplane,airplane,-7.4316974,True,other
frog,frog,-6.845327,True,other
deer,deer,-5.006672,False,other
dog,dog,-7.1611433,True,other
truck,truck,-9.245228,True,other
dog,dog,-9.226825,True,other
deer,deer,-6.416279,True,other
automobile,automobile,-10.438826,True,other
truck,truck,-9.337133,True,other
bird,bird,-10.482365,True,other
airplane,airplane,-9.715184,True,other
horse,horse,-9.297415,True,other
cat,cat,-7.683027,True,other
dog,dog,-8.719526,True,other
automobile,automobile,-10.001862,True,other
ship,ship,-9.8965025,True,other
cat,cat,-11.181975,True,other
airplane,airplane,-9.326563,True,other
dog,dog,-8.725154,True,other
bird,bird,-8.962411,True,other
ship,ship,-7.1211624,True,other
ship,ship,-8.7015,True,other
cat,cat,-6.7405515,True,other
truck,truck,-9.938212,True,other
frog,frog,-8.707876,True,other
airplane,airplane,-11.914872,True,other
cat,cat,-7.809923,True,other
dog,dog,-9.223126,True,other
cat,cat,-10.24546,True,other
deer,deer,-7.8149757,True,other
automobile,automobile,-9.345449,True,other
dog,dog,-9.382677,True,other
airplane,airplane,-10.859525,True,other
horse,horse,-9.124536,True,other
cat,cat,-7.7441297,True,other
truck,truck,-8.753307,True,other
deer,deer,-8.790049,True,other
dog,dog,-11.13006,True,other
cat,cat,-10.001195,True,other
automobile,automobile,-10.620967,True,other
deer,deer,-7.416121,True,other
bird,bird,-10.398913,True,other
deer,deer,-9.86573,True,other
truck,truck,-8.7586,True,other
truck,truck,-9.157942,True,other
horse,horse,-9.444663,True,other
automobile,automobile,-9.978598,True,other
horse,horse,-9.630971,True,other
airplane,airplane,-10.0414505,True,other
automobile,automobile,-8.8639345,True,other
bird,bird,-9.983664,True,other
automobile,automobile,-9.293926,True,other
dog,dog,-10.654862,True,other
cat,cat,-7.90255,True,other
ship,ship,-10.233314,True,other
deer,deer,-8.435269,True,other
automobile,automobile,-9.642558,True,other
dog,dog,-5.7107654,False,other
automobile,automobile,-8.994736,True,other
truck,truck,-10.087562,True,other
truck,truck,-8.652113,True,other
horse,horse,-9.077994,True,other
airplane,airplane,-8.457125,True,other
automobile,automobile,-9.587151,True,other
horse,horse,-9.642302,True,other
frog,frog,-9.025325,True,other
bird,bird,-8.752781,True,other
frog,frog,-9.887184,True,other
dog,dog,-9.208718,True,other
airplane,airplane,-6.815169,True,other
cat,cat,-4.641494,False,other
automobile,automobile,-10.049563,True,other
cat,cat,-7.708421,True,other
ship,ship,-5.8401313,True,other
truck,truck,-10.360531,True,other
truck,truck,-9.205188,True,other
airplane,airplane,-8.928826,True,other
ship,ship,-9.286272,True,other
ship,ship,-7.3497477,True,other
horse,dog,-6.3919716,True,other
truck,truck,-9.089434,True,other
bird,bird,-9.520464,True,other
truck,truck,-10.54791,True,other
automobile,automobile,-9.420004,True,other
cat,cat,-10.207115,True,other
frog,frog,-8.3696575,True,other
horse,horse,-8.880178,True,other
frog,frog,-8.890837,True,other
airplane,airplane,-9.174319,True,other
ship,ship,-11.037647,True,other
frog,frog,-7.733412,True,other
bird,bird,-9.953379,True,other
deer,deer,-10.6542425,True,other
bird,bird,-8.562609,True,other
cat,cat,-8.816541,True,other
dog,dog,-9.393187,True,other
dog,dog,-11.518086,True,other
deer,deer,-9.254918,True,other
automobile,automobile,-9.125269,True,other
frog,frog,-8.311284,True,other
horse,horse,-8.246043,True,other
automobile,automobile,-8.506853,True,other
frog,frog,-6.0019035,True,other
automobile,automobile,-8.73457,True,other
horse,horse,-9.696351,True,other
automobile,automobile,-9.2228565,True,other
frog,frog,-9.0221405,True,other
bird,bird,-9.524877,True,other
cat,cat,-10.138445,True,other
airplane,airplane,-6.939686,True,other
deer,deer,-8.663243,True,other
bird,dog,-4.513709,False,other
truck,truck,-9.1776,True,other
horse,horse,-9.443341,True,other
dog,dog,-7.3421664,True,other
dog,dog,-8.000402,True,other
frog,frog,-9.982603,True,other
airplane,airplane,-10.127714,True,other
ship,truck,-6.5539527,True,other
ship,ship,-8.900372,True,other
automobile,automobile,-8.362528,True,other
automobile,automobile,-9.271699,True,other
cat,cat,-11.075305,True,other
dog,dog,-12.3656645,True,other
frog,frog,-10.168053,True,other
dog,dog,-9.7135105,True,other
cat,cat,-9.092352,True,other
ship,ship,-12.042395,True,other
horse,horse,-9.448964,True,other
dog,dog,-5.542962,False,other
airplane,airplane,-8.479025,True,other
horse,horse,-10.59621,True,other
horse,horse,-8.381781,True,other
dog,dog,-10.250236,True,other
horse,horse,-5.95599,True,other
automobile,automobile,-8.764951,True,other
truck,truck,-10.510595,True,other
truck,truck,-8.422413,True,other
automobile,automobile,-9.093993,True,other
truck,automobile,-5.9797807,True,other
truck,truck,-8.14701,True,other
cat,cat,-10.24835,True,other
dog,dog,-10.262914,True,other
dog,cat,-7.784638,True,other
cat,cat,-10.746825,True,other
airplane,airplane,-10.598998,True,other
cat,cat,-10.621226,True,other
airplane,airplane,-8.522586,True,other
frog,frog,-6.883316,True,other
frog,frog,-9.2796135,True,other
dog,airplane,-2.9066758,False,other
frog,frog,-7.241258,True,other
ship,ship,-9.584561,True,other
truck,truck,-9.289055,True,other
deer,deer,-8.399081,True,other
dog,dog,-9.90498,True,other
automobile,automobile,-10.331974,True,other
automobile,automobile,-9.257793,True,other
bird,bird,-8.953622,True,other
horse,horse,-8.0571375,True,other
truck,truck,-7.6465235,True,other
airplane,airplane,-9.630591,True,other
automobile,automobile,-8.574214,True,other
bird,bird,-7.0628324,True,other
dog,dog,-9.15282,True,other
deer,deer,-6.8836513,True,other
deer,deer,-6.0916786,True,other
horse,horse,-10.697387,True,other
deer,deer,-11.100985,True,other
ship,ship,-10.799559,True,other
cat,cat,-6.126333,True,other
cat,cat,-6.981925,True,other
dog,horse,-6.466471,True,other
cat,deer,-9.264578,True,other
dog,dog,-7.6605616,True,other
horse,horse,-8.967686,True,other
airplane,airplane,-8.252931,True,other
automobile,automobile,-10.772851,True,other
bird,bird,-7.3492455,True,other
truck,truck,-9.374521,True,other
ship,ship,-8.381888,True,other
automobile,automobile,-8.274113,True,other
horse,horse,-8.896263,True,other
cat,cat,-6.954235,True,other
dog,dog,-8.307881,True,other
truck,truck,-9.525476,True,other
automobile,automobile,-9.287086,True,other
truck,truck,-10.127148,True,other
automobile,automobile,-8.995301,True,other
automobile,automobile,-8.960857,True,other
cat,cat,-7.3516164,True,other
frog,frog,-7.014302,True,other
horse,horse,-8.581286,True,other
deer,horse,-5.8300114,True,other
ship,ship,-6.7507033,True,other
cat,cat,-7.7128997,True,other
dog,dog,-9.625384,True,other
frog,frog,-8.713348,True,other
horse,horse,-7.165396,True,other
airplane,airplane,-9.5862,True,other
automobile,automobile,-8.957994,True,other
horse,airplane,-4.9992523,False,other
horse,horse,-10.682248,True,other
bird,bird,-6.640066,True,other
cat,dog,-7.931202,True,other
cat,cat,-10.37404,True,other
dog,dog,-6.715987,True,other
automobile,automobile,-9.087062,True,other
horse,horse,-9.366035,True,other
frog,frog,-8.565087,True,other
ship,ship,-9.613835,True,other
deer,deer,-7.254746,True,other
deer,deer,-10.056074,True,other
dog,dog,-8.8366375,True,other
horse,bird,-5.7972126,True,other
cat,cat,-7.9032264,True,other
deer,deer,-10.059059,True,other
horse,horse,-8.678868,True,other
horse,horse,-8.511373,True,other
cat,cat,-9.605886,True,other
frog,frog,-10.88546,True,other
airplane,airplane,-7.236522,True,other
horse,horse,-8.504665,True,other
bird,bird,-9.855099,True,other
frog,frog,-9.781624,True,other
horse,horse,-8.671311,True,other
deer,deer,-8.95158,True,other
automobile,automobile,-9.462595,True,other
ship,ship,-10.306377,True,other
airplane,airplane,-9.249156,True,other
bird,bird,-8.676729,True,other
bird,bird,-9.1948395,True,other
automobile,automobile,-9.634463,True,other
dog,dog,-9.7468405,True,other
deer,deer,-9.878648,True,other
airplane,airplane,-9.57808,True,other
truck,truck,-9.512672,True,other
cat,cat,-9.686402,True,other
deer,airplane,-3.9443927,False,other
deer,deer,-8.270675,True,other
bird,bird,-9.190136,True,other
cat,cat,-8.385396,True,other
ship,ship,-9.193193,True,other
dog,dog,-11.439538,True,other
airplane,airplane,-10.571977,True,other
airplane,airplane,-12.870137,True,other
deer,deer,-8.459935,True,other
frog,frog,-10.454182,True,other
cat,cat,-6.8717074,True,other
truck,truck,-8.674702,True,other
bird,bird,-10.428494,True,other
airplane,airplane,-10.138953,True,other
dog,dog,-11.487816,True,other
horse,horse,-8.712713,True,other
dog,dog,-10.07823,True,other
dog,dog,-9.050204,True,other
automobile,automobile,-10.431631,True,other
horse,horse,-10.004558,True,other
cat,cat,-9.4174,True,other
automobile,automobile,-9.899725,True,other
frog,frog,-11.061075,True,other
horse,horse,-5.802337,True,other
truck,truck,-10.402595,True,other
airplane,airplane,-9.4696045,True,other
automobile,automobile,-7.701252,True,other
bird,bird,-7.5680532,True,other
automobile,automobile,-9.214063,True,other
deer,deer,-9.953072,True,other
frog,frog,-9.950827,True,other
automobile,automobile,-10.979698,True,other
dog,dog,-11.095051,True,other
truck,truck,-8.290101,True,other
dog,dog,-9.171639,True,other
airplane,airplane,-8.998484,True,other
deer,deer,-11.189739,True,other
truck,truck,-10.3039,True,other
deer,dog,-7.4925637,True,other
truck,truck,-9.13694,True,other
horse,horse,-9.974758,True,other
automobile,automobile,-7.7944994,True,other
frog,frog,-8.618552,True,other
ship,ship,-9.993374,True,other
airplane,ship,-3.098726,False,other
frog,frog,-7.9242797,True,other
dog,dog,-9.232965,True,other
airplane,airplane,-6.101633,True,other
ship,ship,-9.747892,True,other
automobile,automobile,-9.023535,True,other
horse,horse,-9.347939,True,other
dog,dog,-9.587613,True,other
frog,frog,-8.945053,True,other
truck,truck,-9.537073,True,other
cat,horse,-6.084955,True,other
bird,bird,-7.6660976,True,other
cat,cat,-6.8321447,True,other
truck,truck,-10.057251,True,other
ship,ship,-6.3569036,True,other
frog,frog,-10.593158,True,other
automobile,automobile,-9.505584,True,other
airplane,airplane,-11.961419,True,other
truck,truck,-9.059219,True,other
airplane,airplane,-5.312,False,other
truck,truck,-9.792815,True,other
ship,ship,-9.415501,True,other
horse,horse,-9.932567,True,other
horse,horse,-9.360374,True,other
dog,bird,-4.860789,False,other
bird,bird,-10.107511,True,other
cat,cat,-9.18092,True,other
dog,dog,-9.2213125,True,other
dog,dog,-5.868655,True,other
horse,horse,-8.284827,True,other
ship,ship,-8.397773,True,other
horse,horse,-9.68908,True,other
frog,frog,-9.477884,True,other
truck,truck,-8.685785,True,other
automobile,automobile,-9.360876,True,other
truck,truck,-9.584642,True,other
ship,ship,-8.993644,True,other
frog,frog,-8.902997,True,other
dog,dog,-8.015432,True,other
frog,frog,-10.246049,True,other
horse,horse,-9.38769,True,other
dog,dog,-6.997651,True,other
frog,frog,-9.527278,True,other
horse,horse,-10.497369,True,other
bird,bird,-9.464603,True,other
dog,dog,-10.525869,True,other
truck,truck,-8.904939,True,other
frog,frog,-9.308462,True,other
frog,frog,-9.650089,True,other
horse,horse,-10.496069,True,other
airplane,airplane,-10.402227,True,other
automobile,automobile,-9.699627,True,other
airplane,airplane,-10.081038,True,other
automobile,automobile,-11.282138,True,other
cat,cat,-9.853388,True,other
bird,frog,-2.842465,False,other
dog,dog,-5.4959397,False,other
frog,frog,-11.187674,True,other
automobile,automobile,-9.853215,True,other
bird,bird,-8.457716,True,other
dog,dog,-6.9244623,True,other
automobile,automobile,-9.707808,True,other
truck,truck,-7.859961,True,other
truck,truck,-8.766206,True,other
ship,ship,-9.015755,True,other
frog,frog,-9.380009,True,other
ship,ship,-9.455804,True,other
frog,cat,-8.570193,True,other
ship,ship,-10.929604,True,other
truck,truck,-10.00086,True,other
airplane,airplane,-12.106221,True,other
deer,deer,-9.17161,True,other
airplane,airplane,-9.071873,True,other
cat,cat,-9.332362,True,other
cat,dog,-5.6772985,False,other
frog,frog,-10.264311,True,other
deer,deer,-9.178451,True,other
truck,truck,-3.7322702,False,other
truck,truck,-8.335297,True,other
horse,horse,-9.758855,True,other
bird,bird,-7.7374105,True,other
cat,cat,-6.802453,True,other
dog,dog,-7.2562456,True,other
frog,frog,-8.415146,True,other
deer,deer,-7.214074,True,other
frog,frog,-10.166159,True,other
airplane,airplane,-10.1208935,True,other
cat,cat,-8.94495,True,other
horse,airplane,-3.0825744,False,other
dog,dog,-11.589001,True,other
airplane,airplane,-9.9549885,True,other
bird,bird,-9.234952,True,other
truck,truck,-4.160971,False,other
bird,bird,-10.055806,True,other
horse,horse,-8.665334,True,other
bird,bird,-9.209837,True,other
truck,truck,-9.958361,True,other
bird,bird,-10.755152,True,other
deer,deer,-7.7431507,True,other
airplane,airplane,-10.594241,True,other
frog,frog,-8.99089,True,other
frog,frog,-9.607089,True,other
cat,cat,-7.87159,True,other
deer,deer,-6.3299794,True,other
dog,dog,-10.216182,True,other
dog,dog,-11.054455,True,other
truck,truck,-5.3059177,False,other
automobile,automobile,-9.699379,True,other
automobile,automobile,-8.902281,True,other
deer,deer,-6.015117,True,other
deer,deer,-8.960061,True,other
cat,cat,-7.908443,True,other
dog,dog,-9.989408,True,other
deer,deer,-9.551659,True,other
ship,ship,-9.569916,True,other
airplane,airplane,-8.577174,True,other
airplane,airplane,-9.899361,True,other
cat,cat,-5.9962435,True,other
truck,truck,-7.864438,True,other
deer,deer,-3.986694,False,other
horse,horse,-11.369531,True,other
deer,deer,-9.384875,True,other
bird,bird,-8.396753,True,other
ship,ship,-9.4079485,True,other
cat,cat,-5.9412475,True,other
frog,frog,-7.5682096,True,other
cat,cat,-5.849809,True,other
automobile,automobile,-9.693598,True,other
truck,truck,-9.824038,True,other
frog,frog,-8.315475,True,other
cat,cat,-10.872198,True,other
ship,ship,-7.7082376,True,other
cat,dog,-3.883312,False,other
ship,automobile,-4.5877237,False,other
deer,deer,-8.726779,True,other
horse,horse,-9.557982,True,other
dog,dog,-9.854314,True,other
horse,bird,-4.370842,False,other
dog,dog,-8.979282,True,other
cat,cat,-4.917175,False,other
automobile,automobile,-9.409493,True,other
bird,bird,-10.268081,True,other
frog,frog,-9.73235,True,other
automobile,automobile,-9.437928,True,other
cat,dog,-6.6656055,True,other
bird,bird,-9.851761,True,other
airplane,airplane,-10.382051,True,other
horse,horse,-10.396868,True,other
dog,dog,-8.220227,True,other
airplane,airplane,-9.721689,True,other
airplane,airplane,-6.0286307,True,other
airplane,airplane,-9.531585,True,other
automobile,automobile,-8.825191,True,other
deer,deer,-6.308486,True,other
cat,cat,-7.9177833,True,other
dog,dog,-6.9161625,True,other
ship,ship,-9.281439,True,other
deer,deer,-8.514216,True,other
cat,cat,-7.9532237,True,other
automobile,automobile,-8.788483,True,other
horse,horse,-9.374021,True,other
automobile,automobile,-7.2939215,True,other
airplane,airplane,-9.548163,True,other
deer,deer,-9.890076,True,other
bird,bird,-7.444562,True,other
deer,deer,-8.340189,True,other
automobile,automobile,-7.653958,True,other
deer,deer,-9.919929,True,other
airplane,airplane,-10.292699,True,other
automobile,automobile,-9.322987,True,other
bird,bird,-10.191188,True,other
automobile,automobile,-9.001134,True,other
horse,horse,-10.625415,True,other
horse,horse,-8.623267,True,other
truck,truck,-10.45282,True,other
ship,ship,-10.106628,True,other
horse,horse,-9.946152,True,other
dog,dog,-10.614199,True,other
deer,deer,-7.2068186,True,other
airplane,airplane,-10.400638,True,other
truck,truck,-9.565176,True,other
airplane,airplane,-12.145315,True,other
airplane,airplane,-10.061427,True,other
ship,ship,-8.697295,True,other
bird,bird,-11.80874,True,other
airplane,airplane,-9.57844,True,other
airplane,airplane,-9.916384,True,other
bird,bird,-8.117647,True,other
deer,deer,-9.335583,True,other
ship,ship,-9.528502,True,other
frog,frog,-9.101454,True,other
bird,bird,-7.962612,True,other
deer,deer,-7.539003,True,other
frog,frog,-11.729822,True,other
cat,cat,-11.04958,True,other
dog,dog,-11.260389,True,other
automobile,automobile,-9.382284,True,other
dog,dog,-6.6655226,True,other
cat,cat,-7.0744176,True,other
horse,horse,-7.343753,True,other
bird,bird,-8.781341,True,other
bird,bird,-10.386697,True,other
truck,truck,-9.649485,True,other
ship,ship,-9.748932,True,other
airplane,airplane,-10.882321,True,other
airplane,truck,-7.4324036,True,other
airplane,airplane,-6.1077204,True,other
cat,cat,-11.331893,True,other
deer,deer,-9.045456,True,other
deer,deer,-8.943563,True,other
frog,frog,-8.467521,True,other
automobile,automobile,-9.398287,True,other
frog,frog,-8.693351,True,other
horse,horse,-9.6324625,True,other
deer,deer,-9.097168,True,other
deer,deer,-9.129473,True,other
cat,cat,-7.761244,True,other
truck,truck,-10.852423,True,other
deer,deer,-4.421972,False,other
airplane,airplane,-10.816253,True,other
ship,ship,-8.520277,True,other
airplane,airplane,-10.162011,True,other
deer,deer,-9.428612,True,other
frog,frog,-10.62459,True,other
dog,dog,-9.403703,True,other
horse,horse,-8.89154,True,other
truck,truck,-8.602051,True,other
horse,horse,-8.965533,True,other
airplane,airplane,-9.977129,True,other
dog,dog,-11.670437,True,other
horse,horse,-9.00467,True,other
horse,horse,-9.776468,True,other
cat,cat,-8.847224,True,other
automobile,automobile,-9.350105,True,other
truck,truck,-8.953133,True,other
cat,cat,-6.1478124,True,other
airplane,airplane,-9.999912,True,other
truck,truck,-9.535116,True,other
dog,dog,-8.998496,True,other
cat,cat,-9.642295,True,other
horse,horse,-7.947123,True,other
truck,truck,-9.528086,True,other
deer,deer,-9.45915,True,other
deer,deer,-9.2503395,True,other
automobile,automobile,-7.976202,True,other
horse,horse,-8.7775345,True,other
horse,horse,-10.7582855,True,other
automobile,automobile,-9.954508,True,other
deer,deer,-9.988961,True,other
automobile,automobile,-9.322239,True,other
bird,bird,-7.6900754,True,other
ship,ship,-10.094108,True,other
horse,horse,-11.3615265,True,other
airplane,airplane,-7.0455794,True,other
airplane,airplane,-8.660601,True,other
deer,deer,-10.132495,True,other
horse,horse,-10.090695,True,other
bird,bird,-9.176802,True,other
truck,truck,-10.172047,True,other
horse,horse,-8.803661,True,other
frog,frog,-9.860555,True,other
truck,truck,-7.9421177,True,other
cat,cat,-9.856026,True,other
dog,dog,-9.998881,True,other
ship,ship,-9.531515,True,other
airplane,airplane,-8.302562,True,other
cat,cat,-6.8059163,True,other
frog,frog,-9.787352,True,other
ship,ship,-11.293136,True,other
cat,cat,-10.631721,True,other
bird,bird,-9.745123,True,other
deer,deer,-9.126024,True,other
horse,horse,-9.057422,True,other
automobile,automobile,-8.615081,True,other
automobile,automobile,-9.876579,True,other
cat,cat,-8.545861,True,other
truck,truck,-7.7958603,True,other
horse,horse,-8.399202,True,other
dog,dog,-5.7713103,True,other
automobile,automobile,-8.871599,True,other
airplane,airplane,-6.83805,True,other
ship,ship,-9.6474,True,other
horse,horse,-10.133287,True,other
airplane,airplane,-10.843989,True,other
automobile,automobile,-9.602025,True,other
frog,frog,-9.80421,True,other
truck,truck,-10.79077,True,other
cat,cat,-7.6552734,True,other
bird,bird,-12.654001,True,other
horse,horse,-10.948667,True,other
horse,horse,-9.162374,True,other
ship,ship,-7.969648,True,other
automobile,automobile,-5.5331583,False,other
airplane,airplane,-8.288154,True,other
cat,cat,-8.39263,True,other
deer,bird,-4.287251,False,other
frog,frog,-10.419503,True,other
horse,horse,-8.821356,True,other
dog,dog,-7.9310164,True,other
bird,bird,-9.960775,True,other
airplane,airplane,-9.986148,True,other
automobile,automobile,-9.365247,True,other
dog,dog,-10.05012,True,other
dog,dog,-9.229315,True,other
automobile,automobile,-8.553259,True,other
deer,deer,-7.832675,True,other
automobile,automobile,-9.455448,True,other
cat,cat,-10.073831,True,other
airplane,airplane,-11.534894,True,other
ship,ship,-7.8784413,True,other
frog,frog,-9.059458,True,other
bird,bird,-7.3304715,True,other
automobile,automobile,-10.289439,True,other
cat,cat,-6.7515464,True,other
frog,frog,-7.191124,True,other
deer,deer,-8.19782,True,other
automobile,automobile,-10.232416,True,other
truck,truck,-8.903151,True,other
airplane,airplane,-7.380242,True,other
deer,deer,-8.38936,True,other
automobile,automobile,-8.699776,True,other
airplane,airplane,-9.351022,True,other
automobile,automobile,-9.478172,True,other
truck,truck,-8.863614,True,other
ship,airplane,-6.2171316,True,other
frog,frog,-9.138295,True,other
truck,truck,-11.274039,True,other
bird,bird,-8.735498,True,other
deer,deer,-9.139413,True,other
horse,horse,-9.611084,True,other
bird,bird,-8.746772,True,other
bird,bird,-10.069227,True,other
horse,horse,-9.538676,True,other
deer,deer,-6.0288,True,other
truck,truck,-9.15589,True,other
automobile,automobile,-10.418928,True,other
cat,cat,-5.253437,False,other
bird,bird,-9.852806,True,other
frog,frog,-9.429184,True,other
cat,cat,-8.657534,True,other
deer,deer,-8.8788,True,other
deer,deer,-9.41904,True,other
truck,automobile,-7.4376087,True,other
deer,deer,-6.941433,True,other
ship,ship,-9.505147,True,other
bird,bird,-11.489562,True,other
frog,frog,-10.504137,True,other
frog,frog,-9.97127,True,other
automobile,automobile,-10.005051,True,other
frog,frog,-8.805562,True,other
cat,cat,-8.0787325,True,other
frog,frog,-11.115765,True,other
dog,cat,-7.5514126,True,other
ship,ship,-10.143324,True,other
deer,deer,-9.878178,True,other
frog,frog,-9.752117,True,other
horse,horse,-10.433796,True,other
automobile,automobile,-7.8546295,True,other
truck,truck,-9.151588,True,other
cat,cat,-8.7802515,True,other
frog,frog,-10.504337,True,other
horse,horse,-6.2521925,True,other
frog,frog,-9.990619,True,other
airplane,airplane,-9.022801,True,other
horse,horse,-7.766592,True,other
automobile,automobile,-10.690353,True,other
truck,truck,-10.029905,True,other
dog,dog,-8.865423,True,other
bird,bird,-10.254528,True,other
frog,frog,-7.98086,True,other
horse,horse,-7.3247647,True,other
horse,horse,-8.966861,True,other
frog,frog,-7.734589,True,other
dog,dog,-9.648148,True,other
truck,truck,-9.989072,True,other
automobile,automobile,-8.65475,True,other
dog,dog,-11.354327,True,other
frog,frog,-8.895396,True,other
airplane,airplane,-9.567161,True,other
bird,bird,-10.180521,True,other
airplane,bird,-8.258671,True,other
truck,automobile,-6.923481,True,other
automobile,automobile,-8.375888,True,other
ship,ship,-9.264397,True,other
cat,cat,-6.5834956,True,other
dog,dog,-8.109622,True,other
airplane,airplane,-7.0540366,True,other
airplane,airplane,-9.634452,True,other
airplane,airplane,-10.929681,True,other
dog,dog,-11.153402,True,other
horse,horse,-8.964148,True,other
horse,horse,-8.086291,True,other
ship,ship,-7.3987765,True,other
dog,dog,-9.021838,True,other
dog,cat,-8.890726,True,other
dog,dog,-10.271126,True,other
automobile,automobile,-8.906526,True,other
frog,frog,-9.2394905,True,other
automobile,automobile,-9.979149,True,other
dog,dog,-9.483004,True,other
automobile,automobile,-9.043055,True,other
airplane,airplane,-10.488547,True,other
frog,frog,-9.772027,True,other
bird,bird,-7.906567,True,other
cat,cat,-8.938333,True,other
bird,bird,-9.047246,True,other
automobile,automobile,-9.039551,True,other
horse,horse,-7.6698437,True,other
dog,dog,-8.068204,True,other
automobile,automobile,-9.158109,True,other
truck,truck,-9.060261,True,other
ship,ship,-9.785326,True,other
cat,cat,-10.581939,True,other
frog,frog,-8.933405,True,other
truck,truck,-9.547717,True,other
horse,horse,-9.118375,True,other
cat,cat,-11.16192,True,other
airplane,airplane,-10.191683,True,other
bird,bird,-10.569269,True,other
cat,cat,-6.750089,True,other
truck,truck,-10.228479,True,other
deer,deer,-9.327969,True,other
deer,deer,-6.0574203,True,other
cat,cat,-7.5252314,True,other
truck,truck,-7.4333525,True,other
frog,frog,-10.948634,True,other
ship,ship,-9.453621,True,other
frog,frog,-10.387113,True,other
frog,frog,-10.001686,True,other
ship,ship,-9.455077,True,other
dog,dog,-11.173247,True,other
deer,deer,-9.52715,True,other
cat,cat,-9.462858,True,other
frog,frog,-9.204326,True,other
horse,horse,-8.679003,True,other
horse,horse,-9.027746,True,other
deer,deer,-9.711828,True,other
cat,frog,-6.956417,True,other
truck,truck,-9.311718,True,other
frog,frog,-8.823215,True,other
bird,bird,-9.809971,True,other
deer,deer,-8.805337,True,other
airplane,airplane,-10.85764,True,other
automobile,automobile,-10.450955,True,other
cat,cat,-6.5996313,True,other
frog,frog,-10.0460005,True,other
deer,deer,-11.208821,True,other
truck,truck,-9.73834,True,other
bird,bird,-7.189167,True,other
frog,frog,-9.625317,True,other
airplane,airplane,-9.353278,True,other
cat,cat,-11.737151,True,other
ship,ship,-8.704197,True,other
horse,horse,-9.889345,True,other
dog,dog,-8.216435,True,other
cat,cat,-8.547503,True,other
cat,cat,-9.133392,True,other
ship,ship,-8.097803,True,other
cat,cat,-9.642528,True,other
bird,bird,-8.869547,True,other
frog,frog,-5.974483,True,other
cat,cat,-10.902177,True,other
frog,frog,-9.531031,True,other
bird,bird,-4.7849474,False,other
horse,horse,-11.0605,True,other
deer,deer,-8.877073,True,other
dog,dog,-9.707215,True,other
horse,horse,-9.084463,True,other
truck,truck,-9.64676,True,other
airplane,airplane,-8.362059,True,other
airplane,airplane,-10.003512,True,other
frog,frog,-8.885056,True,other
horse,horse,-9.683819,True,other
bird,bird,-7.140957,True,other
ship,airplane,-9.736967,True,other
dog,cat,-6.798693,True,other
dog,dog,-9.932596,True,other
horse,horse,-11.050719,True,other
dog,dog,-8.441349,True,other
dog,dog,-9.555235,True,other
truck,truck,-10.240177,True,other
deer,deer,-8.005123,True,other
frog,frog,-11.040756,True,other
deer,deer,-10.193039,True,other
horse,horse,-4.639336,False,other
cat,cat,-10.507801,True,other
cat,cat,-7.1873093,True,other
frog,frog,-9.217054,True,other
deer,deer,-6.7247148,True,other
automobile,automobile,-7.6402707,True,other
frog,frog,-9.5601635,True,other
cat,cat,-6.1485558,True,other
automobile,automobile,-8.048298,True,other
frog,frog,-9.251249,True,other
horse,horse,-9.138883,True,other
airplane,airplane,-10.244175,True,other
dog,dog,-9.070836,True,other
airplane,airplane,-10.935911,True,other
automobile,automobile,-10.553026,True,other
truck,truck,-6.5272665,True,other
horse,horse,-9.002355,True,other
cat,cat,-12.00959,True,other
dog,dog,-10.2057495,True,other
bird,bird,-8.334076,True,other
cat,cat,-5.7931256,True,other
truck,truck,-8.867611,True,other
dog,dog,-7.3478413,True,other
frog,frog,-10.112252,True,other
deer,deer,-6.7406855,True,other
airplane,airplane,-9.470368,True,other
airplane,airplane,-9.701363,True,other
airplane,airplane,-8.8171625,True,other
ship,ship,-10.692068,True,other
airplane,airplane,-9.732534,True,other
cat,cat,-10.891182,True,other
bird,bird,-9.819851,True,other
deer,deer,-9.162995,True,other
dog,dog,-9.274026,True,other
cat,cat,-9.008496,True,other
horse,horse,-9.135939,True,other
truck,truck,-10.228695,True,other
frog,frog,-10.716499,True,other
truck,truck,-9.811308,True,other
cat,cat,-7.6378264,True,other
automobile,automobile,-11.0195465,True,other
bird,bird,-9.295195,True,other
frog,bird,-4.48414,False,other
horse,horse,-9.509361,True,other
deer,deer,-8.8412075,True,other
dog,dog,-8.517774,True,other
automobile,automobile,-9.5145035,True,other
cat,cat,-10.119956,True,other
horse,horse,-9.163372,True,other
frog,frog,-3.5288372,False,other
truck,truck,-8.930279,True,other
dog,dog,-7.5728536,True,other
ship,airplane,-4.5834713,False,other
dog,dog,-6.794235,True,other
ship,ship,-10.11561,True,other
dog,dog,-10.822261,True,other
ship,ship,-9.630657,True,other
dog,dog,-8.411249,True,other
frog,frog,-8.797726,True,other
dog,dog,-10.513582,True,other
airplane,airplane,-9.3122,True,other
ship,ship,-9.024803,True,other
cat,cat,-5.5856156,False,other
ship,ship,-8.118991,True,other
automobile,automobile,-10.329573,True,other
ship,ship,-10.2959585,True,other
automobile,automobile,-9.3012295,True,other
dog,dog,-11.972692,True,other
airplane,airplane,-9.584186,True,other
truck,truck,-11.401503,True,other
ship,ship,-6.4652066,True,other
frog,frog,-8.170773,True,other
cat,cat,-10.462826,True,other
frog,frog,-9.293333,True,other
cat,cat,-8.447953,True,other
deer,deer,-8.664876,True,other
deer,deer,-6.501328,True,other
horse,horse,-9.569107,True,other
deer,deer,-10.572902,True,other
horse,horse,-9.139906,True,other
deer,deer,-9.277725,True,other
cat,cat,-8.405109,True,other
bird,bird,-6.428959,True,other
deer,deer,-8.52386,True,other
dog,deer,-5.4720974,False,other
dog,dog,-10.650854,True,other
horse,horse,-10.8393345,True,other
dog,dog,-9.202035,True,other
deer,deer,-7.6769404,True,other
dog,dog,-10.85945,True,other
ship,ship,-8.107,True,other
airplane,airplane,-9.474881,True,other
dog,dog,-10.093407,True,other
deer,deer,-8.77338,True,other
airplane,airplane,-10.132373,True,other
dog,dog,-8.436542,True,other
deer,deer,-9.887989,True,other
cat,cat,-11.406691,True,other
cat,cat,-8.020128,True,other
bird,bird,-9.066223,True,other
deer,deer,-7.8532715,True,other
bird,bird,-4.7512627,False,other
truck,truck,-9.7516575,True,other
deer,deer,-10.827961,True,other
ship,ship,-9.040392,True,other
ship,ship,-9.485073,True,other
frog,frog,-9.485558,True,other
bird,bird,-6.962824,True,other
frog,frog,-9.758099,True,other
automobile,automobile,-9.658885,True,other
horse,horse,-9.506062,True,other
airplane,airplane,-7.6324487,True,other
deer,deer,-8.910635,True,other
cat,cat,-9.728008,True,other
ship,ship,-8.754918,True,other
dog,dog,-10.037059,True,other
truck,truck,-9.08272,True,other
horse,horse,-9.227095,True,other
frog,frog,-6.2080455,True,other
horse,horse,-9.222443,True,other
automobile,automobile,-7.6588993,True,other
airplane,airplane,-9.787143,True,other
bird,bird,-7.302499,True,other
cat,cat,-10.282324,True,other
dog,cat,-7.616756,True,other
frog,frog,-9.80056,True,other
horse,horse,-9.076157,True,other
automobile,automobile,-9.197163,True,other
frog,frog,-9.586301,True,other
bird,bird,-7.5677996,True,other
ship,ship,-9.106857,True,other
cat,cat,-10.941361,True,other
horse,dog,-5.271035,False,other
bird,bird,-9.440532,True,other
dog,dog,-10.097415,True,other
horse,horse,-8.958858,True,other
dog,dog,-8.765545,True,other
horse,horse,-9.479048,True,other
horse,horse,-9.81674,True,other
automobile,automobile,-8.844708,True,other
horse,horse,-9.190787,True,other
deer,deer,-7.4589505,True,other
cat,dog,-7.111389,True,other
cat,cat,-9.917554,True,other
deer,deer,-9.340063,True,other
airplane,airplane,-9.296829,True,other
deer,deer,-8.085399,True,other
bird,bird,-9.8876,True,other
horse,horse,-9.351935,True,other
airplane,airplane,-9.951419,True,other
bird,dog,-5.7012463,False,other
bird,bird,-7.510089,True,other
frog,frog,-8.056025,True,other
frog,frog,-9.077872,True,other
bird,bird,-8.161807,True,other
dog,dog,-10.069236,True,other
bird,bird,-6.694154,True,other
frog,frog,-8.6615715,True,other
airplane,airplane,-8.497572,True,other
frog,frog,-8.889381,True,other
automobile,automobile,-5.2391653,False,other
bird,dog,-5.7800198,True,other
truck,truck,-9.306196,True,other
airplane,airplane,-9.677301,True,other
airplane,airplane,-7.6699142,True,other
automobile,automobile,-11.459795,True,other
dog,dog,-9.634258,True,other
dog,dog,-9.745221,True,other
automobile,automobile,-8.834756,True,other
frog,frog,-9.325317,True,other
horse,horse,-9.633984,True,other
ship,ship,-8.9784355,True,other
dog,dog,-3.285506,False,other
frog,frog,-9.229206,True,other
cat,cat,-9.54569,True,other
cat,cat,-7.890084,True,other
frog,frog,-6.83717,True,other
airplane,airplane,-8.081746,True,other
truck,truck,-7.7180243,True,other
truck,truck,-10.301678,True,other
bird,bird,-9.476429,True,other
bird,bird,-8.845062,True,other
frog,frog,-9.856593,True,other
automobile,automobile,-8.438504,True,other
deer,deer,-8.651661,True,other
frog,frog,-10.284695,True,other
bird,bird,-8.667595,True,other
dog,dog,-11.12663,True,other
horse,horse,-9.839378,True,other
ship,airplane,-10.11007,True,other
ship,ship,-10.538191,True,other
dog,dog,-10.369555,True,other
frog,frog,-11.562877,True,other
deer,deer,-6.027269,True,other
cat,cat,-8.05245,True,other
bird,bird,-8.805034,True,other
cat,cat,-9.952515,True,other
deer,deer,-7.590137,True,other
deer,deer,-9.599148,True,other
deer,deer,-9.1582365,True,other
ship,ship,-9.548164,True,other
truck,truck,-10.711019,True,other
bird,bird,-11.650057,True,other
frog,frog,-11.450796,True,other
airplane,airplane,-11.1605,True,other
truck,truck,-8.378513,True,other
horse,horse,-8.982126,True,other
truck,truck,-10.232908,True,other
ship,ship,-9.520829,True,other
horse,horse,-10.983668,True,other
horse,horse,-10.396878,True,other
cat,cat,-8.518816,True,other
ship,ship,-10.236467,True,other
bird,bird,-10.2771845,True,other
truck,truck,-9.821632,True,other
cat,cat,-8.566747,True,other
dog,airplane,-4.8778787,False,other
horse,horse,-8.286781,True,other
dog,dog,-10.771693,True,other
ship,ship,-9.556812,True,other
horse,horse,-9.42497,True,other
cat,cat,-10.795711,True,other
horse,horse,-9.919853,True,other
airplane,airplane,-10.031094,True,other
horse,horse,-11.382447,True,other
automobile,automobile,-7.7020965,True,other
frog,frog,-10.300342,True,other
bird,bird,-8.516673,True,other
deer,deer,-8.171966,True,other
airplane,airplane,-12.45373,True,other
airplane,airplane,-9.501998,True,other
bird,bird,-8.025412,True,other
truck,truck,-11.225962,True,other
ship,ship,-10.246732,True,other
bird,bird,-8.784298,True,other
ship,ship,-11.081841,True,other
horse,horse,-5.0355816,False,other
horse,horse,-7.343017,True,other
dog,dog,-9.2643795,True,other
dog,dog,-9.585526,True,other
airplane,airplane,-11.652796,True,other
automobile,automobile,-8.102184,True,other
bird,bird,-8.924935,True,other
truck,truck,-8.240643,True,other
frog,frog,-7.8453355,True,other
automobile,automobile,-8.811311,True,other
airplane,airplane,-9.395638,True,other
automobile,automobile,-9.246305,True,other
airplane,airplane,-9.047319,True,other
frog,frog,-9.806437,True,other
dog,dog,-7.1916304,True,other
airplane,airplane,-8.518409,True,other
dog,dog,-10.900796,True,other
horse,horse,-9.808856,True,other
deer,deer,-9.822044,True,other
deer,deer,-9.961384,True,other
ship,ship,-10.498962,True,other
cat,cat,-6.4495344,True,other
dog,dog,-9.203889,True,other
cat,cat,-9.014648,True,other
horse,horse,-9.868561,True,other
bird,bird,-7.628834,True,other
dog,dog,-9.165782,True,other
ship,ship,-8.299769,True,other
cat,cat,-9.650012,True,other
dog,dog,-8.508256,True,other
horse,horse,-10.109607,True,other
cat,cat,-9.837874,True,other
horse,horse,-7.72145,True,other
airplane,airplane,-9.558602,True,other
dog,dog,-9.293563,True,other
deer,deer,-8.9848385,True,other
dog,cat,-5.4631715,False,other
frog,frog,-10.41897,True,other
truck,truck,-9.488905,True,other
cat,cat,-10.4973755,True,other
dog,dog,-9.868999,True,other
cat,deer,-4.146639,False,other
ship,ship,-10.122707,True,other
bird,bird,-11.935835,True,other
deer,deer,-7.574296,True,other
bird,frog,-7.801304,True,other
bird,cat,-4.4849896,False,other
frog,frog,-8.769768,True,other
horse,horse,-11.742274,True,other
frog,frog,-8.13751,True,other
airplane,airplane,-9.330441,True,other
dog,dog,-10.579111,True,other
dog,dog,-9.30324,True,other
ship,ship,-8.990406,True,other
deer,deer,-6.1664567,True,other
dog,dog,-5.8398714,True,other
frog,frog,-9.019943,True,other
automobile,automobile,-9.268721,True,other
cat,cat,-10.963349,True,other
dog,dog,-6.9406877,True,other
deer,deer,-10.521862,True,other
horse,horse,-7.8250437,True,other
cat,dog,-5.4177613,False,other
airplane,airplane,-10.120101,True,other
horse,horse,-9.41454,True,other
bird,bird,-8.740658,True,other
airplane,airplane,-9.885045,True,other
automobile,automobile,-9.705572,True,other
bird,bird,-8.419139,True,other
deer,deer,-8.975814,True,other
truck,truck,-6.965452,True,other
frog,frog,-9.953114,True,other
deer,deer,-9.566224,True,other
dog,dog,-9.956046,True,other
truck,truck,-8.430508,True,other
horse,horse,-9.4277725,True,other
horse,horse,-8.364446,True,other
frog,frog,-5.6949635,False,other
horse,horse,-8.814832,True,other
deer,deer,-8.715093,True,other
cat,cat,-9.377927,True,other
automobile,automobile,-9.916639,True,other
frog,frog,-9.438955,True,other
truck,truck,-9.774113,True,other
deer,deer,-6.5952373,True,other
ship,ship,-9.195751,True,other
airplane,airplane,-9.546727,True,other
cat,cat,-7.3543005,True,other
automobile,truck,-6.306269,True,other
frog,frog,-4.561228,False,other
deer,deer,-9.110802,True,other
deer,deer,-9.429248,True,other
bird,bird,-4.381784,False,other
automobile,automobile,-9.905047,True,other
deer,deer,-11.097193,True,other
frog,frog,-8.702239,True,other
cat,cat,-7.0895557,True,other
airplane,airplane,-11.45927,True,other
ship,ship,-8.621765,True,other
truck,truck,-8.987392,True,other
horse,horse,-11.514798,True,other
frog,frog,-9.184371,True,other
ship,ship,-8.283834,True,other
deer,deer,-8.595475,True,other
ship,ship,-10.791422,True,other
automobile,automobile,-10.9603615,True,other
deer,deer,-8.045855,True,other
dog,dog,-10.47454,True,other
truck,truck,-9.396456,True,other
deer,deer,-9.209056,True,other
horse,horse,-9.164975,True,other
automobile,automobile,-8.562408,True,other
deer,deer,-9.419893,True,other
dog,dog,-11.06516,True,other
cat,cat,-5.3157907,False,other
automobile,automobile,-10.144846,True,other
bird,bird,-7.3053045,True,other
frog,frog,-11.824284,True,other
deer,deer,-10.1031475,True,other
horse,horse,-8.864067,True,other
automobile,automobile,-9.750339,True,other
dog,cat,-5.4886355,False,other
truck,truck,-9.94556,True,other
cat,cat,-6.704413,True,other
automobile,automobile,-9.231262,True,other
deer,deer,-9.820693,True,other
ship,ship,-9.682631,True,other
horse,horse,-9.158797,True,other
horse,horse,-8.82283,True,other
airplane,airplane,-8.239281,True,other
deer,deer,-5.5411773,False,other
cat,cat,-10.20971,True,other
deer,deer,-9.098385,True,other
frog,bird,-7.942728,True,other
horse,horse,-9.787461,True,other
horse,horse,-8.784519,True,other
dog,dog,-4.872596,False,other
deer,deer,-8.608473,True,other
deer,deer,-8.725604,True,other
deer,deer,-8.406828,True,other
cat,cat,-8.835744,True,other
frog,frog,-10.431717,True,other
frog,frog,-9.207586,True,other
automobile,automobile,-9.542247,True,other
truck,truck,-10.097505,True,other
truck,truck,-11.029518,True,other
horse,horse,-6.907771,True,other
truck,truck,-9.878826,True,other
deer,deer,-9.433592,True,other
cat,cat,-8.800839,True,other
bird,bird,-9.777377,True,other
truck,truck,-10.368658,True,other
ship,ship,-6.603232,True,other
dog,dog,-8.751626,True,other
airplane,airplane,-10.315557,True,other
frog,frog,-8.1915,True,other
truck,truck,-10.048489,True,other
airplane,airplane,-9.969289,True,other
truck,truck,-8.481216,True,other
horse,horse,-8.731547,True,other
ship,ship,-10.430199,True,other
dog,dog,-7.341445,True,other
deer,deer,-8.142896,True,other
deer,deer,-9.772981,True,other
truck,truck,-9.685669,True,other
deer,airplane,-3.124319,False,other
bird,bird,-9.070324,True,other
frog,frog,-9.5984,True,other
frog,frog,-9.126703,True,other
truck,truck,-7.339215,True,other
truck,truck,-9.431715,True,other
horse,horse,-9.679651,True,other
truck,truck,-9.8411045,True,other
truck,truck,-9.352504,True,other
airplane,airplane,-8.183251,True,other
dog,dog,-9.368756,True,other
automobile,automobile,-9.404697,True,other
automobile,automobile,-10.594591,True,other
ship,ship,-6.516165,True,other
frog,frog,-10.1905985,True,other
truck,truck,-10.114047,True,other
truck,truck,-9.638897,True,other
dog,dog,-9.136701,True,other
frog,frog,-9.322335,True,other
dog,dog,-8.388744,True,other
dog,dog,-8.921845,True,other
truck,truck,-8.682387,True,other
horse,horse,-9.537198,True,other
truck,truck,-10.651392,True,other
deer,deer,-9.8981495,True,other
dog,dog,-9.334714,True,other
deer,deer,-6.6385937,True,other
cat,cat,-7.918018,True,other
cat,cat,-4.7039723,False,other
truck,truck,-10.398249,True,other
ship,ship,-9.384102,True,other
ship,ship,-8.7718,True,other
cat,cat,-4.762045,False,other
deer,deer,-8.442168,True,other
ship,ship,-9.64803,True,other
deer,deer,-9.100974,True,other
airplane,airplane,-9.520924,True,other
deer,deer,-8.472661,True,other
airplane,airplane,-9.109895,True,other
horse,horse,-8.49364,True,other
bird,bird,-9.301369,True,other
ship,airplane,-4.718825,False,other
airplane,airplane,-8.53193,True,other
bird,bird,-9.522281,True,other
airplane,airplane,-11.215484,True,other
horse,horse,-7.267456,True,other
deer,deer,-10.037516,True,other
airplane,airplane,-12.200376,True,other
frog,frog,-8.523407,True,other
cat,bird,-6.3294907,True,other
cat,cat,-8.313181,True,other
automobile,automobile,-8.759916,True,other
horse,horse,-10.892993,True,other
deer,deer,-4.447737,False,other
frog,frog,-10.270739,True,other
dog,cat,-6.1889586,True,other
airplane,airplane,-11.1419735,True,other
deer,deer,-8.648256,True,other
truck,truck,-6.7960305,True,other
dog,dog,-10.201411,True,other
frog,frog,-8.949678,True,other
frog,frog,-8.973025,True,other
cat,cat,-8.97281,True,other
airplane,airplane,-10.112887,True,other
dog,dog,-8.803372,True,other
bird,bird,-10.03702,True,other
frog,frog,-5.7657657,True,other
cat,cat,-9.492636,True,other
cat,cat,-8.696393,True,other
ship,ship,-7.204616,True,other
airplane,airplane,-10.105525,True,other
ship,ship,-8.440119,True,other
dog,dog,-9.388886,True,other
deer,deer,-9.995058,True,other
bird,bird,-8.610863,True,other
truck,truck,-11.025443,True,other
dog,dog,-8.410317,True,other
airplane,airplane,-9.903355,True,other
dog,dog,-9.411729,True,other
deer,deer,-9.927967,True,other
ship,ship,-11.19911,True,other
bird,bird,-6.791256,True,other
horse,horse,-9.528227,True,other
frog,frog,-9.041826,True,other
dog,dog,-6.43739,True,other
horse,horse,-8.987468,True,other
ship,ship,-8.892001,True,other
bird,bird,-9.143551,True,other
airplane,airplane,-10.318601,True,other
automobile,automobile,-7.9932404,True,other
ship,ship,-10.679727,True,other
bird,bird,-10.181722,True,other
deer,deer,-8.276656,True,other
ship,ship,-8.784197,True,other
deer,deer,-8.868108,True,other
cat,cat,-11.540972,True,other
airplane,airplane,-10.05532,True,other
deer,deer,-9.264526,True,other
airplane,airplane,-10.948841,True,other
automobile,automobile,-9.702108,True,other
truck,truck,-9.128901,True,other
cat,cat,-8.6023035,True,other
airplane,airplane,-8.48201,True,other
cat,cat,-8.274178,True,other
frog,deer,-9.877079,True,other
dog,cat,-6.946157,True,other
dog,bird,-4.2728834,False,other
bird,bird,-9.913634,True,other
ship,ship,-8.853785,True,other
dog,dog,-7.134272,True,other
airplane,airplane,-10.186345,True,other
ship,truck,-6.983443,True,other
horse,horse,-9.420641,True,other
dog,dog,-8.719249,True,other
bird,bird,-9.021551,True,other
deer,deer,-7.53899,True,other
cat,cat,-10.903031,True,other
horse,horse,-9.02068,True,other
airplane,ship,-8.072398,True,other
bird,bird,-7.986206,True,other
cat,cat,-8.943702,True,other
automobile,automobile,-9.85913,True,other
airplane,airplane,-10.60576,True,other
airplane,airplane,-9.16019,True,other
bird,automobile,-2.5181563,False,other
automobile,automobile,-9.590995,True,other
bird,bird,-9.259874,True,other
automobile,automobile,-9.277185,True,other
deer,deer,-9.0649805,True,other
frog,frog,-9.583228,True,other
horse,horse,-8.394937,True,other
automobile,automobile,-8.372597,True,other
airplane,airplane,-9.2592,True,other
dog,dog,-8.685071,True,other
bird,bird,-11.326562,True,other
dog,dog,-9.629559,True,other
truck,truck,-9.661164,True,other
bird,bird,-9.356474,True,other
dog,dog,-9.158868,True,other
frog,frog,-9.299962,True,other
horse,horse,-8.536186,True,other
automobile,automobile,-10.08382,True,other
truck,truck,-6.053446,True,other
cat,cat,-7.2518764,True,other
frog,frog,-9.387243,True,other
automobile,automobile,-8.317133,True,other
airplane,airplane,-10.417897,True,other
bird,bird,-9.912125,True,other
truck,truck,-9.834566,True,other
deer,deer,-9.292883,True,other
bird,bird,-8.969539,True,other
truck,truck,-10.169533,True,other
cat,cat,-5.89292,True,other
ship,ship,-7.6401153,True,other
bird,bird,-8.398669,True,other
truck,truck,-8.97733,True,other
ship,ship,-10.986671,True,other
dog,dog,-6.8971825,True,other
automobile,automobile,-9.584016,True,other
airplane,airplane,-11.588894,True,other
automobile,automobile,-9.834211,True,other
dog,dog,-9.063086,True,other
bird,bird,-9.925554,True,other
dog,dog,-10.753221,True,other
frog,frog,-9.075381,True,other
ship,ship,-12.369795,True,other
ship,ship,-8.144899,True,other
cat,cat,-11.437433,True,other
dog,bird,-5.7376866,True,other
airplane,airplane,-9.398456,True,other
deer,deer,-8.810312,True,other
automobile,automobile,-9.513739,True,other
cat,cat,-8.126124,True,other
horse,horse,-9.501777,True,other
airplane,airplane,-10.616916,True,other
cat,cat,-6.277804,True,other
cat,cat,-7.0130725,True,other
truck,truck,-10.421555,True,other
bird,bird,-6.3145447,True,other
cat,cat,-8.81801,True,other
truck,truck,-10.552967,True,other
truck,truck,-9.368695,True,other
ship,ship,-10.599165,True,other
dog,dog,-8.751931,True,other
truck,truck,-8.641072,True,other
horse,horse,-5.3550377,False,other
bird,bird,-6.6777596,True,other
airplane,airplane,-6.334968,True,other
truck,truck,-9.741153,True,other
deer,deer,-9.172726,True,other
horse,horse,-8.840711,True,other
automobile,automobile,-8.849819,True,other
horse,cat,-6.636392,True,other
frog,frog,-10.375578,True,other
deer,deer,-8.297306,True,other
deer,deer,-10.093237,True,other
ship,ship,-10.121339,True,other
truck,truck,-9.166174,True,other
airplane,airplane,-11.133046,True,other
horse,horse,-10.021055,True,other
automobile,automobile,-9.655935,True,other
bird,bird,-8.226253,True,other
deer,bird,-2.775414,False,other
airplane,airplane,-6.1595807,True,other
cat,cat,-8.718871,True,other
horse,horse,-11.332549,True,other
dog,dog,-10.128093,True,other
automobile,automobile,-9.634434,True,other
truck,truck,-8.694473,True,other
cat,cat,-10.063419,True,other
dog,dog,-9.2570915,True,other
bird,bird,-9.22352,True,other
deer,deer,-9.563666,True,other
automobile,automobile,-10.477772,True,other
automobile,automobile,-10.182396,True,other
cat,cat,-9.298282,True,other
cat,cat,-9.947637,True,other
truck,truck,-10.1711235,True,other
bird,bird,-10.38065,True,other
dog,dog,-8.7206745,True,other
ship,ship,-10.976336,True,other
airplane,airplane,-7.362351,True,other
ship,ship,-9.84714,True,other
automobile,automobile,-8.80365,True,other
dog,dog,-7.912198,True,other
automobile,automobile,-8.437154,True,other
dog,dog,-8.912269,True,other
truck,truck,-8.584507,True,other
airplane,airplane,-8.636742,True,other
truck,truck,-9.882877,True,other
bird,bird,-10.812176,True,other
deer,deer,-5.797713,True,other
airplane,airplane,-10.496204,True,other
frog,frog,-8.509626,True,other
truck,truck,-9.930547,True,other
automobile,automobile,-10.291359,True,other
automobile,automobile,-10.737963,True,other
cat,cat,-10.727228,True,other
deer,cat,-6.7931004,True,other
truck,truck,-9.409241,True,other
dog,dog,-10.635265,True,other
cat,cat,-8.51278,True,other
cat,cat,-9.040254,True,other
cat,bird,-4.8509903,False,other
cat,cat,-9.681403,True,other
deer,deer,-9.014752,True,other
automobile,automobile,-8.740959,True,other
dog,dog,-6.8944507,True,other
truck,truck,-9.331436,True,other
ship,ship,-8.823437,True,other
horse,horse,-9.347569,True,other
deer,dog,-4.208954,False,other
ship,ship,-9.700624,True,other
horse,horse,-9.672227,True,other
cat,cat,-8.032965,True,other
dog,dog,-7.479739,True,other
bird,bird,-11.257259,True,other
dog,dog,-9.342048,True,other
ship,ship,-10.338138,True,other
truck,truck,-8.1081705,True,other
horse,horse,-9.162147,True,other
bird,bird,-9.289488,True,other
airplane,airplane,-6.517863,True,other
airplane,airplane,-10.087008,True,other
horse,horse,-9.679222,True,other
dog,dog,-9.456358,True,other
cat,cat,-9.860277,True,other
dog,dog,-9.836266,True,other
horse,horse,-9.225748,True,other
deer,horse,-4.929857,False,other
frog,frog,-7.164575,True,other
bird,bird,-8.089249,True,other
ship,ship,-6.7486563,True,other
bird,bird,-9.530201,True,other
horse,horse,-8.882747,True,other
horse,horse,-11.144702,True,other
frog,frog,-9.587442,True,other
automobile,automobile,-9.8920145,True,other
cat,cat,-10.31333,True,other
ship,ship,-8.314189,True,other
frog,frog,-11.741749,True,other
bird,bird,-10.1801815,True,other
airplane,airplane,-10.551305,True,other
deer,deer,-8.9925,True,other
deer,deer,-9.444866,True,other
ship,ship,-11.160521,True,other
frog,frog,-8.783833,True,other
deer,deer,-8.195749,True,other
airplane,airplane,-9.090517,True,other
bird,bird,-8.572533,True,other
dog,dog,-10.787384,True,other
deer,deer,-8.930762,True,other
automobile,automobile,-8.807949,True,other
bird,bird,-7.8197603,True,other
dog,dog,-6.6108956,True,other
deer,deer,-8.30292,True,other
frog,frog,-9.674762,True,other
truck,truck,-9.7630625,True,other
dog,cat,-5.2169237,False,other
airplane,airplane,-11.024758,True,other
dog,dog,-10.015,True,other
bird,bird,-8.307771,True,other
airplane,airplane,-8.770669,True,other
ship,ship,-9.680379,True,other
bird,bird,-9.758544,True,other
frog,frog,-8.267668,True,other
deer,deer,-8.866531,True,other
horse,horse,-10.399016,True,other
truck,truck,-10.215874,True,other
dog,dog,-10.895859,True,other
horse,horse,-9.289751,True,other
bird,bird,-9.811729,True,other
frog,frog,-5.817479,True,other
bird,bird,-9.385358,True,other
automobile,automobile,-9.343506,True,other
truck,truck,-10.04223,True,other
truck,truck,-10.503447,True,other
horse,horse,-8.205755,True,other
bird,bird,-10.730279,True,other
dog,dog,-8.699389,True,other
automobile,automobile,-9.095531,True,other
ship,ship,-8.922139,True,other
automobile,automobile,-10.25292,True,other
frog,frog,-10.748896,True,other
cat,frog,-3.0676646,False,other
airplane,airplane,-8.837188,True,other
ship,ship,-9.7880945,True,other
ship,ship,-8.919384,True,other
dog,dog,-10.784986,True,other
frog,frog,-10.005758,True,other
truck,truck,-10.45855,True,other
truck,truck,-10.345432,True,other
truck,truck,-9.635114,True,other
frog,frog,-9.77866,True,other
cat,cat,-9.384133,True,other
airplane,airplane,-9.981533,True,other
ship,ship,-8.08183,True,other
ship,ship,-10.8736515,True,other
dog,dog,-10.578167,True,other
cat,cat,-8.612321,True,other
cat,cat,-7.250421,True,other
automobile,automobile,-9.858139,True,other
automobile,automobile,-9.958156,True,other
airplane,airplane,-10.48223,True,other
horse,horse,-8.347608,True,other
airplane,airplane,-8.838815,True,other
frog,frog,-7.235722,True,other
airplane,airplane,-11.062811,True,other
deer,deer,-9.027544,True,other
deer,deer,-9.398059,True,other
frog,frog,-8.657347,True,other
dog,dog,-9.590203,True,other
cat,cat,-7.832792,True,other
bird,bird,-8.508638,True,other
truck,truck,-9.758596,True,other
frog,frog,-9.430378,True,other
frog,frog,-10.157204,True,other
horse,horse,-9.258983,True,other
truck,truck,-9.465277,True,other
horse,horse,-9.192132,True,other
horse,horse,-10.302965,True,other
airplane,airplane,-8.247489,True,other
ship,ship,-10.586456,True,other
deer,deer,-6.894438,True,other
bird,bird,-9.895269,True,other
horse,horse,-9.254565,True,other
horse,horse,-9.132435,True,other
horse,horse,-7.079476,True,other
deer,deer,-9.288988,True,other
airplane,airplane,-10.320325,True,other
automobile,automobile,-10.209407,True,other
frog,frog,-10.497025,True,other
airplane,airplane,-11.8213,True,other
dog,dog,-7.288043,True,other
cat,cat,-8.032296,True,other
airplane,airplane,-7.4307714,True,other
bird,bird,-10.796879,True,other
deer,deer,-9.902486,True,other
truck,truck,-8.674912,True,other
horse,horse,-8.348253,True,other
cat,cat,-5.443732,False,other
cat,cat,-9.70309,True,other
bird,bird,-9.6192665,True,other
ship,ship,-9.33332,True,other
ship,ship,-10.09624,True,other
dog,dog,-10.685979,True,other
cat,cat,-9.256579,True,other
ship,ship,-9.116915,True,other
airplane,airplane,-9.637464,True,other
ship,ship,-9.5791235,True,other
airplane,frog,-3.8034124,False,other
airplane,airplane,-10.7020445,True,other
airplane,airplane,-9.620361,True,other
bird,bird,-8.173469,True,other
bird,bird,-5.261903,False,other
horse,horse,-6.1157436,True,other
airplane,airplane,-9.703212,True,other
horse,horse,-6.248618,True,other
horse,horse,-9.112516,True,other
horse,horse,-11.688006,True,other
bird,bird,-5.694612,False,other
bird,bird,-9.644033,True,other
airplane,airplane,-7.0235977,True,other
deer,deer,-9.056853,True,other
airplane,airplane,-10.857349,True,other
cat,cat,-7.441772,True,other
horse,horse,-7.8008575,True,other
ship,ship,-9.468964,True,other
deer,deer,-11.456024,True,other
horse,horse,-9.572742,True,other
truck,truck,-7.5316424,True,other
frog,frog,-9.47634,True,other
automobile,automobile,-9.3971405,True,other
automobile,automobile,-9.100244,True,other
frog,frog,-11.003485,True,other
truck,truck,-10.223065,True,other
cat,cat,-11.35818,True,other
ship,ship,-9.811598,True,other
truck,truck,-10.214869,True,other
dog,dog,-7.0211368,True,other
ship,ship,-10.487911,True,other
cat,cat,-13.104782,True,other
truck,automobile,-6.373611,True,other
deer,deer,-7.136212,True,other
cat,cat,-9.043353,True,other
horse,horse,-8.85806,True,other
dog,dog,-11.222124,True,other
dog,dog,-5.5996685,False,other
bird,bird,-9.973652,True,other
horse,horse,-7.876717,True,other
dog,dog,-8.731921,True,other
horse,horse,-9.421218,True,other
truck,truck,-8.278828,True,other
frog,frog,-10.538744,True,other
cat,cat,-8.755315,True,other
airplane,airplane,-8.724454,True,other
ship,ship,-8.731685,True,other
deer,deer,-5.4933114,False,other
dog,dog,-12.0760765,True,other
frog,frog,-8.298187,True,other
automobile,automobile,-8.572217,True,other
airplane,airplane,-8.37518,True,other
deer,horse,-4.1322308,False,other
ship,ship,-9.5364065,True,other
deer,deer,-8.353988,True,other
horse,horse,-10.010304,True,other
automobile,automobile,-6.108201,True,other
cat,cat,-10.04778,True,other
bird,bird,-8.955487,True,other
airplane,airplane,-9.991256,True,other
truck,truck,-8.7965975,True,other
automobile,automobile,-9.690897,True,other
ship,ship,-12.017511,True,other
ship,truck,-7.748782,True,other
frog,frog,-9.120016,True,other
ship,ship,-8.764403,True,other
automobile,automobile,-9.757556,True,other
horse,horse,-9.345734,True,other
automobile,automobile,-9.107772,True,other
airplane,airplane,-11.452101,True,other
truck,ship,-9.021647,True,other
horse,horse,-8.382199,True,other
frog,frog,-10.794928,True,other
deer,deer,-7.838208,True,other
dog,dog,-7.3913264,True,other
ship,ship,-9.851009,True,other
bird,bird,-8.154669,True,other
automobile,automobile,-10.342638,True,other
bird,bird,-7.979915,True,other
dog,dog,-7.0157022,True,other
ship,ship,-8.873956,True,other
automobile,automobile,-7.5337543,True,other
automobile,automobile,-9.989909,True,other
ship,ship,-9.520125,True,other
ship,ship,-8.842247,True,other
airplane,airplane,-9.088216,True,other
truck,truck,-10.122742,True,other
airplane,airplane,-7.7861867,True,other
airplane,airplane,-9.842148,True,other
deer,bird,-4.745413,False,other
cat,cat,-11.457342,True,other
cat,cat,-10.18756,True,other
dog,dog,-9.268778,True,other
frog,frog,-10.778283,True,other
frog,frog,-5.523702,False,other
cat,dog,-8.032941,True,other
automobile,automobile,-9.518831,True,other
deer,deer,-8.849691,True,other
deer,deer,-8.907321,True,other
horse,horse,-9.927979,True,other
ship,ship,-10.549747,True,other
airplane,airplane,-9.078855,True,other
automobile,automobile,-8.513957,True,other
deer,deer,-8.943891,True,other
ship,ship,-8.190928,True,other
deer,deer,-10.163569,True,other
frog,frog,-7.999641,True,other
bird,bird,-8.419226,True,other
bird,bird,-9.451876,True,other
bird,bird,-9.1352005,True,other
frog,frog,-9.189449,True,other
cat,cat,-12.846264,True,other
deer,deer,-10.121052,True,other
airplane,airplane,-10.090408,True,other
ship,ship,-10.693328,True,other
automobile,automobile,-9.807959,True,other
cat,cat,-10.19657,True,other
ship,ship,-5.0986133,False,other
cat,cat,-7.8397164,True,other
ship,ship,-10.60661,True,other
truck,truck,-9.720905,True,other
automobile,automobile,-8.824441,True,other
frog,frog,-9.5013,True,other
automobile,automobile,-8.344688,True,other
truck,truck,-8.193166,True,other
ship,ship,-9.647333,True,other
bird,bird,-11.357752,True,other
airplane,airplane,-10.482307,True,other
deer,deer,-8.873535,True,other
horse,horse,-9.375208,True,other
deer,deer,-8.99408,True,other
airplane,airplane,-7.2340083,True,other
airplane,airplane,-6.9397426,True,other
horse,horse,-7.4407873,True,other
frog,frog,-9.502729,True,other
ship,ship,-10.530011,True,other
truck,truck,-10.00318,True,other
ship,ship,-7.519277,True,other
frog,frog,-10.252204,True,other
bird,bird,-10.079216,True,other
ship,ship,-8.361872,True,other
ship,ship,-7.4268017,True,other
airplane,airplane,-11.13147,True,other
automobile,automobile,-10.73735,True,other
automobile,automobile,-10.077956,True,other
airplane,airplane,-9.746684,True,other
horse,horse,-9.273062,True,other
horse,horse,-9.309409,True,other
deer,deer,-4.3296485,False,other
deer,deer,-7.954201,True,other
horse,horse,-8.361768,True,other
horse,horse,-6.9348097,True,other
bird,bird,-9.354559,True,other
frog,frog,-9.838711,True,other
frog,frog,-8.732405,True,other
horse,horse,-9.206492,True,other
deer,deer,-9.290973,True,other
dog,dog,-9.527471,True,other
deer,deer,-9.80582,True,other
airplane,airplane,-8.815135,True,other
truck,truck,-9.264767,True,other
deer,deer,-9.561371,True,other
horse,horse,-9.987787,True,other
bird,bird,-9.179194,True,other
dog,dog,-9.232991,True,other
cat,cat,-7.6094556,True,other
bird,bird,-9.1178,True,other
bird,bird,-8.599362,True,other
horse,horse,-10.930719,True,other
frog,frog,-9.203329,True,other
bird,bird,-9.730785,True,other
frog,frog,-9.032904,True,other
deer,deer,-10.05142,True,other
truck,automobile,-8.755603,True,other
frog,frog,-9.819878,True,other
ship,ship,-9.177774,True,other
cat,cat,-8.33773,True,other
ship,ship,-9.309814,True,other
dog,dog,-9.842674,True,other
dog,dog,-10.878443,True,other
bird,bird,-9.965123,True,other
cat,cat,-9.055597,True,other
deer,deer,-8.680248,True,other
dog,dog,-6.4758286,True,other
bird,bird,-6.8513618,True,other
horse,horse,-10.036029,True,other
dog,dog,-6.0715523,True,other
automobile,automobile,-7.9774914,True,other
dog,dog,-10.638575,True,other
cat,cat,-8.107743,True,other
horse,horse,-9.018611,True,other
ship,ship,-8.995819,True,other
ship,ship,-8.879916,True,other
truck,truck,-7.0091677,True,other
frog,frog,-5.7843523,True,other
airplane,airplane,-7.3355775,True,other
truck,truck,-6.5863633,True,other
bird,bird,-9.996775,True,other
frog,frog,-8.361522,True,other
airplane,airplane,-9.02465,True,other
airplane,airplane,-7.999704,True,other
automobile,automobile,-9.585353,True,other
deer,deer,-10.27116,True,other
automobile,automobile,-9.393335,True,other
cat,cat,-9.53133,True,other
dog,dog,-13.444497,True,other
automobile,automobile,-7.973938,True,other
ship,ship,-7.3503566,True,other
truck,truck,-10.347818,True,other
frog,frog,-9.637857,True,other
bird,bird,-8.31885,True,other
frog,frog,-9.203253,True,other
truck,truck,-8.344749,True,other
dog,dog,-5.793131,True,other
frog,frog,-9.135582,True,other
dog,dog,-8.720952,True,other
truck,truck,-10.471724,True,other
automobile,automobile,-9.652572,True,other
deer,deer,-8.5302305,True,other
bird,bird,-10.594959,True,other
ship,truck,-7.3454905,True,other
truck,truck,-8.8734865,True,other
dog,dog,-12.592661,True,other
deer,deer,-7.734841,True,other
horse,horse,-8.020938,True,other
airplane,airplane,-4.9597507,False,other
cat,cat,-10.017503,True,other
horse,horse,-10.784396,True,other
automobile,automobile,-10.7103615,True,other
frog,frog,-9.136031,True,other
truck,truck,-9.612095,True,other
automobile,automobile,-7.378813,True,other
automobile,automobile,-10.439826,True,other
deer,deer,-8.463616,True,other
airplane,airplane,-9.334059,True,other
dog,cat,-5.2748857,False,other
automobile,automobile,-11.176373,True,other
frog,frog,-7.832231,True,other
cat,cat,-9.93656,True,other
airplane,airplane,-6.659998,True,other
bird,bird,-11.894384,True,other
dog,cat,-7.0628314,True,other
dog,dog,-9.345469,True,other
dog,dog,-9.5156,True,other
bird,bird,-10.791067,True,other
ship,truck,-3.393403,False,other
bird,bird,-9.564519,True,other
cat,bird,-6.006529,True,other
automobile,automobile,-9.536091,True,other
frog,frog,-8.666459,True,other
bird,bird,-10.80796,True,other
horse,horse,-9.533328,True,other
airplane,airplane,-8.192703,True,other
ship,ship,-9.468048,True,other
truck,truck,-10.5269575,True,other
bird,bird,-8.108284,True,other
frog,frog,-9.645093,True,other
deer,deer,-10.506111,True,other
horse,horse,-9.016028,True,other
dog,dog,-8.727086,True,other
dog,dog,-9.00247,True,other
ship,ship,-9.165001,True,other
ship,ship,-10.879423,True,other
horse,horse,-9.581018,True,other
ship,ship,-7.6120315,True,other
dog,dog,-10.089091,True,other
horse,horse,-9.212583,True,other
deer,deer,-10.198353,True,other
deer,deer,-9.313195,True,other
airplane,airplane,-9.724852,True,other
airplane,airplane,-11.047507,True,other
horse,horse,-11.546889,True,other
airplane,airplane,-11.412057,True,other
deer,deer,-8.343076,True,other
airplane,airplane,-10.240085,True,other
deer,deer,-8.916065,True,other
deer,deer,-8.133076,True,other
bird,bird,-11.123212,True,other
dog,dog,-9.291191,True,other
deer,deer,-8.628416,True,other
airplane,airplane,-10.724593,True,other
horse,horse,-8.99174,True,other
horse,horse,-4.9644976,False,other
horse,horse,-9.145445,True,other
airplane,airplane,-10.070336,True,other
deer,deer,-7.7368107,True,other
frog,frog,-7.1370564,True,other
bird,bird,-8.408434,True,other
truck,truck,-5.49864,False,other
automobile,automobile,-8.679281,True,other
automobile,automobile,-8.497179,True,other
dog,dog,-7.4858503,True,other
airplane,airplane,-7.445787,True,other
truck,truck,-9.651997,True,other
automobile,automobile,-9.640697,True,other
airplane,airplane,-8.939886,True,other
frog,frog,-8.678011,True,other
dog,dog,-7.702003,True,other
cat,cat,-8.759358,True,other
airplane,airplane,-10.427962,True,other
truck,truck,-9.287519,True,other
airplane,airplane,-9.489013,True,other
frog,frog,-10.345585,True,other
bird,bird,-11.06847,True,other
airplane,bird,-8.347164,True,other
deer,deer,-10.894981,True,other
automobile,automobile,-7.2106223,True,other
frog,frog,-5.631066,False,other
horse,horse,-10.364802,True,other
frog,frog,-9.273277,True,other
automobile,automobile,-9.267661,True,other
airplane,airplane,-10.666049,True,other
deer,deer,-10.689104,True,other
frog,frog,-9.713612,True,other
airplane,airplane,-10.011903,True,other
deer,deer,-9.483845,True,other
deer,deer,-9.473011,True,other
bird,bird,-8.523796,True,other
horse,horse,-7.6160808,True,other
frog,frog,-8.385731,True,other
dog,deer,-6.8974924,True,other
cat,cat,-5.209826,False,other
dog,dog,-11.494074,True,other
truck,truck,-9.677725,True,other
deer,deer,-9.060902,True,other
dog,dog,-8.335744,True,other
bird,bird,-8.883392,True,other
airplane,airplane,-10.175977,True,other
dog,dog,-9.179818,True,other
horse,horse,-8.387044,True,other
bird,bird,-10.799919,True,other
cat,cat,-9.877773,True,other
truck,truck,-8.930992,True,other
deer,deer,-9.348738,True,other
dog,dog,-9.937303,True,other
ship,ship,-9.473329,True,other
automobile,automobile,-8.301128,True,other
truck,truck,-9.83037,True,other
cat,cat,-7.608363,True,other
automobile,automobile,-9.257935,True,other
ship,ship,-7.511416,True,other
dog,dog,-8.759707,True,other
ship,ship,-10.086571,True,other
frog,frog,-10.037038,True,other
frog,frog,-11.162417,True,other
cat,cat,-8.055845,True,other
deer,deer,-9.645863,True,other
airplane,airplane,-9.116507,True,other
bird,frog,-5.2319365,False,other
cat,cat,-9.29973,True,other
bird,bird,-9.32897,True,other
frog,frog,-9.844177,True,other
automobile,automobile,-9.619469,True,other
ship,ship,-9.117746,True,other
bird,bird,-9.178631,True,other
automobile,automobile,-9.94845,True,other
cat,cat,-9.498025,True,other
frog,frog,-6.2549443,True,other
bird,bird,-10.2219715,True,other
bird,bird,-9.632932,True,other
cat,cat,-7.9149823,True,other
cat,cat,-10.242707,True,other
dog,dog,-8.974154,True,other
airplane,airplane,-11.595574,True,other
bird,bird,-9.377947,True,other
automobile,automobile,-10.387676,True,other
bird,bird,-8.664359,True,other
ship,ship,-9.192689,True,other
airplane,airplane,-8.603517,True,other
ship,ship,-9.68656,True,other
bird,bird,-9.345028,True,other
bird,bird,-8.639143,True,other
horse,horse,-8.844255,True,other
cat,cat,-10.993117,True,other
dog,dog,-12.514456,True,other
truck,truck,-10.319588,True,other
ship,ship,-10.375451,True,other
cat,cat,-9.494843,True,other
frog,frog,-9.319712,True,other
automobile,automobile,-9.303826,True,other
airplane,airplane,-9.317004,True,other
ship,ship,-9.290899,True,other
frog,frog,-8.505002,True,other
cat,cat,-9.537379,True,other
dog,dog,-10.307758,True,other
ship,ship,-10.170216,True,other
truck,truck,-9.87155,True,other
deer,deer,-10.653046,True,other
ship,ship,-10.470364,True,other
airplane,airplane,-9.283112,True,other
airplane,airplane,-10.278057,True,other
bird,bird,-9.640358,True,other
truck,airplane,-6.925177,True,other
automobile,automobile,-8.343929,True,other
ship,ship,-9.361299,True,other
cat,cat,-10.927117,True,other
horse,horse,-9.043833,True,other
bird,bird,-9.885919,True,other
ship,ship,-10.282462,True,other
airplane,cat,-3.7608328,False,other
truck,truck,-8.882471,True,other
deer,cat,-7.106992,True,other
ship,ship,-9.522378,True,other
truck,truck,-8.528759,True,other
deer,airplane,-3.8416061,False,other
ship,ship,-8.361706,True,other
truck,truck,-10.387712,True,other
dog,dog,-9.320837,True,other
deer,deer,-8.578688,True,other
ship,ship,-9.834668,True,other
automobile,automobile,-6.2968197,True,other
dog,dog,-9.514356,True,other
dog,dog,-10.820706,True,other
horse,horse,-9.796352,True,other
bird,bird,-9.76425,True,other
dog,dog,-6.786253,True,other
ship,ship,-9.783653,True,other
ship,ship,-10.36178,True,other
automobile,automobile,-9.639024,True,other
bird,bird,-10.007896,True,other
cat,cat,-9.05482,True,other
automobile,automobile,-9.058783,True,other
dog,dog,-7.000932,True,other
airplane,airplane,-8.378041,True,other
bird,bird,-10.007133,True,other
cat,automobile,-5.172784,False,other
airplane,airplane,-9.24636,True,other
ship,ship,-11.085895,True,other
bird,bird,-10.338408,True,other
bird,bird,-7.1345434,True,other
ship,ship,-9.258934,True,other
horse,horse,-9.2919655,True,other
cat,frog,-8.274302,True,other
dog,dog,-7.618915,True,other
cat,cat,-7.4869885,True,other
truck,truck,-9.707336,True,other
frog,frog,-7.922884,True,other
cat,cat,-7.986365,True,other
dog,dog,-8.17543,True,other
automobile,automobile,-10.91106,True,other
automobile,automobile,-9.226992,True,other
horse,horse,-10.624789,True,other
horse,horse,-8.748525,True,other
cat,truck,-7.003438,True,other
cat,cat,-7.109857,True,other
ship,ship,-9.999602,True,other
truck,truck,-6.169721,True,other
frog,frog,-10.109924,True,other
airplane,airplane,-10.260719,True,other
ship,ship,-9.966706,True,other
airplane,airplane,-8.18477,True,other
frog,frog,-9.923799,True,other
frog,frog,-10.973252,True,other
deer,deer,-9.427578,True,other
frog,frog,-8.509954,True,other
truck,truck,-9.85874,True,other
automobile,automobile,-9.77613,True,other
automobile,automobile,-10.242508,True,other
horse,horse,-7.6041346,True,other
airplane,airplane,-9.933059,True,other
frog,frog,-9.192556,True,other
ship,ship,-8.481837,True,other
truck,truck,-7.14587,True,other
airplane,airplane,-9.4752,True,other
frog,frog,-9.604925,True,other
truck,truck,-8.14783,True,other
airplane,airplane,-9.850889,True,other
automobile,automobile,-10.212441,True,other
automobile,automobile,-9.128606,True,other
horse,horse,-9.494347,True,other
bird,bird,-8.783731,True,other
automobile,automobile,-9.41917,True,other
airplane,airplane,-8.561038,True,other
deer,deer,-8.994322,True,other
dog,dog,-9.042827,True,other
airplane,airplane,-8.657798,True,other
cat,cat,-8.244939,True,other
frog,frog,-7.2932386,True,other
cat,cat,-9.379907,True,other
cat,cat,-8.742932,True,other
ship,ship,-9.56189,True,other
automobile,automobile,-10.406728,True,other
ship,ship,-8.788844,True,other
automobile,automobile,-10.6855545,True,other
cat,cat,-8.528404,True,other
automobile,automobile,-9.244629,True,other
dog,dog,-8.127922,True,other
deer,deer,-9.445722,True,other
dog,dog,-8.075939,True,other
automobile,automobile,-9.400503,True,other
ship,ship,-9.963237,True,other
truck,truck,-8.7900715,True,other
automobile,automobile,-9.029993,True,other
cat,cat,-7.7198634,True,other
automobile,automobile,-7.956997,True,other
horse,horse,-9.024854,True,other
bird,bird,-10.62169,True,other
truck,truck,-8.546398,True,other
ship,ship,-10.57496,True,other
truck,truck,-9.143268,True,other
deer,deer,-8.319461,True,other
frog,frog,-9.941358,True,other
airplane,airplane,-7.359714,True,other
truck,truck,-10.495456,True,other
deer,deer,-7.9615335,True,other
airplane,airplane,-6.478502,True,other
deer,deer,-8.52703,True,other
frog,frog,-6.9708676,True,other
bird,bird,-9.272634,True,other
automobile,automobile,-9.606624,True,other
cat,bird,-3.6797009,False,other
airplane,airplane,-10.664359,True,other
ship,automobile,-4.122344,False,other
dog,dog,-8.111517,True,other
frog,frog,-8.378945,True,other
airplane,airplane,-10.462408,True,other
cat,cat,-6.015309,True,other
deer,deer,-8.272828,True,other
frog,frog,-11.292841,True,other
truck,truck,-10.408996,True,other
dog,cat,-7.984305,True,other
horse,horse,-9.240723,True,other
truck,truck,-5.022978,False,other
airplane,airplane,-7.2332807,True,other
cat,cat,-11.102224,True,other
frog,frog,-10.42663,True,other
dog,dog,-10.094314,True,other
horse,horse,-8.617528,True,other
airplane,airplane,-9.111021,True,other
dog,dog,-9.494129,True,other
automobile,automobile,-7.562715,True,other
bird,bird,-9.729653,True,other
bird,bird,-11.843977,True,other
truck,truck,-8.338992,True,other
horse,horse,-9.641971,True,other
airplane,airplane,-10.11102,True,other
airplane,airplane,-8.017998,True,other
automobile,automobile,-9.439466,True,other
deer,deer,-8.878144,True,other
deer,deer,-9.502281,True,other
dog,dog,-9.503621,True,other
dog,dog,-10.210504,True,other
truck,truck,-9.14251,True,other
frog,frog,-8.526893,True,other
cat,cat,-8.650939,True,other
frog,frog,-9.005884,True,other
bird,bird,-9.0547905,True,other
frog,frog,-6.095967,True,other
truck,truck,-8.409281,True,other
cat,cat,-10.179332,True,other
bird,bird,-7.1400166,True,other
cat,cat,-8.135705,True,other
bird,truck,-4.9373174,False,other
deer,deer,-7.2992887,True,other
truck,truck,-10.076229,True,other
dog,dog,-11.629813,True,other
bird,bird,-10.224571,True,other
automobile,automobile,-8.853305,True,other
frog,frog,-8.95956,True,other
frog,frog,-9.603,True,other
deer,deer,-9.042536,True,other
horse,horse,-10.084654,True,other
frog,frog,-9.182594,True,other
cat,bird,-5.5076957,False,other
cat,cat,-7.937157,True,other
ship,ship,-8.731262,True,other
automobile,automobile,-10.012974,True,other
deer,deer,-6.503523,True,other
frog,frog,-10.946642,True,other
deer,deer,-9.1489935,True,other
deer,deer,-8.987334,True,other
dog,dog,-8.906611,True,other
frog,frog,-9.606274,True,other
bird,bird,-6.8365827,True,other
airplane,airplane,-10.31191,True,other
dog,dog,-8.666266,True,other
bird,bird,-8.603329,True,other
horse,horse,-10.091002,True,other
dog,dog,-7.6653695,True,other
bird,bird,-9.554886,True,other
dog,dog,-10.489205,True,other
bird,bird,-9.373894,True,other
dog,dog,-9.850052,True,other
truck,truck,-9.520814,True,other
airplane,airplane,-7.8445344,True,other
frog,frog,-7.579213,True,other
horse,horse,-9.561046,True,other
truck,truck,-11.462775,True,other
ship,ship,-9.2421255,True,other
cat,cat,-8.715134,True,other
bird,bird,-8.703184,True,other
automobile,automobile,-9.253401,True,other
deer,deer,-11.340256,True,other
cat,dog,-5.4762225,False,other
deer,deer,-9.464256,True,other
dog,dog,-11.364589,True,other
dog,dog,-8.1517515,True,other
frog,frog,-10.789641,True,other
ship,ship,-8.388327,True,other
frog,frog,-9.395695,True,other
airplane,airplane,-10.349197,True,other
ship,ship,-8.465336,True,other
truck,truck,-10.061799,True,other
ship,ship,-8.799629,True,other
airplane,airplane,-9.308435,True,other
horse,horse,-6.411701,True,other
horse,horse,-9.759894,True,other
frog,frog,-8.850048,True,other
frog,frog,-9.318953,True,other
horse,horse,-7.608838,True,other
dog,dog,-10.037715,True,other
truck,truck,-9.418897,True,other
ship,ship,-10.222197,True,other
horse,deer,-5.3309345,False,other
truck,truck,-10.090963,True,other
dog,dog,-9.617862,True,other
frog,frog,-5.2127614,False,other
airplane,airplane,-6.0157948,True,other
deer,deer,-9.830918,True,other
ship,ship,-8.61552,True,other
bird,bird,-9.762538,True,other
airplane,bird,-6.2216825,True,other
truck,truck,-8.493969,True,other
automobile,automobile,-8.592795,True,other
cat,cat,-7.3864036,True,other
truck,truck,-8.854827,True,other
ship,ship,-6.6595006,True,other
cat,cat,-6.729011,True,other
horse,horse,-9.180413,True,other
deer,deer,-9.507352,True,other
dog,dog,-8.952304,True,other
airplane,airplane,-5.605821,False,other
bird,bird,-10.788773,True,other
automobile,automobile,-9.779762,True,other
truck,truck,-9.797787,True,other
automobile,automobile,-9.133273,True,other
airplane,airplane,-5.7168307,False,other
dog,dog,-7.3618217,True,other
ship,ship,-11.36985,True,other
deer,deer,-9.217444,True,other
horse,horse,-6.8949766,True,other
cat,cat,-8.848371,True,other
automobile,automobile,-8.084922,True,other
deer,deer,-9.000931,True,other
dog,dog,-8.86469,True,other
cat,cat,-7.6112456,True,other
automobile,automobile,-9.969727,True,other
airplane,airplane,-10.586313,True,other
ship,ship,-3.9450562,False,other
ship,ship,-7.5587873,True,other
ship,ship,-7.8968472,True,other
bird,ship,-10.23274,True,other
automobile,automobile,-10.06992,True,other
cat,deer,-6.1990213,True,other
horse,horse,-10.725696,True,other
cat,cat,-8.668135,True,other
automobile,truck,-6.6570563,True,other
frog,frog,-9.856307,True,other
truck,truck,-9.536209,True,other
automobile,automobile,-8.960301,True,other
frog,frog,-7.6227293,True,other
airplane,airplane,-8.08796,True,other
horse,horse,-8.270692,True,other
horse,horse,-9.656268,True,other
automobile,automobile,-9.172492,True,other
cat,cat,-9.310458,True,other
cat,cat,-12.731408,True,other
cat,cat,-8.586646,True,other
automobile,automobile,-9.755484,True,other
airplane,airplane,-9.868464,True,other
bird,bird,-8.165847,True,other
horse,horse,-10.391604,True,other
automobile,automobile,-5.515424,False,other
bird,bird,-8.63079,True,other
bird,bird,-8.926247,True,other
truck,truck,-11.089966,True,other
frog,frog,-9.116292,True,other
cat,cat,-10.534572,True,other
dog,dog,-7.8573956,True,other
truck,truck,-9.969873,True,other
deer,deer,-9.773106,True,other
ship,ship,-9.288382,True,other
airplane,airplane,-10.743247,True,other
deer,deer,-9.975735,True,other
ship,ship,-9.834703,True,other
airplane,airplane,-9.407335,True,other
automobile,automobile,-7.043038,True,other
cat,cat,-8.836686,True,other
horse,horse,-9.391733,True,other
airplane,airplane,-10.31458,True,other
deer,deer,-8.677511,True,other
horse,airplane,-4.51549,False,other
deer,deer,-5.4249716,False,other
ship,ship,-10.442245,True,other
frog,frog,-10.264549,True,other
deer,deer,-10.111275,True,other
cat,cat,-9.624909,True,other
truck,truck,-9.383858,True,other
ship,ship,-10.567756,True,other
bird,bird,-8.967693,True,other
bird,bird,-8.995097,True,other
ship,ship,-8.00831,True,other
cat,cat,-8.721789,True,other
automobile,automobile,-8.979324,True,other
automobile,automobile,-9.749957,True,other
bird,bird,-8.53136,True,other
ship,ship,-10.037657,True,other
bird,bird,-8.8396015,True,other
frog,frog,-9.123516,True,other
truck,truck,-9.874368,True,other
deer,deer,-4.862601,False,other
ship,ship,-9.4408455,True,other
deer,deer,-7.812452,True,other
deer,deer,-7.6194596,True,other
automobile,automobile,-10.999052,True,other
dog,dog,-9.12778,True,other
bird,bird,-10.04041,True,other
frog,frog,-8.355658,True,other
truck,truck,-9.340581,True,other
bird,airplane,-6.4024897,True,other
airplane,airplane,-10.641025,True,other
horse,horse,-9.13421,True,other
automobile,automobile,-10.647293,True,other
ship,ship,-9.869529,True,other
truck,truck,-9.5198555,True,other
cat,cat,-7.8713613,True,other
truck,truck,-10.171462,True,other
truck,truck,-8.511728,True,other
airplane,airplane,-9.634957,True,other
horse,horse,-7.914238,True,other
horse,horse,-10.012063,True,other
dog,airplane,-6.317053,True,other
deer,deer,-9.719154,True,other
bird,airplane,-7.8237176,True,other
frog,frog,-8.901383,True,other
deer,deer,-8.54938,True,other
dog,dog,-11.093758,True,other
horse,horse,-10.03963,True,other
horse,horse,-9.208078,True,other
ship,ship,-9.3545685,True,other
horse,horse,-12.079362,True,other
bird,bird,-8.565989,True,other
frog,frog,-7.9527464,True,other
bird,bird,-9.449012,True,other
bird,bird,-9.0335455,True,other
deer,deer,-8.368518,True,other
deer,deer,-9.03383,True,other
airplane,airplane,-10.864484,True,other
horse,horse,-9.873258,True,other
automobile,automobile,-9.525074,True,other
cat,dog,-10.674747,True,other
truck,truck,-8.348934,True,other
frog,frog,-9.869711,True,other
airplane,airplane,-11.187387,True,other
airplane,airplane,-9.37345,True,other
bird,automobile,-3.6282706,False,other
cat,cat,-10.50257,True,other
ship,ship,-7.236383,True,other
bird,frog,-5.0801263,False,other
bird,bird,-9.250603,True,other
deer,deer,-9.700216,True,other
cat,cat,-9.55094,True,other
dog,dog,-10.011455,True,other
bird,bird,-9.889708,True,other
truck,truck,-8.9569,True,other
automobile,automobile,-9.768232,True,other
airplane,airplane,-8.800953,True,other
airplane,airplane,-11.4209,True,other
frog,frog,-7.5524693,True,other
dog,dog,-8.558519,True,other
dog,dog,-3.3897884,False,other
horse,horse,-8.107482,True,other
truck,truck,-10.016716,True,other
truck,truck,-9.0490055,True,other
frog,frog,-10.002844,True,other
dog,dog,-8.67458,True,other
dog,dog,-9.462378,True,other
airplane,airplane,-8.879432,True,other
dog,dog,-6.6323333,True,other
horse,horse,-9.719445,True,other
automobile,automobile,-10.163382,True,other
frog,frog,-10.714732,True,other
frog,frog,-8.951282,True,other
deer,deer,-10.188129,True,other
automobile,automobile,-9.832525,True,other
deer,bird,-7.024765,True,other
deer,deer,-9.496815,True,other
automobile,automobile,-9.568363,True,other
dog,dog,-10.600554,True,other
airplane,airplane,-7.933804,True,other
airplane,airplane,-9.576646,True,other
deer,deer,-9.401719,True,other
dog,dog,-10.442321,True,other
ship,ship,-10.1661825,True,other
deer,cat,-6.486235,True,other
ship,ship,-10.214001,True,other
cat,cat,-8.602775,True,other
airplane,airplane,-9.689563,True,other
dog,dog,-6.2008047,True,other
airplane,airplane,-10.192345,True,other
dog,dog,-10.709084,True,other
cat,frog,-3.58646,False,other
automobile,automobile,-9.856395,True,other
frog,frog,-6.420861,True,other
horse,horse,-9.926908,True,other
airplane,airplane,-9.614539,True,other
truck,truck,-9.4141035,True,other
automobile,automobile,-9.5882435,True,other
dog,dog,-11.716062,True,other
horse,horse,-9.658477,True,other
frog,frog,-8.784143,True,other
dog,dog,-8.464032,True,other
dog,dog,-8.844975,True,other
dog,dog,-10.807849,True,other
frog,frog,-8.964575,True,other
airplane,airplane,-10.091361,True,other
airplane,airplane,-5.242374,False,other
automobile,automobile,-9.8122,True,other
horse,horse,-9.312145,True,other
dog,cat,-4.6334414,False,other
automobile,automobile,-8.958449,True,other
truck,truck,-9.381201,True,other
bird,bird,-11.685092,True,other
deer,deer,-7.9817324,True,other
automobile,automobile,-8.216768,True,other
cat,cat,-9.029797,True,other
horse,horse,-9.324872,True,other
ship,ship,-8.19022,True,other
bird,horse,-3.3382225,False,other
airplane,airplane,-9.803428,True,other
truck,truck,-9.535072,True,other
frog,frog,-9.889931,True,other
frog,frog,-9.237548,True,other
airplane,airplane,-8.342967,True,other
frog,frog,-10.300993,True,other
dog,dog,-9.226473,True,other
ship,ship,-10.352397,True,other
bird,bird,-10.336626,True,other
horse,horse,-9.556545,True,other
deer,deer,-8.54436,True,other
airplane,airplane,-10.733298,True,other
bird,bird,-8.862398,True,other
horse,horse,-9.873086,True,other
horse,horse,-7.1397014,True,other
ship,ship,-9.736456,True,other
ship,ship,-10.19579,True,other
horse,horse,-9.247991,True,other
airplane,airplane,-8.467705,True,other
deer,deer,-11.306229,True,other
truck,truck,-7.9777765,True,other
automobile,automobile,-9.486837,True,other
deer,deer,-8.824369,True,other
deer,deer,-8.118375,True,other
cat,dog,-7.155456,True,other
dog,dog,-7.3673687,True,other
deer,deer,-9.4096,True,other
frog,frog,-8.708297,True,other
bird,bird,-10.364095,True,other
cat,cat,-10.227662,True,other
automobile,automobile,-9.99064,True,other
airplane,airplane,-7.698772,True,other
cat,cat,-10.064524,True,other
cat,cat,-10.04477,True,other
cat,cat,-8.964822,True,other
frog,frog,-9.8814745,True,other
cat,cat,-10.5703125,True,other
automobile,automobile,-9.851561,True,other
bird,bird,-7.3777957,True,other
ship,ship,-6.1104617,True,other
truck,truck,-9.449395,True,other
horse,horse,-7.68642,True,other
truck,truck,-8.960479,True,other
cat,cat,-8.281839,True,other
ship,ship,-10.397541,True,other
horse,horse,-6.8723173,True,other
cat,cat,-9.78063,True,other
automobile,automobile,-9.668873,True,other
horse,horse,-10.501063,True,other
horse,horse,-11.229362,True,other
cat,cat,-7.0215235,True,other
bird,bird,-9.715464,True,other
bird,bird,-8.828901,True,other
ship,ship,-6.490152,True,other
truck,truck,-11.24201,True,other
dog,dog,-10.809407,True,other
truck,truck,-9.538441,True,other
bird,bird,-6.667614,True,other
automobile,automobile,-8.640114,True,other
horse,horse,-9.771029,True,other
deer,deer,-9.717326,True,other
deer,deer,-10.159798,True,other
airplane,airplane,-9.67782,True,other
dog,dog,-8.5523,True,other
horse,dog,-5.865167,True,other
automobile,automobile,-10.420266,True,other
dog,dog,-10.265254,True,other
deer,deer,-8.538258,True,other
airplane,bird,-9.011914,True,other
ship,ship,-10.187117,True,other
deer,deer,-8.681508,True,other
truck,truck,-10.163017,True,other
ship,ship,-10.288262,True,other
horse,horse,-9.409909,True,other
ship,ship,-12.887278,True,other
deer,deer,-8.918125,True,other
bird,bird,-8.370354,True,other
cat,cat,-8.962297,True,other
deer,deer,-9.024696,True,other
airplane,airplane,-9.460567,True,other
dog,dog,-10.52834,True,other
deer,deer,-8.710941,True,other
automobile,automobile,-9.341771,True,other
ship,ship,-8.650888,True,other
bird,bird,-9.965495,True,other
dog,dog,-8.873482,True,other
deer,deer,-9.480931,True,other
dog,dog,-9.879846,True,other
bird,bird,-8.721636,True,other
dog,dog,-6.068855,True,other
cat,cat,-9.329754,True,other
horse,horse,-9.771755,True,other
truck,truck,-9.552342,True,other
horse,horse,-8.140043,True,other
automobile,automobile,-9.746494,True,other
deer,deer,-7.968174,True,other
automobile,truck,-5.3643103,False,other
cat,cat,-10.981378,True,other
automobile,automobile,-9.249207,True,other
deer,deer,-10.509053,True,other
dog,dog,-8.250068,True,other
dog,dog,-9.162841,True,other
automobile,truck,-8.137995,True,other
horse,horse,-9.652321,True,other
automobile,automobile,-11.029779,True,other
cat,cat,-9.872738,True,other
airplane,airplane,-5.5421576,False,other
automobile,automobile,-6.7103224,True,other
bird,bird,-8.903576,True,other
dog,dog,-7.4699764,True,other
horse,horse,-8.072984,True,other
airplane,airplane,-9.02065,True,other
frog,frog,-11.463195,True,other
cat,cat,-9.900355,True,other
dog,dog,-9.320178,True,other
horse,horse,-9.953328,True,other
dog,dog,-11.287346,True,other
dog,dog,-7.487509,True,other
ship,ship,-8.740231,True,other
truck,truck,-8.902048,True,other
deer,deer,-8.368476,True,other
frog,frog,-9.455257,True,other
cat,cat,-9.835288,True,other
frog,frog,-9.857364,True,other
frog,frog,-8.335318,True,other
ship,ship,-8.396095,True,other
bird,bird,-9.6131735,True,other
frog,frog,-9.681484,True,other
deer,deer,-9.791117,True,other
ship,ship,-10.325925,True,other
deer,deer,-9.158111,True,other
automobile,automobile,-9.664309,True,other
cat,cat,-8.137272,True,other
automobile,truck,-8.650133,True,other
bird,bird,-8.441723,True,other
cat,cat,-10.63891,True,other
cat,cat,-6.6849,True,other
airplane,airplane,-9.401009,True,other
automobile,automobile,-8.035871,True,other
frog,frog,-9.934454,True,other
deer,deer,-9.2107935,True,other
bird,bird,-9.683754,True,other
ship,ship,-7.985253,True,other
bird,bird,-10.296682,True,other
deer,deer,-8.891797,True,other
cat,cat,-9.615172,True,other
automobile,automobile,-9.434755,True,other
deer,deer,-8.916511,True,other
deer,deer,-9.143008,True,other
deer,deer,-9.189251,True,other
deer,deer,-9.077937,True,other
automobile,automobile,-9.379868,True,other
dog,dog,-10.648744,True,other
dog,dog,-8.381286,True,other
horse,horse,-9.139903,True,other
frog,frog,-10.123988,True,other
dog,dog,-8.724486,True,other
deer,deer,-9.09571,True,other
dog,dog,-11.761705,True,other
frog,frog,-8.796633,True,other
dog,dog,-9.759463,True,other
frog,frog,-9.533493,True,other
bird,bird,-11.121197,True,other
deer,deer,-10.029689,True,other
horse,horse,-10.965084,True,other
horse,horse,-5.9172635,True,other
deer,deer,-7.4703927,True,other
frog,frog,-9.499602,True,other
dog,dog,-10.088803,True,other
airplane,airplane,-9.86463,True,other
bird,bird,-7.945332,True,other
cat,cat,-8.624063,True,other
truck,truck,-9.774162,True,other
bird,bird,-9.559625,True,other
cat,cat,-10.822716,True,other
ship,ship,-10.730946,True,other
airplane,airplane,-10.860477,True,other
horse,horse,-10.044818,True,other
airplane,airplane,-5.0889955,False,other
frog,frog,-9.566292,True,other
ship,ship,-10.839757,True,other
automobile,automobile,-10.698135,True,other
bird,bird,-9.168102,True,other
ship,ship,-10.000966,True,other
truck,truck,-9.668594,True,other
automobile,automobile,-9.650272,True,other
dog,dog,-8.593805,True,other
deer,deer,-8.819558,True,other
bird,bird,-7.005231,True,other
cat,cat,-9.094781,True,other
dog,dog,-9.505124,True,other
dog,dog,-8.523892,True,other
cat,cat,-6.070249,True,other
frog,frog,-9.601817,True,other
dog,dog,-10.581505,True,other
airplane,airplane,-11.065948,True,other
cat,cat,-7.8040895,True,other
bird,bird,-8.059896,True,other
automobile,automobile,-9.085742,True,other
cat,cat,-9.918279,True,other
cat,cat,-8.962742,True,other
horse,horse,-9.465434,True,other
horse,horse,-8.811097,True,other
deer,deer,-9.340266,True,other
truck,truck,-7.8898373,True,other
deer,deer,-8.601752,True,other
cat,dog,-6.250115,True,other
truck,truck,-8.984268,True,other
dog,dog,-9.118851,True,other
automobile,automobile,-10.393574,True,other
horse,horse,-9.3144865,True,other
frog,frog,-8.335989,True,other
frog,frog,-9.94616,True,other
deer,deer,-10.850603,True,other
ship,ship,-9.285749,True,other
dog,dog,-8.7595215,True,other
automobile,automobile,-9.279075,True,other
bird,bird,-8.03323,True,other
ship,ship,-9.907406,True,other
deer,deer,-8.034052,True,other
dog,bird,-5.721528,False,other
cat,cat,-6.3145556,True,other
cat,dog,-8.872978,True,other
cat,cat,-10.930631,True,other
airplane,truck,-5.289694,False,other
deer,deer,-8.793719,True,other
ship,ship,-11.235956,True,other
horse,horse,-10.098714,True,other
horse,bird,-4.662063,False,other
truck,truck,-10.003683,True,other
deer,cat,-9.888122,True,other
ship,ship,-9.725011,True,other
deer,deer,-8.68645,True,other
dog,cat,-8.838257,True,other
truck,truck,-8.958652,True,other
automobile,automobile,-8.386545,True,other
ship,ship,-7.3394322,True,other
cat,cat,-11.228692,True,other
automobile,automobile,-5.9407063,True,other
cat,cat,-9.531703,True,other
ship,ship,-8.75984,True,other
airplane,airplane,-9.20628,True,other
cat,cat,-10.314342,True,other
dog,dog,-11.151338,True,other
deer,deer,-11.733691,True,other
frog,frog,-8.62658,True,other
truck,truck,-8.976258,True,other
bird,bird,-9.157831,True,other
horse,horse,-9.322503,True,other
bird,bird,-9.30231,True,other
airplane,airplane,-9.83763,True,other
dog,dog,-9.135247,True,other
bird,bird,-10.4686985,True,other
truck,truck,-9.330356,True,other
horse,horse,-9.601371,True,other
dog,dog,-9.100219,True,other
airplane,airplane,-10.079238,True,other
horse,horse,-9.583838,True,other
airplane,airplane,-7.9085064,True,other
cat,cat,-9.5358515,True,other
dog,dog,-8.595729,True,other
dog,cat,-8.760268,True,other
cat,cat,-10.4261875,True,other
ship,ship,-10.356638,True,other
horse,horse,-8.509409,True,other
horse,horse,-10.735829,True,other
truck,automobile,-9.269594,True,other
frog,frog,-9.417778,True,other
dog,horse,-3.9066281,False,other
ship,ship,-10.981496,True,other
truck,truck,-9.408115,True,other
airplane,airplane,-3.515795,False,other
automobile,automobile,-10.136337,True,other
truck,truck,-7.9103804,True,other
deer,deer,-10.904635,True,other
airplane,airplane,-8.780247,True,other
airplane,airplane,-10.211758,True,other
automobile,truck,-7.7068987,True,other
horse,horse,-7.553069,True,other
bird,bird,-11.70986,True,other
bird,bird,-9.852789,True,other
ship,ship,-9.139286,True,other
dog,dog,-8.671421,True,other
truck,truck,-8.7099695,True,other
ship,ship,-9.947573,True,other
bird,bird,-8.853619,True,other
ship,ship,-9.051945,True,other
airplane,airplane,-7.143479,True,other
frog,frog,-9.339758,True,other
frog,frog,-9.204528,True,other
ship,ship,-8.816607,True,other
frog,frog,-8.370819,True,other
truck,truck,-10.27317,True,other
frog,frog,-7.3966937,True,other
automobile,automobile,-8.656964,True,other
automobile,automobile,-10.824226,True,other
dog,dog,-9.92376,True,other
cat,cat,-11.4105215,True,other
dog,dog,-9.136104,True,other
airplane,airplane,-9.534234,True,other
horse,horse,-9.879053,True,other
frog,frog,-9.459483,True,other
automobile,automobile,-10.383827,True,other
deer,deer,-9.914011,True,other
deer,deer,-7.639553,True,other
automobile,automobile,-8.2179985,True,other
automobile,automobile,-10.488225,True,other
ship,ship,-9.416125,True,other
automobile,automobile,-9.498676,True,other
automobile,automobile,-8.920916,True,other
bird,bird,-8.875695,True,other
cat,cat,-4.3502684,False,other
deer,deer,-10.017071,True,other
truck,truck,-4.6859884,False,other
truck,truck,-9.489779,True,other
dog,cat,-8.348946,True,other
bird,bird,-8.856344,True,other
horse,horse,-9.866715,True,other
cat,deer,-6.986861,True,other
cat,cat,-7.2657857,True,other
frog,frog,-8.705442,True,other
truck,automobile,-5.9077034,True,other
frog,frog,-8.804448,True,other
truck,truck,-9.334409,True,other
ship,ship,-9.405089,True,other
ship,ship,-8.02272,True,other
frog,frog,-8.65891,True,other
horse,horse,-8.384817,True,other
deer,deer,-8.467001,True,other
horse,horse,-7.974451,True,other
bird,bird,-8.441956,True,other
cat,dog,-9.098444,True,other
ship,ship,-9.84901,True,other
airplane,airplane,-8.409036,True,other
truck,truck,-9.203616,True,other
airplane,airplane,-3.2312565,False,other
horse,horse,-10.264369,True,other
ship,ship,-10.536398,True,other
automobile,automobile,-8.742938,True,other
bird,bird,-9.306246,True,other
cat,cat,-8.963372,True,other
bird,bird,-9.806971,True,other
deer,deer,-9.050523,True,other
bird,bird,-9.635315,True,other
truck,truck,-9.523499,True,other
airplane,airplane,-7.631833,True,other
cat,ship,-4.278008,False,other
ship,ship,-9.604668,True,other
truck,truck,-8.591784,True,other
frog,frog,-10.399958,True,other
dog,dog,-9.894054,True,other
dog,dog,-10.356981,True,other
bird,bird,-7.984369,True,other
deer,deer,-8.816663,True,other
automobile,automobile,-10.802025,True,other
airplane,airplane,-9.785527,True,other
frog,frog,-8.866419,True,other
automobile,automobile,-9.101359,True,other
ship,ship,-8.277961,True,other
deer,deer,-11.158718,True,other
dog,dog,-9.482467,True,other
dog,dog,-10.177491,True,other
dog,dog,-8.998148,True,other
airplane,airplane,-10.806131,True,other
ship,ship,-8.184582,True,other
truck,truck,-8.803825,True,other
airplane,airplane,-10.057376,True,other
dog,dog,-10.78209,True,other
horse,horse,-10.797984,True,other
truck,truck,-9.249208,True,other
frog,frog,-11.777714,True,other
cat,cat,-8.586591,True,other
deer,deer,-10.64923,True,other
frog,frog,-10.823149,True,other
deer,deer,-8.760501,True,other
truck,truck,-9.33617,True,other
horse,horse,-7.865777,True,other
automobile,automobile,-9.157904,True,other
bird,bird,-5.5923357,False,other
dog,dog,-6.681038,True,other
bird,bird,-8.817077,True,other
ship,automobile,-8.312027,True,other
airplane,airplane,-8.975844,True,other
bird,dog,-5.9831047,True,other
bird,bird,-8.769684,True,other
truck,truck,-9.463362,True,other
ship,ship,-9.627206,True,other
automobile,automobile,-9.44777,True,other
truck,truck,-9.872031,True,other
horse,horse,-10.142636,True,other
horse,horse,-10.869042,True,other
cat,cat,-11.197135,True,other
automobile,automobile,-9.485267,True,other
deer,deer,-8.898378,True,other
automobile,automobile,-8.100088,True,other
automobile,automobile,-9.226975,True,other
cat,cat,-10.581788,True,other
ship,ship,-9.845091,True,other
ship,ship,-9.923363,True,other
automobile,automobile,-9.215318,True,other
truck,truck,-5.0528007,False,other
cat,cat,-8.48014,True,other
ship,ship,-9.784523,True,other
truck,truck,-9.695631,True,other
dog,bird,-5.7903247,True,other
automobile,automobile,-9.088597,True,other
automobile,automobile,-8.121601,True,other
frog,frog,-10.349262,True,other
bird,bird,-7.6128387,True,other
horse,horse,-10.737596,True,other
bird,bird,-9.670699,True,other
frog,frog,-8.780371,True,other
bird,bird,-7.8818593,True,other
frog,frog,-9.478441,True,other
truck,truck,-10.639899,True,other
frog,frog,-10.9768,True,other
airplane,airplane,-10.919126,True,other
automobile,automobile,-9.673323,True,other
cat,cat,-9.097762,True,other
truck,truck,-9.945962,True,other
cat,cat,-9.925636,True,other
ship,ship,-11.608024,True,other
ship,automobile,-5.1036997,False,other
ship,ship,-9.23317,True,other
bird,bird,-10.047745,True,other
truck,truck,-9.346167,True,other
automobile,automobile,-9.459774,True,other
bird,bird,-4.1964703,False,other
frog,frog,-9.84837,True,other
airplane,airplane,-9.891923,True,other
dog,dog,-8.817275,True,other
airplane,airplane,-4.3687816,False,other
horse,horse,-9.685741,True,other
horse,horse,-6.458543,True,other
horse,horse,-10.102595,True,other
truck,truck,-8.621856,True,other
deer,deer,-9.1859665,True,other
dog,dog,-10.516178,True,other
airplane,airplane,-10.621184,True,other
bird,airplane,-5.42815,False,other
cat,cat,-10.463218,True,other
dog,dog,-10.548326,True,other
dog,dog,-6.5015287,True,other
ship,ship,-11.48412,True,other
truck,truck,-9.144609,True,other
automobile,automobile,-8.969324,True,other
bird,bird,-11.653324,True,other
horse,airplane,-4.9184546,False,other
automobile,automobile,-9.036913,True,other
cat,cat,-12.125033,True,other
deer,deer,-8.035055,True,other
frog,frog,-7.933451,True,other
truck,truck,-9.805427,True,other
automobile,automobile,-9.34121,True,other
airplane,airplane,-8.047288,True,other
horse,horse,-9.212134,True,other
automobile,automobile,-10.298952,True,other
truck,truck,-9.377496,True,other
dog,dog,-8.222072,True,other
ship,ship,-8.004547,True,other
automobile,automobile,-8.953567,True,other
truck,truck,-9.545921,True,other
truck,truck,-8.991922,True,other
horse,horse,-11.096271,True,other
truck,truck,-10.1273365,True,other
ship,ship,-9.080011,True,other
cat,dog,-8.395075,True,other
airplane,airplane,-7.350678,True,other
bird,bird,-9.351379,True,other
frog,frog,-9.104684,True,other
airplane,airplane,-7.3066707,True,other
bird,bird,-9.603388,True,other
bird,bird,-10.277506,True,other
deer,deer,-10.222519,True,other
airplane,airplane,-8.919797,True,other
ship,ship,-9.633112,True,other
deer,deer,-9.056385,True,other
ship,ship,-8.1027355,True,other
automobile,automobile,-8.492662,True,other
bird,cat,-2.5927637,False,other
horse,horse,-9.923774,True,other
bird,bird,-9.47737,True,other
horse,horse,-9.661518,True,other
truck,truck,-10.309955,True,other
dog,dog,-11.065497,True,other
bird,bird,-7.6143336,True,other
bird,bird,-10.338099,True,other
truck,truck,-10.017926,True,other
bird,bird,-9.600835,True,other
frog,frog,-7.979201,True,other
dog,dog,-9.780072,True,other
horse,horse,-6.8523645,True,other
bird,bird,-5.3863506,False,other
dog,dog,-9.044804,True,other
frog,frog,-10.209669,True,other
dog,dog,-5.3655305,False,other
automobile,automobile,-4.819362,False,other
ship,ship,-7.3368373,True,other
bird,bird,-10.689574,True,other
frog,frog,-10.024857,True,other
ship,ship,-10.074851,True,other
frog,frog,-10.041746,True,other
cat,dog,-7.9409523,True,other
airplane,airplane,-9.489181,True,other
ship,ship,-8.85632,True,other
airplane,airplane,-9.379248,True,other
airplane,airplane,-10.932132,True,other
truck,truck,-5.8632135,True,other
truck,truck,-9.996295,True,other
frog,frog,-8.909842,True,other
ship,ship,-10.143282,True,other
airplane,airplane,-8.408654,True,other
frog,frog,-9.5433,True,other
frog,frog,-9.358293,True,other
airplane,airplane,-9.952802,True,other
horse,horse,-8.870931,True,other
truck,truck,-10.017153,True,other
ship,ship,-9.343317,True,other
airplane,airplane,-9.917609,True,other
dog,dog,-10.870958,True,other
airplane,airplane,-9.90491,True,other
truck,truck,-10.454612,True,other
frog,frog,-8.559495,True,other
airplane,airplane,-9.825346,True,other
deer,deer,-11.200159,True,other
horse,horse,-8.272643,True,other
automobile,automobile,-8.961424,True,other
horse,horse,-10.829808,True,other
ship,ship,-9.272755,True,other
ship,ship,-8.759231,True,other
bird,bird,-9.287115,True,other
cat,frog,-5.665405,False,other
truck,truck,-8.399335,True,other
frog,cat,-5.816295,True,other
dog,dog,-11.182139,True,other
dog,dog,-8.553205,True,other
cat,cat,-8.371861,True,other
automobile,automobile,-9.595917,True,other
dog,dog,-8.672707,True,other
cat,cat,-8.347584,True,other
airplane,airplane,-9.869424,True,other
bird,bird,-11.012905,True,other
dog,dog,-10.887637,True,other
bird,bird,-8.255383,True,other
horse,horse,-7.6988864,True,other
cat,cat,-7.665166,True,other
ship,ship,-8.774364,True,other
deer,deer,-8.86129,True,other
deer,deer,-9.740401,True,other
frog,frog,-8.747788,True,other
automobile,automobile,-9.885336,True,other
truck,truck,-9.717818,True,other
deer,deer,-8.5623455,True,other
automobile,automobile,-10.113295,True,other
horse,horse,-9.995082,True,other
airplane,airplane,-10.884273,True,other
automobile,automobile,-10.190406,True,other
deer,deer,-7.6473227,True,other
cat,cat,-9.5288,True,other
airplane,airplane,-9.717992,True,other
bird,bird,-9.427004,True,other
truck,truck,-9.532639,True,other
deer,deer,-9.52586,True,other
dog,dog,-8.74052,True,other
airplane,airplane,-8.831731,True,other
cat,cat,-10.688956,True,other
deer,deer,-5.198325,False,other
horse,horse,-12.079138,True,other
bird,bird,-8.37296,True,other
cat,cat,-9.110054,True,other
airplane,airplane,-9.005653,True,other
automobile,automobile,-8.463396,True,other
cat,cat,-9.130789,True,other
horse,horse,-9.972668,True,other
truck,truck,-8.822516,True,other
truck,truck,-9.2277355,True,other
airplane,airplane,-9.09351,True,other
horse,horse,-9.670997,True,other
dog,dog,-10.354661,True,other
frog,frog,-11.066839,True,other
horse,horse,-9.244661,True,other
automobile,automobile,-9.753154,True,other
bird,bird,-6.448741,True,other
bird,cat,-8.726615,True,other
horse,horse,-9.050166,True,other
deer,deer,-5.7436028,True,other
frog,frog,-10.001952,True,other
ship,ship,-10.097124,True,other
deer,deer,-7.7204514,True,other
truck,truck,-8.961344,True,other
ship,ship,-10.063534,True,other
deer,deer,-7.3287883,True,other
truck,truck,-9.60322,True,other
bird,bird,-10.657388,True,other
cat,cat,-8.548559,True,other
deer,deer,-8.546761,True,other
airplane,airplane,-8.977937,True,other
bird,bird,-9.775295,True,other
dog,dog,-11.086999,True,other
frog,frog,-9.070092,True,other
airplane,airplane,-6.7684135,True,other
dog,dog,-6.85304,True,other
cat,cat,-6.8655396,True,other
dog,dog,-10.10102,True,other
ship,ship,-8.516024,True,other
cat,cat,-8.520336,True,other
horse,deer,-3.6571276,False,other
deer,deer,-7.676693,True,other
truck,truck,-10.740331,True,other
dog,dog,-9.783045,True,other
frog,frog,-9.939316,True,other
cat,cat,-7.1583824,True,other
ship,ship,-8.022548,True,other
frog,frog,-10.001959,True,other
truck,truck,-5.2294364,False,other
ship,ship,-11.26743,True,other
dog,dog,-9.383438,True,other
dog,dog,-8.814034,True,other
ship,ship,-8.879797,True,other
cat,cat,-7.0019093,True,other
dog,dog,-9.895697,True,other
truck,truck,-8.462568,True,other
airplane,airplane,-9.370725,True,other
deer,deer,-8.556265,True,other
bird,cat,-4.6661353,False,other
airplane,airplane,-9.442792,True,other
dog,dog,-9.286471,True,other
truck,truck,-7.0476913,True,other
truck,truck,-7.529176,True,other
cat,cat,-10.501872,True,other
ship,ship,-11.733043,True,other
airplane,airplane,-8.537372,True,other
frog,frog,-10.214163,True,other
airplane,airplane,-8.813683,True,other
bird,bird,-4.921206,False,other
cat,cat,-5.3007793,False,other
horse,horse,-9.680159,True,other
airplane,airplane,-5.6515937,False,other
airplane,airplane,-6.057838,True,other
frog,frog,-9.077372,True,other
truck,truck,-8.2458515,True,other
automobile,automobile,-9.2822,True,other
dog,dog,-9.464802,True,other
bird,bird,-6.3495893,True,other
bird,bird,-9.141545,True,other
horse,horse,-9.487854,True,other
truck,truck,-5.0274935,False,other
cat,cat,-7.885026,True,other
truck,truck,-10.381672,True,other
cat,dog,-9.656133,True,other
dog,dog,-9.012202,True,other
bird,bird,-10.468935,True,other
bird,bird,-10.314463,True,other
bird,bird,-9.858819,True,other
ship,ship,-10.250828,True,other
ship,ship,-6.310642,True,other
dog,dog,-11.229717,True,other
airplane,airplane,-9.829087,True,other
airplane,airplane,-11.444954,True,other
horse,horse,-9.348376,True,other
airplane,airplane,-11.055421,True,other
cat,cat,-6.1976285,True,other
automobile,automobile,-9.529219,True,other
frog,frog,-8.563184,True,other
dog,deer,-4.652689,False,other
airplane,airplane,-6.4589205,True,other
truck,truck,-9.442909,True,other
bird,bird,-9.949879,True,other
frog,frog,-6.3806133,True,other
horse,horse,-9.787075,True,other
deer,deer,-9.507728,True,other
bird,bird,-8.629647,True,other
airplane,airplane,-10.69508,True,other
airplane,airplane,-9.9922495,True,other
dog,dog,-5.436612,False,other
cat,bird,-4.443242,False,other
cat,cat,-9.007748,True,other
bird,bird,-7.620068,True,other
frog,frog,-9.1004095,True,other
deer,deer,-9.214646,True,other
bird,bird,-10.756549,True,other
horse,horse,-10.038023,True,other
ship,ship,-9.313736,True,other
airplane,airplane,-7.771158,True,other
automobile,automobile,-9.954823,True,other
airplane,airplane,-10.398403,True,other
automobile,automobile,-10.653939,True,other
cat,cat,-9.491315,True,other
frog,frog,-10.363535,True,other
deer,deer,-9.016496,True,other
ship,ship,-10.35566,True,other
airplane,airplane,-9.096478,True,other
frog,frog,-9.922972,True,other
airplane,airplane,-8.870122,True,other
truck,truck,-9.803826,True,other
automobile,automobile,-9.848206,True,other
frog,frog,-9.726505,True,other
bird,bird,-6.660442,True,other
automobile,automobile,-9.010243,True,other
airplane,airplane,-8.431767,True,other
automobile,automobile,-9.86817,True,other
cat,cat,-9.825847,True,other
airplane,airplane,-10.110383,True,other
cat,cat,-7.370789,True,other
horse,horse,-10.585027,True,other
truck,truck,-9.825899,True,other
truck,truck,-9.074823,True,other
cat,cat,-9.257545,True,other
horse,horse,-9.381997,True,other
dog,dog,-7.8727603,True,other
horse,horse,-11.09291,True,other
automobile,automobile,-9.414051,True,other
frog,frog,-9.956337,True,other
frog,frog,-9.41255,True,other
automobile,truck,-8.402433,True,other
automobile,automobile,-9.337777,True,other
automobile,automobile,-8.345366,True,other
deer,deer,-9.3858595,True,other
deer,bird,-3.7948065,False,other
bird,bird,-10.340731,True,other
automobile,automobile,-10.260454,True,other
horse,horse,-11.089322,True,other
airplane,airplane,-9.217031,True,other
automobile,automobile,-10.212215,True,other
bird,bird,-8.927887,True,other
automobile,automobile,-9.05968,True,other
automobile,automobile,-8.077429,True,other
cat,cat,-8.316463,True,other
bird,bird,-9.33092,True,other
frog,frog,-10.884657,True,other
truck,truck,-9.450967,True,other
automobile,automobile,-7.3165298,True,other
cat,cat,-8.195113,True,other
bird,bird,-8.973831,True,other
airplane,airplane,-8.22078,True,other
ship,truck,-5.9280257,True,other
horse,horse,-9.954438,True,other
cat,cat,-10.976498,True,other
deer,deer,-4.2976446,False,other
frog,frog,-10.806176,True,other
deer,deer,-7.9365582,True,other
frog,frog,-7.949506,True,other
truck,truck,-9.387726,True,other
deer,deer,-5.770275,True,other
ship,ship,-9.744896,True,other
truck,truck,-9.113319,True,other
cat,cat,-8.754129,True,other
airplane,airplane,-9.214491,True,other
dog,dog,-9.905962,True,other
horse,horse,-9.424762,True,other
bird,bird,-9.0394,True,other
airplane,airplane,-9.839723,True,other
bird,bird,-9.174469,True,other
truck,truck,-5.53109,False,other
truck,truck,-9.32991,True,other
cat,cat,-8.072053,True,other
ship,ship,-10.675577,True,other
horse,horse,-8.631278,True,other
automobile,automobile,-9.677559,True,other
automobile,automobile,-9.188951,True,other
bird,bird,-9.587138,True,other
bird,bird,-10.561478,True,other
bird,bird,-10.315714,True,other
dog,bird,-4.234146,False,other
truck,truck,-9.421301,True,other
automobile,automobile,-8.257206,True,other
bird,bird,-9.703397,True,other
frog,frog,-9.826187,True,other
automobile,automobile,-9.113366,True,other
bird,bird,-6.7550483,True,other
automobile,automobile,-8.914644,True,other
ship,ship,-10.337426,True,other
truck,truck,-9.244865,True,other
bird,bird,-8.72614,True,other
cat,cat,-5.8176885,True,other
automobile,automobile,-9.882328,True,other
truck,truck,-9.40065,True,other
truck,truck,-8.440454,True,other
deer,cat,-4.7353196,False,other
deer,deer,-9.52455,True,other
dog,dog,-5.465744,False,other
dog,dog,-7.8744802,True,other
airplane,airplane,-8.649314,True,other
cat,cat,-8.135634,True,other
cat,cat,-8.327174,True,other
horse,horse,-9.374784,True,other
automobile,automobile,-10.031322,True,other
horse,horse,-9.772771,True,other
horse,horse,-9.744462,True,other
truck,truck,-7.672558,True,other
ship,ship,-9.33402,True,other
frog,frog,-7.569242,True,other
cat,cat,-5.70226,False,other
dog,dog,-9.157403,True,other
dog,dog,-9.677412,True,other
automobile,automobile,-9.43515,True,other
frog,frog,-10.29691,True,other
bird,bird,-9.151545,True,other
horse,horse,-6.500702,True,other
ship,ship,-9.503312,True,other
deer,deer,-8.593758,True,other
cat,cat,-9.005773,True,other
cat,cat,-9.937334,True,other
dog,dog,-10.507514,True,other
truck,truck,-9.8979435,True,other
frog,frog,-6.4184675,True,other
ship,ship,-8.479799,True,other
dog,dog,-9.535375,True,other
automobile,automobile,-9.952165,True,other
airplane,airplane,-8.819171,True,other
frog,frog,-11.2175045,True,other
horse,horse,-9.126727,True,other
airplane,airplane,-8.542403,True,other
truck,truck,-10.648605,True,other
frog,frog,-9.538895,True,other
bird,bird,-6.0560327,True,other
airplane,airplane,-10.5787115,True,other
ship,ship,-9.597921,True,other
horse,horse,-9.291936,True,other
automobile,automobile,-9.471743,True,other
bird,bird,-10.41779,True,other
frog,frog,-7.5050135,True,other
truck,truck,-9.5702,True,other
automobile,automobile,-10.419209,True,other
frog,frog,-8.267153,True,other
deer,deer,-8.655492,True,other
horse,horse,-9.760622,True,other
automobile,automobile,-9.309458,True,other
truck,truck,-7.5244517,True,other
airplane,airplane,-8.302055,True,other
airplane,airplane,-10.130558,True,other
dog,dog,-6.9378214,True,other
bird,bird,-8.965739,True,other
ship,ship,-9.331468,True,other
cat,cat,-8.142951,True,other
ship,ship,-8.081515,True,other
bird,deer,-6.3237786,True,other
ship,ship,-10.552536,True,other
deer,deer,-9.659281,True,other
airplane,airplane,-11.8635235,True,other
ship,ship,-9.904502,True,other
cat,cat,-10.466774,True,other
frog,cat,-5.306362,False,other
automobile,automobile,-8.659569,True,other
bird,bird,-7.472019,True,other
cat,cat,-9.587494,True,other
airplane,airplane,-9.337914,True,other
dog,dog,-12.852784,True,other
airplane,airplane,-9.549107,True,other
deer,deer,-8.482258,True,other
automobile,automobile,-9.724589,True,other
horse,horse,-10.6409445,True,other
bird,bird,-9.6015835,True,other
airplane,airplane,-8.572582,True,other
automobile,automobile,-9.696776,True,other
cat,dog,-6.905176,True,other
truck,truck,-6.556227,True,other
automobile,automobile,-6.0610065,True,other
frog,frog,-8.135386,True,other
automobile,automobile,-8.9866705,True,other
frog,frog,-11.335697,True,other
automobile,automobile,-9.55858,True,other
bird,bird,-10.026626,True,other
ship,cat,-4.4544215,False,other
horse,horse,-8.831369,True,other
airplane,airplane,-9.263878,True,other
truck,truck,-9.267211,True,other
dog,dog,-10.079572,True,other
ship,truck,-8.038235,True,other
airplane,airplane,-10.403056,True,other
airplane,airplane,-5.8112674,True,other
automobile,automobile,-9.290615,True,other
horse,horse,-10.3505945,True,other
truck,truck,-11.17306,True,other
horse,horse,-7.0055103,True,other
automobile,automobile,-9.850542,True,other
truck,truck,-7.985815,True,other
bird,bird,-8.648569,True,other
automobile,automobile,-9.213867,True,other
truck,truck,-9.846836,True,other
deer,deer,-4.4757447,False,other
cat,cat,-8.810622,True,other
frog,frog,-9.527714,True,other
airplane,airplane,-8.806175,True,other
bird,bird,-7.829146,True,other
airplane,airplane,-8.6786585,True,other
airplane,airplane,-9.86774,True,other
truck,truck,-9.195865,True,other
truck,truck,-7.3425674,True,other
ship,ship,-9.17456,True,other
truck,truck,-8.832829,True,other
deer,deer,-10.234464,True,other
dog,dog,-9.008136,True,other
deer,deer,-8.097159,True,other
cat,cat,-9.098005,True,other
airplane,airplane,-10.653967,True,other
horse,horse,-12.013282,True,other
ship,ship,-9.103281,True,other
horse,horse,-9.1615305,True,other
cat,cat,-8.003167,True,other
horse,horse,-9.699545,True,other
dog,dog,-10.220759,True,other
deer,deer,-9.069139,True,other
frog,frog,-8.905409,True,other
dog,dog,-8.886736,True,other
truck,truck,-9.526215,True,other
dog,cat,-4.8998623,False,other
bird,bird,-9.284765,True,other
deer,deer,-8.644265,True,other
bird,bird,-9.071981,True,other
horse,horse,-9.079296,True,other
truck,truck,-9.4422455,True,other
frog,frog,-9.944128,True,other
horse,horse,-8.981515,True,other
deer,deer,-9.518423,True,other
horse,horse,-8.628491,True,other
automobile,automobile,-10.345051,True,other
bird,bird,-11.354484,True,other
cat,cat,-9.001301,True,other
automobile,automobile,-10.833136,True,other
automobile,automobile,-7.624755,True,other
cat,cat,-9.73377,True,other
frog,frog,-9.0233965,True,other
ship,ship,-9.996304,True,other
cat,cat,-10.261958,True,other
horse,horse,-8.75697,True,other
horse,horse,-9.10939,True,other
airplane,airplane,-9.369502,True,other
ship,ship,-11.457933,True,other
automobile,automobile,-9.760701,True,other
dog,dog,-9.912484,True,other
bird,bird,-8.961521,True,other
dog,dog,-9.88926,True,other
dog,dog,-9.804311,True,other
cat,cat,-7.7074637,True,other
frog,frog,-10.481006,True,other
cat,cat,-11.115277,True,other
dog,cat,-8.360596,True,other
truck,truck,-9.50789,True,other
ship,ship,-9.210014,True,other
deer,deer,-7.6929045,True,other
frog,frog,-8.752937,True,other
ship,ship,-9.728736,True,other
airplane,airplane,-9.169823,True,other
deer,deer,-8.999418,True,other
automobile,automobile,-8.943497,True,other
horse,horse,-10.650423,True,other
ship,ship,-7.2074056,True,other
deer,deer,-10.590336,True,other
truck,truck,-10.124042,True,other
horse,horse,-6.7064285,True,other
bird,bird,-10.285984,True,other
frog,frog,-10.693346,True,other
cat,cat,-6.8500023,True,other
ship,ship,-9.837069,True,other
ship,ship,-8.401902,True,other
frog,frog,-9.450944,True,other
horse,horse,-10.794207,True,other
cat,cat,-9.00265,True,other
ship,ship,-8.011411,True,other
automobile,automobile,-8.5299425,True,other
automobile,automobile,-8.692045,True,other
dog,dog,-8.395352,True,other
cat,cat,-8.60061,True,other
horse,horse,-8.813099,True,other
truck,truck,-10.369647,True,other
truck,truck,-10.757166,True,other
truck,truck,-9.29586,True,other
ship,ship,-8.510316,True,other
dog,dog,-9.7846155,True,other
truck,truck,-9.363985,True,other
truck,truck,-10.033043,True,other
frog,frog,-9.954031,True,other
ship,ship,-10.110917,True,other
ship,ship,-9.889858,True,other
deer,deer,-8.851915,True,other
ship,ship,-10.112022,True,other
automobile,automobile,-9.278799,True,other
airplane,airplane,-8.615734,True,other
automobile,automobile,-8.256476,True,other
ship,ship,-10.818647,True,other
ship,ship,-9.709448,True,other
frog,frog,-8.405858,True,other
dog,dog,-13.311027,True,other
truck,truck,-9.738386,True,other
airplane,airplane,-10.00782,True,other
frog,frog,-9.567694,True,other
automobile,automobile,-8.626654,True,other
bird,frog,-4.2894864,False,other
frog,frog,-10.554775,True,other
frog,frog,-10.763304,True,other
cat,cat,-7.774986,True,other
dog,dog,-9.863854,True,other
frog,frog,-7.941625,True,other
dog,dog,-6.6194263,True,other
dog,dog,-6.1269674,True,other
cat,cat,-10.38696,True,other
cat,cat,-10.402424,True,other
frog,frog,-9.660312,True,other
ship,ship,-8.982393,True,other
truck,truck,-6.4235497,True,other
deer,deer,-8.617407,True,other
deer,deer,-5.463482,False,other
cat,cat,-10.2584915,True,other
ship,ship,-8.8934555,True,other
cat,cat,-8.19087,True,other
frog,frog,-9.150955,True,other
airplane,airplane,-10.487837,True,other
ship,ship,-10.217919,True,other
dog,dog,-10.338033,True,other
horse,horse,-9.704347,True,other
ship,ship,-9.164162,True,other
deer,deer,-10.330146,True,other
frog,frog,-9.379742,True,other
dog,dog,-10.658755,True,other
cat,cat,-9.81804,True,other
automobile,automobile,-8.45402,True,other
ship,ship,-10.903868,True,other
cat,cat,-6.6194515,True,other
airplane,airplane,-7.2136,True,other
deer,airplane,-3.3167071,False,other
deer,deer,-5.454852,False,other
cat,cat,-10.944411,True,other
cat,cat,-11.138253,True,other
dog,dog,-11.841874,True,other
cat,cat,-8.917097,True,other
cat,cat,-10.565704,True,other
bird,bird,-9.392031,True,other
horse,horse,-8.090945,True,other
horse,horse,-9.18035,True,other
ship,ship,-6.33892,True,other
bird,bird,-9.33466,True,other
airplane,airplane,-8.653436,True,other
dog,dog,-10.433033,True,other
dog,cat,-9.776484,True,other
frog,frog,-9.527964,True,other
automobile,automobile,-9.888336,True,other
automobile,automobile,-9.576242,True,other
cat,cat,-10.091958,True,other
truck,truck,-9.720976,True,other
truck,truck,-8.837002,True,other
cat,cat,-6.808797,True,other
frog,frog,-7.8452334,True,other
horse,horse,-9.132793,True,other
automobile,automobile,-7.427825,True,other
ship,ship,-9.531016,True,other
cat,cat,-11.472366,True,other
truck,truck,-9.277199,True,other
ship,ship,-9.085702,True,other
horse,horse,-7.7996783,True,other
ship,ship,-9.584898,True,other
ship,ship,-7.551978,True,other
airplane,airplane,-9.92097,True,other
cat,cat,-5.4078484,False,other
bird,bird,-10.430557,True,other
deer,deer,-8.88619,True,other
ship,ship,-6.290319,True,other
horse,horse,-8.953509,True,other
dog,cat,-7.7393484,True,other
horse,horse,-10.390813,True,other
automobile,automobile,-9.358413,True,other
ship,ship,-10.430397,True,other
horse,horse,-9.360628,True,other
cat,cat,-8.883328,True,other
dog,dog,-9.376225,True,other
deer,deer,-9.547191,True,other
deer,deer,-9.956487,True,other
cat,cat,-9.420775,True,other
ship,ship,-9.645662,True,other
frog,frog,-9.475811,True,other
automobile,automobile,-8.691485,True,other
automobile,automobile,-8.975058,True,other
frog,frog,-9.823608,True,other
cat,cat,-8.360989,True,other
bird,bird,-8.395526,True,other
bird,bird,-9.537794,True,other
ship,ship,-10.694671,True,other
truck,truck,-9.371148,True,other
ship,ship,-10.140385,True,other
cat,cat,-9.716966,True,other
cat,cat,-9.024017,True,other
ship,ship,-6.897568,True,other
automobile,automobile,-9.65074,True,other
automobile,automobile,-10.330923,True,other
airplane,airplane,-9.668445,True,other
dog,dog,-9.016168,True,other
bird,bird,-8.219753,True,other
airplane,airplane,-9.9422245,True,other
dog,dog,-9.440424,True,other
airplane,airplane,-5.150555,False,other
dog,dog,-4.802229,False,other
ship,airplane,-5.287995,False,other
frog,frog,-8.296822,True,other
cat,cat,-10.010778,True,other
truck,truck,-10.713453,True,other
frog,frog,-9.922232,True,other
frog,frog,-9.481715,True,other
cat,cat,-4.8404207,False,other
truck,truck,-5.8020363,True,other
deer,deer,-10.314404,True,other
ship,ship,-9.351644,True,other
cat,cat,-8.9571295,True,other
deer,deer,-10.25197,True,other
cat,dog,-7.508365,True,other
automobile,automobile,-9.350109,True,other
automobile,automobile,-10.81416,True,other
bird,bird,-8.164339,True,other
truck,truck,-9.999184,True,other
horse,horse,-7.535229,True,other
ship,ship,-10.207834,True,other
dog,dog,-8.427838,True,other
dog,dog,-8.028089,True,other
ship,ship,-8.126006,True,other
frog,frog,-8.63496,True,other
truck,truck,-8.123703,True,other
airplane,airplane,-10.382244,True,other
ship,ship,-11.034437,True,other
cat,airplane,-6.427764,True,other
dog,cat,-7.2458997,True,other
automobile,automobile,-10.700586,True,other
cat,cat,-5.8984466,True,other
cat,cat,-8.643775,True,other
dog,dog,-8.999277,True,other
dog,dog,-10.527976,True,other
cat,cat,-9.352039,True,other
ship,ship,-8.401584,True,other
automobile,truck,-5.979626,True,other
deer,deer,-8.86132,True,other
frog,frog,-10.008706,True,other
deer,deer,-7.9326077,True,other
bird,bird,-10.969398,True,other
deer,deer,-8.187272,True,other
cat,cat,-9.767681,True,other
ship,ship,-10.028273,True,other
truck,truck,-6.492796,True,other
frog,frog,-9.981115,True,other
frog,airplane,-4.496755,False,other
frog,frog,-8.881237,True,other
dog,dog,-9.525867,True,other
dog,dog,-9.143304,True,other
bird,bird,-10.242739,True,other
horse,horse,-9.209406,True,other
horse,horse,-9.903262,True,other
deer,deer,-9.67403,True,other
deer,deer,-9.829021,True,other
truck,truck,-8.130908,True,other
cat,dog,-8.865299,True,other
ship,ship,-8.231054,True,other
cat,cat,-8.418833,True,other
horse,horse,-10.814193,True,other
horse,horse,-10.035005,True,other
ship,ship,-9.965017,True,other
dog,dog,-8.687298,True,other
cat,cat,-10.014022,True,other
truck,truck,-9.888814,True,other
automobile,automobile,-9.180481,True,other
frog,frog,-8.926549,True,other
horse,horse,-8.582923,True,other
cat,cat,-9.604965,True,other
cat,cat,-9.810807,True,other
cat,cat,-7.4126267,True,other
ship,ship,-10.046269,True,other
dog,dog,-8.822577,True,other
frog,frog,-8.045442,True,other
automobile,automobile,-9.485981,True,other
cat,cat,-10.124803,True,other
horse,horse,-9.206163,True,other
truck,truck,-7.0592937,True,other
frog,frog,-8.891094,True,other
automobile,automobile,-9.729712,True,other
frog,frog,-10.265974,True,other
deer,deer,-11.053363,True,other
truck,truck,-8.541382,True,other
airplane,airplane,-8.804717,True,other
dog,dog,-7.7877955,True,other
horse,horse,-10.588101,True,other
deer,dog,-8.136851,True,other
truck,truck,-9.750284,True,other
automobile,automobile,-9.726972,True,other
airplane,airplane,-8.637513,True,other
airplane,airplane,-10.276177,True,other
bird,bird,-10.54923,True,other
horse,horse,-11.367793,True,other
ship,ship,-8.637516,True,other
cat,dog,-7.038953,True,other
bird,dog,-5.2539,False,other
horse,horse,-5.0493126,False,other
frog,frog,-8.912479,True,other
automobile,automobile,-9.817118,True,other
frog,frog,-10.8936405,True,other
frog,frog,-11.575779,True,other
deer,deer,-9.205843,True,other
deer,deer,-7.413801,True,other
bird,bird,-9.995853,True,other
automobile,automobile,-8.936737,True,other
ship,ship,-10.907212,True,other
deer,deer,-9.917667,True,other
deer,deer,-8.899277,True,other
horse,horse,-8.401549,True,other
ship,ship,-12.814316,True,other
dog,dog,-7.788863,True,other
ship,ship,-9.45327,True,other
truck,truck,-11.067381,True,other
deer,deer,-8.881825,True,other
cat,cat,-9.229196,True,other
bird,bird,-9.216007,True,other
bird,bird,-4.6447845,False,other
truck,truck,-9.223409,True,other
cat,cat,-8.415524,True,other
airplane,airplane,-9.563973,True,other
automobile,automobile,-6.814822,True,other
automobile,automobile,-9.392012,True,other
automobile,automobile,-9.402546,True,other
automobile,automobile,-8.035027,True,other
frog,frog,-9.614401,True,other
ship,ship,-10.162404,True,other
horse,horse,-7.0431905,True,other
automobile,automobile,-9.679528,True,other
cat,airplane,-6.872332,True,other
airplane,airplane,-9.793144,True,other
deer,deer,-11.263123,True,other
dog,dog,-4.9639306,False,other
airplane,airplane,-9.102967,True,other
cat,cat,-8.829554,True,other
airplane,airplane,-7.344212,True,other
frog,frog,-8.696754,True,other
bird,bird,-8.979062,True,other
airplane,airplane,-8.892541,True,other
truck,truck,-9.1734495,True,other
ship,ship,-9.320826,True,other
frog,frog,-8.274101,True,other
ship,ship,-7.089901,True,other
dog,dog,-8.676103,True,other
ship,ship,-9.442733,True,other
bird,bird,-9.514305,True,other
truck,truck,-6.4641886,True,other
frog,frog,-9.580038,True,other
airplane,airplane,-8.324251,True,other
frog,frog,-9.586496,True,other
automobile,automobile,-8.9060545,True,other
ship,ship,-11.74914,True,other
horse,horse,-9.336538,True,other
cat,cat,-7.3325877,True,other
bird,bird,-9.670428,True,other
bird,bird,-10.3316965,True,other
frog,frog,-8.988217,True,other
dog,dog,-10.860036,True,other
frog,frog,-8.949616,True,other
truck,truck,-9.577492,True,other
bird,bird,-11.660788,True,other
dog,deer,-5.509026,False,other
deer,deer,-10.198203,True,other
truck,truck,-9.409373,True,other
ship,ship,-7.010173,True,other
dog,dog,-9.858014,True,other
cat,cat,-9.729205,True,other
truck,truck,-9.739652,True,other
cat,cat,-8.979122,True,other
dog,dog,-10.148692,True,other
horse,horse,-9.120353,True,other
automobile,automobile,-9.91591,True,other
ship,ship,-10.155987,True,other
dog,dog,-7.6712103,True,other
ship,ship,-9.186495,True,other
frog,frog,-8.077236,True,other
bird,bird,-8.757174,True,other
dog,dog,-6.048959,True,other
automobile,automobile,-9.458948,True,other
cat,cat,-6.9852114,True,other
airplane,airplane,-8.173003,True,other
deer,deer,-9.316307,True,other
automobile,automobile,-7.406774,True,other
truck,truck,-5.7036467,False,other
dog,horse,-6.4693174,True,other
deer,deer,-9.316623,True,other
truck,truck,-10.995524,True,other
bird,bird,-9.099654,True,other
automobile,automobile,-9.109822,True,other
deer,deer,-10.189926,True,other
bird,deer,-5.8490505,True,other
dog,dog,-8.406175,True,other
truck,truck,-9.886013,True,other
ship,ship,-9.57184,True,other
horse,horse,-12.111085,True,other
bird,bird,-9.65484,True,other
automobile,automobile,-7.275285,True,other
frog,frog,-10.507851,True,other
truck,truck,-6.8652267,True,other
horse,horse,-10.463697,True,other
cat,cat,-8.177106,True,other
frog,frog,-7.9706244,True,other
dog,cat,-8.689147,True,other
ship,ship,-9.132935,True,other
airplane,airplane,-6.634396,True,other
bird,bird,-8.825558,True,other
bird,bird,-9.417021,True,other
deer,deer,-9.4039345,True,other
truck,truck,-7.968875,True,other
airplane,airplane,-6.0000825,True,other
dog,dog,-8.856572,True,other
dog,dog,-9.194795,True,other
deer,deer,-9.241814,True,other
bird,frog,-2.8559985,False,other
cat,cat,-7.585649,True,other
automobile,automobile,-10.040327,True,other
airplane,airplane,-9.52888,True,other
cat,cat,-5.4962716,False,other
airplane,airplane,-10.171353,True,other
deer,deer,-9.177465,True,other
deer,deer,-10.357879,True,other
truck,truck,-5.990825,True,other
automobile,automobile,-9.018793,True,other
cat,bird,-4.418162,False,other
cat,cat,-7.7880454,True,other
airplane,airplane,-7.5936284,True,other
bird,bird,-10.732679,True,other
automobile,automobile,-9.344528,True,other
automobile,automobile,-10.073165,True,other
airplane,airplane,-9.983519,True,other
deer,deer,-11.148338,True,other
automobile,automobile,-8.7298155,True,other
truck,truck,-10.092028,True,other
deer,deer,-8.812726,True,other
ship,ship,-9.270647,True,other
automobile,automobile,-9.417781,True,other
automobile,automobile,-9.486586,True,other
automobile,automobile,-9.114805,True,other
dog,dog,-8.543519,True,other
truck,truck,-8.159796,True,other
ship,airplane,-7.221873,True,other
automobile,automobile,-8.732464,True,other
frog,frog,-9.6892,True,other
horse,horse,-10.404846,True,other
bird,bird,-9.095409,True,other
truck,truck,-9.211905,True,other
truck,truck,-10.243484,True,other
horse,horse,-8.062923,True,other
ship,ship,-9.420477,True,other
ship,ship,-9.547594,True,other
automobile,automobile,-9.07912,True,other
truck,truck,-7.7071857,True,other
horse,horse,-9.195485,True,other
ship,ship,-10.000382,True,other
truck,ship,-5.7353077,True,other
automobile,automobile,-8.875154,True,other
frog,frog,-9.791497,True,other
frog,frog,-10.089719,True,other
cat,cat,-7.6545825,True,other
cat,cat,-9.853979,True,other
automobile,automobile,-9.531257,True,other
cat,cat,-10.742121,True,other
airplane,airplane,-4.172439,False,other
ship,ship,-8.546022,True,other
ship,ship,-10.059422,True,other
cat,cat,-7.237677,True,other
frog,frog,-5.173197,False,other
frog,frog,-8.078787,True,other
horse,horse,-6.2759895,True,other
automobile,automobile,-6.3983107,True,other
airplane,airplane,-12.372509,True,other
horse,horse,-9.301743,True,other
frog,frog,-10.506563,True,other
deer,deer,-8.414975,True,other
ship,ship,-6.57939,True,other
bird,bird,-6.356481,True,other
airplane,airplane,-9.8307905,True,other
frog,frog,-8.203341,True,other
frog,frog,-7.4413457,True,other
ship,ship,-9.241866,True,other
frog,frog,-7.8242416,True,other
cat,cat,-3.743222,False,other
automobile,automobile,-7.506733,True,other
automobile,automobile,-9.46187,True,other
ship,ship,-10.445867,True,other
frog,frog,-8.814703,True,other
horse,horse,-8.944911,True,other
airplane,airplane,-11.083985,True,other
dog,dog,-8.296625,True,other
deer,deer,-10.016156,True,other
cat,cat,-8.795212,True,other
bird,bird,-8.109899,True,other
automobile,automobile,-7.7037315,True,other
horse,horse,-10.390732,True,other
ship,ship,-11.158207,True,other
bird,bird,-9.735436,True,other
airplane,airplane,-8.33599,True,other
automobile,automobile,-9.200491,True,other
horse,horse,-9.494221,True,other
deer,deer,-7.24879,True,other
ship,ship,-9.873003,True,other
horse,horse,-8.357259,True,other
frog,frog,-10.003928,True,other
frog,frog,-9.381137,True,other
horse,horse,-9.178149,True,other
airplane,airplane,-8.8206415,True,other
frog,airplane,-7.112434,True,other
deer,deer,-7.950753,True,other
truck,truck,-10.022511,True,other
bird,airplane,-5.882537,True,other
cat,frog,-9.151243,True,other
bird,dog,-4.298312,False,other
automobile,automobile,-10.329325,True,other
cat,dog,-4.7963123,False,other
ship,ship,-9.5856,True,other
frog,frog,-10.541089,True,other
ship,ship,-10.536369,True,other
automobile,automobile,-9.670134,True,other
truck,truck,-9.974113,True,other
frog,frog,-11.234587,True,other
horse,horse,-10.015784,True,other
frog,frog,-9.443705,True,other
dog,dog,-5.102728,False,other
airplane,airplane,-10.057036,True,other
frog,frog,-9.676544,True,other
airplane,airplane,-8.792157,True,other
automobile,automobile,-10.113916,True,other
cat,cat,-8.491356,True,other
automobile,automobile,-8.50021,True,other
automobile,automobile,-7.6011477,True,other
dog,dog,-5.081399,False,other
cat,bird,-6.691284,True,other
deer,deer,-8.420055,True,other
cat,cat,-11.417621,True,other
cat,cat,-10.019426,True,other
ship,ship,-9.628561,True,other
automobile,automobile,-9.093395,True,other
frog,frog,-8.685966,True,other
frog,frog,-10.62965,True,other
automobile,automobile,-8.058613,True,other
ship,ship,-9.507643,True,other
ship,ship,-9.4793415,True,other
frog,frog,-9.336459,True,other
bird,bird,-9.197639,True,other
horse,horse,-8.9873705,True,other
deer,deer,-8.995192,True,other
frog,frog,-8.283518,True,other
ship,ship,-6.74956,True,other
truck,truck,-9.6733,True,other
cat,cat,-7.419573,True,other
cat,deer,-7.31332,True,other
dog,dog,-9.137195,True,other
dog,dog,-8.102113,True,other
cat,dog,-5.5659723,False,other
automobile,automobile,-8.38369,True,other
deer,deer,-10.398273,True,other
automobile,automobile,-10.4249,True,other
truck,truck,-9.513306,True,other
dog,dog,-8.962982,True,other
automobile,automobile,-8.90333,True,other
horse,horse,-9.292896,True,other
horse,horse,-10.063785,True,other
horse,horse,-5.453078,False,other
dog,dog,-9.013959,True,other
bird,bird,-10.902967,True,other
cat,ship,-4.6015415,False,other
cat,cat,-5.6761665,False,other
frog,frog,-11.11413,True,other
frog,frog,-8.867167,True,other
frog,frog,-7.8325934,True,other
deer,deer,-7.8717017,True,other
airplane,airplane,-9.018583,True,other
horse,horse,-7.6010833,True,other
automobile,automobile,-9.219974,True,other
horse,horse,-7.8458548,True,other
cat,cat,-5.7720923,True,other
airplane,airplane,-10.208175,True,other
ship,ship,-4.6694536,False,other
automobile,automobile,-9.699715,True,other
bird,bird,-10.989605,True,other
deer,deer,-8.586218,True,other
automobile,automobile,-7.902028,True,other
bird,bird,-10.155951,True,other
bird,bird,-7.9435625,True,other
deer,deer,-8.376343,True,other
truck,truck,-10.058645,True,other
ship,ship,-8.152924,True,other
bird,bird,-6.376666,True,other
ship,ship,-11.795023,True,other
horse,horse,-6.7342715,True,other
frog,frog,-8.244944,True,other
cat,cat,-9.748877,True,other
deer,deer,-10.558536,True,other
horse,horse,-10.462248,True,other
bird,bird,-8.901737,True,other
cat,cat,-9.286835,True,other
automobile,automobile,-9.601944,True,other
dog,dog,-10.195128,True,other
cat,cat,-9.037676,True,other
airplane,airplane,-8.760373,True,other
deer,deer,-8.7879305,True,other
cat,cat,-7.823645,True,other
deer,deer,-9.83362,True,other
truck,truck,-9.254171,True,other
deer,cat,-5.2428303,False,other
horse,horse,-9.715579,True,other
truck,truck,-10.318073,True,other
automobile,automobile,-9.083102,True,other
horse,horse,-9.142193,True,other
ship,ship,-8.993696,True,other
cat,dog,-8.166785,True,other
automobile,automobile,-8.966666,True,other
ship,ship,-7.175569,True,other
cat,cat,-9.126504,True,other
bird,airplane,-5.392431,False,other
dog,dog,-10.2721815,True,other
horse,horse,-10.058581,True,other
bird,bird,-8.200933,True,other
horse,horse,-8.381951,True,other
truck,truck,-8.540945,True,other
frog,frog,-10.664315,True,other
ship,ship,-11.8778715,True,other
frog,frog,-10.056843,True,other
ship,ship,-8.06077,True,other
frog,frog,-8.948141,True,other
dog,dog,-9.730953,True,other
truck,truck,-9.228708,True,other
airplane,airplane,-8.386636,True,other
deer,deer,-9.430687,True,other
ship,ship,-9.513335,True,other
dog,dog,-8.688377,True,other
frog,frog,-8.110111,True,other
deer,cat,-3.612327,False,other
cat,cat,-8.765158,True,other
ship,ship,-9.30888,True,other
airplane,airplane,-9.272304,True,other
deer,deer,-8.932259,True,other
ship,ship,-7.6380534,True,other
frog,frog,-9.98003,True,other
horse,horse,-10.112818,True,other
bird,bird,-9.061292,True,other
horse,horse,-9.091777,True,other
automobile,automobile,-10.981633,True,other
horse,horse,-9.565085,True,other
deer,deer,-9.919906,True,other
automobile,automobile,-10.931011,True,other
bird,bird,-10.779173,True,other
deer,deer,-9.1362915,True,other
bird,bird,-10.641546,True,other
bird,bird,-10.169965,True,other
ship,ship,-10.524164,True,other
horse,horse,-9.014704,True,other
bird,bird,-9.095636,True,other
bird,bird,-8.483347,True,other
frog,frog,-10.1669445,True,other
horse,horse,-10.129268,True,other
dog,horse,-7.586137,True,other
frog,frog,-8.439816,True,other
ship,ship,-10.719542,True,other
truck,truck,-8.726023,True,other
truck,airplane,-7.3094797,True,other
frog,cat,-6.648232,True,other
dog,dog,-10.706543,True,other
bird,bird,-7.3127346,True,other
truck,truck,-9.9043455,True,other
ship,ship,-9.509326,True,other
horse,horse,-10.0221815,True,other
bird,bird,-8.137129,True,other
cat,cat,-3.8498952,False,other
cat,cat,-9.233848,True,other
horse,horse,-8.574356,True,other
deer,deer,-9.484185,True,other
cat,cat,-8.406227,True,other
bird,bird,-9.597243,True,other
automobile,automobile,-10.367397,True,other
truck,truck,-8.0842905,True,other
airplane,ship,-3.3207357,False,other
automobile,automobile,-9.56081,True,other
dog,dog,-11.132864,True,other
cat,cat,-9.027673,True,other
bird,bird,-8.98908,True,other
frog,frog,-10.858385,True,other
dog,dog,-6.2765236,True,other
truck,truck,-8.179781,True,other
automobile,automobile,-8.619135,True,other
dog,dog,-7.8871727,True,other
deer,deer,-8.317373,True,other
cat,cat,-9.452005,True,other
frog,frog,-8.200617,True,other
bird,bird,-8.082643,True,other
ship,bird,-6.003428,True,other
truck,truck,-9.111786,True,other
horse,horse,-8.402969,True,other
ship,ship,-9.495968,True,other
airplane,airplane,-9.034356,True,other
ship,ship,-10.622938,True,other
truck,truck,-8.52106,True,other
automobile,automobile,-8.864912,True,other
bird,bird,-10.515477,True,other
dog,dog,-8.94699,True,other
horse,horse,-10.858806,True,other
bird,bird,-11.589933,True,other
airplane,airplane,-10.245587,True,other
frog,frog,-11.013212,True,other
frog,frog,-9.04243,True,other
automobile,automobile,-10.43515,True,other
frog,frog,-6.369266,True,other
cat,cat,-5.384761,False,other
automobile,automobile,-7.3689966,True,other
dog,dog,-7.282648,True,other
airplane,airplane,-10.453242,True,other
cat,cat,-5.8118925,True,other
horse,horse,-5.4275484,False,other
deer,deer,-8.721143,True,other
frog,frog,-9.98333,True,other
dog,dog,-9.028352,True,other
frog,frog,-9.152302,True,other
deer,deer,-8.991214,True,other
ship,ship,-10.236137,True,other
cat,cat,-10.082537,True,other
deer,deer,-9.313438,True,other
dog,dog,-9.5690365,True,other
dog,dog,-8.769601,True,other
airplane,airplane,-7.990457,True,other
frog,frog,-8.709814,True,other
frog,frog,-8.280165,True,other
horse,horse,-11.824255,True,other
dog,dog,-9.766838,True,other
airplane,airplane,-8.597327,True,other
truck,truck,-8.038835,True,other
truck,truck,-9.339317,True,other
frog,frog,-9.273965,True,other
automobile,automobile,-10.457394,True,other
airplane,airplane,-11.378729,True,other
deer,deer,-9.704053,True,other
frog,frog,-7.2972436,True,other
cat,dog,-8.169145,True,other
frog,frog,-8.409355,True,other
truck,truck,-9.821689,True,other
cat,cat,-6.199695,True,other
frog,frog,-10.188037,True,other
frog,frog,-9.763777,True,other
ship,bird,-4.32914,False,other
bird,bird,-9.547602,True,other
automobile,automobile,-6.7381215,True,other
airplane,airplane,-9.439181,True,other
automobile,automobile,-9.702082,True,other
truck,truck,-9.766426,True,other
cat,cat,-4.5202823,False,other
horse,horse,-9.834416,True,other
deer,deer,-10.054196,True,other
cat,cat,-8.054392,True,other
airplane,airplane,-9.337837,True,other
bird,bird,-8.256781,True,other
horse,horse,-9.191375,True,other
frog,frog,-8.609669,True,other
deer,deer,-7.8724732,True,other
cat,cat,-10.123801,True,other
airplane,airplane,-6.478235,True,other
ship,ship,-9.687826,True,other
bird,cat,-6.527308,True,other
airplane,airplane,-7.8602257,True,other
airplane,airplane,-9.604945,True,other
truck,truck,-9.02276,True,other
frog,frog,-8.826373,True,other
frog,frog,-9.3159275,True,other
frog,frog,-9.390447,True,other
ship,ship,-10.402371,True,other
horse,horse,-10.768466,True,other
deer,deer,-10.432086,True,other
automobile,automobile,-9.327777,True,other
ship,ship,-10.454582,True,other
automobile,automobile,-9.88143,True,other
bird,bird,-8.634493,True,other
bird,bird,-10.723845,True,other
deer,deer,-8.744339,True,other
ship,ship,-9.383296,True,other
dog,dog,-11.432684,True,other
bird,bird,-9.234194,True,other
frog,frog,-9.05802,True,other
dog,dog,-8.627071,True,other
cat,cat,-10.985906,True,other
truck,truck,-10.8193,True,other
automobile,automobile,-9.573521,True,other
airplane,airplane,-9.215006,True,other
horse,horse,-8.817459,True,other
bird,bird,-11.304609,True,other
deer,deer,-9.771927,True,other
deer,deer,-5.902014,True,other
airplane,airplane,-8.829407,True,other
airplane,airplane,-7.8170595,True,other
frog,frog,-6.4945884,True,other
bird,bird,-9.806938,True,other
bird,bird,-9.214846,True,other
deer,deer,-8.548601,True,other
airplane,airplane,-9.248215,True,other
dog,dog,-11.440181,True,other
truck,truck,-9.818444,True,other
horse,horse,-5.8432493,True,other
automobile,automobile,-10.27763,True,other
ship,ship,-8.286766,True,other
deer,deer,-7.151521,True,other
dog,dog,-8.767436,True,other
dog,dog,-10.693394,True,other
truck,truck,-8.653755,True,other
ship,ship,-9.143413,True,other
dog,dog,-7.6092906,True,other
horse,horse,-9.21636,True,other
ship,ship,-8.509348,True,other
airplane,airplane,-8.877813,True,other
truck,truck,-8.051117,True,other
ship,ship,-7.249679,True,other
truck,truck,-9.355706,True,other
automobile,automobile,-10.486298,True,other
frog,frog,-8.200707,True,other
cat,cat,-6.7247376,True,other
ship,ship,-7.5985856,True,other
airplane,airplane,-9.471689,True,other
cat,cat,-11.4221525,True,other
deer,deer,-6.702649,True,other
deer,dog,-5.2773185,False,other
ship,ship,-9.95112,True,other
deer,deer,-9.643602,True,other
ship,ship,-10.503408,True,other
truck,truck,-9.081771,True,other
ship,ship,-10.261456,True,other
frog,frog,-9.465435,True,other
airplane,airplane,-11.044987,True,other
airplane,airplane,-10.383589,True,other
ship,ship,-8.592376,True,other
bird,bird,-11.127631,True,other
horse,horse,-8.043162,True,other
deer,deer,-9.34938,True,other
bird,bird,-10.958792,True,other
dog,dog,-7.9220214,True,other
frog,frog,-9.076576,True,other
airplane,airplane,-9.029866,True,other
dog,dog,-9.048682,True,other
ship,ship,-9.939812,True,other
deer,deer,-7.0070486,True,other
automobile,automobile,-9.850799,True,other
truck,truck,-9.934262,True,other
airplane,airplane,-10.371501,True,other
automobile,automobile,-11.996254,True,other
deer,deer,-9.291086,True,other
deer,deer,-10.356739,True,other
ship,ship,-8.372763,True,other
deer,deer,-10.105623,True,other
truck,truck,-9.318991,True,other
frog,frog,-10.243168,True,other
airplane,airplane,-9.407277,True,other
horse,horse,-8.168308,True,other
horse,horse,-8.519526,True,other
frog,frog,-8.488596,True,other
ship,ship,-9.954018,True,other
truck,truck,-9.933746,True,other
frog,frog,-9.930661,True,other
bird,bird,-9.378176,True,other
airplane,airplane,-9.9004755,True,other
deer,deer,-8.50839,True,other
truck,truck,-8.830728,True,other
deer,deer,-9.03932,True,other
truck,truck,-10.273392,True,other
cat,cat,-5.4670625,False,other
truck,truck,-10.865833,True,other
frog,frog,-5.3175063,False,other
frog,frog,-10.12267,True,other
horse,horse,-7.3917823,True,other
airplane,airplane,-9.472004,True,other
truck,truck,-6.4774203,True,other
horse,horse,-9.551181,True,other
automobile,automobile,-8.797432,True,other
ship,ship,-9.815729,True,other
frog,frog,-8.963526,True,other
airplane,cat,-6.1009655,True,other
frog,frog,-9.845617,True,other
horse,horse,-4.8508425,False,other
deer,deer,-8.866141,True,other
automobile,automobile,-9.8584175,True,other
truck,truck,-10.07136,True,other
deer,deer,-7.6602383,True,other
frog,frog,-8.925847,True,other
horse,horse,-8.653868,True,other
truck,truck,-10.612989,True,other
ship,ship,-9.529864,True,other
cat,cat,-6.6025815,True,other
truck,truck,-10.503391,True,other
bird,bird,-8.989195,True,other
automobile,automobile,-10.753278,True,other
bird,bird,-10.451143,True,other
horse,horse,-10.337779,True,other
frog,bird,-7.4706497,True,other
automobile,automobile,-9.100662,True,other
airplane,airplane,-10.935984,True,other
airplane,airplane,-11.569304,True,other
dog,dog,-9.425812,True,other
frog,frog,-10.894856,True,other
airplane,airplane,-11.2641325,True,other
deer,deer,-9.024518,True,other
cat,cat,-8.005017,True,other
bird,bird,-9.08211,True,other
ship,ship,-8.645746,True,other
ship,ship,-10.078201,True,other
airplane,airplane,-8.845091,True,other
frog,frog,-10.392991,True,other
truck,truck,-8.491304,True,other
dog,dog,-7.614277,True,other
bird,bird,-9.129453,True,other
ship,ship,-10.92972,True,other
horse,horse,-8.030104,True,other
airplane,airplane,-3.1090589,False,other
frog,frog,-8.933672,True,other
dog,dog,-8.085481,True,other
truck,truck,-9.109722,True,other
horse,horse,-6.9117947,True,other
bird,bird,-8.325365,True,other
cat,deer,-6.9187126,True,other
frog,frog,-10.20305,True,other
truck,airplane,-6.424544,True,other
frog,frog,-8.86938,True,other
bird,bird,-9.124608,True,other
bird,bird,-8.783171,True,other
deer,deer,-9.206842,True,other
automobile,automobile,-8.882763,True,other
airplane,airplane,-10.492044,True,other
dog,dog,-8.32821,True,other
airplane,airplane,-8.300165,True,other
ship,ship,-10.257776,True,other
truck,truck,-9.662661,True,other
cat,cat,-7.7100277,True,other
dog,dog,-9.977967,True,other
truck,truck,-9.782794,True,other
cat,cat,-8.696866,True,other
ship,ship,-10.480857,True,other
automobile,automobile,-10.325663,True,other
frog,frog,-9.108271,True,other
cat,cat,-8.666006,True,other
horse,horse,-9.348707,True,other
dog,dog,-8.943047,True,other
frog,frog,-10.272688,True,other
bird,bird,-9.328584,True,other
airplane,airplane,-9.769729,True,other
bird,bird,-9.761637,True,other
ship,ship,-7.968612,True,other
bird,bird,-9.3217325,True,other
ship,ship,-7.2622933,True,other
horse,horse,-9.629521,True,other
horse,horse,-9.785597,True,other
ship,ship,-9.341997,True,other
automobile,automobile,-8.603776,True,other
airplane,airplane,-11.577002,True,other
ship,ship,-7.69035,True,other
truck,truck,-8.695281,True,other
horse,horse,-9.57091,True,other
airplane,airplane,-11.355838,True,other
cat,cat,-9.974763,True,other
ship,ship,-7.472403,True,other
airplane,airplane,-10.191897,True,other
dog,dog,-8.473448,True,other
truck,truck,-10.37409,True,other
dog,dog,-8.166392,True,other
ship,ship,-8.527777,True,other
deer,deer,-8.438838,True,other
bird,bird,-8.679493,True,other
airplane,airplane,-9.285781,True,other
truck,truck,-9.215578,True,other
bird,bird,-8.137894,True,other
bird,deer,-6.4820194,True,other
deer,deer,-8.364438,True,other
deer,deer,-7.755805,True,other
truck,truck,-10.455389,True,other
bird,bird,-9.858356,True,other
bird,frog,-6.323594,True,other
bird,bird,-9.677897,True,other
dog,dog,-7.7822514,True,other
automobile,automobile,-11.484843,True,other
cat,cat,-9.559958,True,other
bird,bird,-7.257249,True,other
airplane,airplane,-11.716064,True,other
airplane,airplane,-10.298624,True,other
deer,deer,-9.846512,True,other
airplane,airplane,-11.450669,True,other
frog,frog,-10.467594,True,other
dog,dog,-6.9890623,True,other
ship,ship,-9.648546,True,other
airplane,airplane,-10.864444,True,other
dog,dog,-7.8107347,True,other
ship,ship,-9.123434,True,other
frog,frog,-10.40052,True,other
deer,deer,-9.945742,True,other
ship,ship,-10.823661,True,other
dog,dog,-10.414755,True,other
bird,bird,-9.597958,True,other
truck,truck,-9.866941,True,other
horse,horse,-9.186935,True,other
truck,truck,-9.685533,True,other
horse,horse,-8.984297,True,other
automobile,automobile,-8.960073,True,other
airplane,airplane,-5.2500625,False,other
automobile,automobile,-12.253315,True,other
truck,truck,-9.838965,True,other
frog,frog,-8.338718,True,other
truck,truck,-9.410169,True,other
bird,bird,-9.890913,True,other
horse,horse,-9.777177,True,other
truck,truck,-8.882784,True,other
deer,deer,-10.530917,True,other
deer,deer,-8.757094,True,other
airplane,airplane,-8.718284,True,other
frog,frog,-10.086288,True,other
bird,bird,-8.530329,True,other
deer,deer,-11.127556,True,other
automobile,automobile,-9.74369,True,other
cat,dog,-5.68714,False,other
horse,horse,-10.237463,True,other
bird,frog,-5.3771234,False,other
ship,ship,-10.191882,True,other
dog,dog,-9.926013,True,other
truck,truck,-9.283785,True,other
airplane,airplane,-10.237216,True,other
cat,cat,-9.027574,True,other
bird,bird,-7.895317,True,other
cat,cat,-9.777827,True,other
bird,bird,-10.26719,True,other
horse,horse,-9.37087,True,other
frog,frog,-10.426975,True,other
cat,cat,-10.17449,True,other
bird,bird,-9.5715,True,other
dog,dog,-9.877192,True,other
truck,truck,-9.720418,True,other
airplane,airplane,-9.488376,True,other
dog,dog,-8.921156,True,other
truck,truck,-5.586708,False,other
truck,truck,-9.431712,True,other
ship,ship,-8.873438,True,other
horse,horse,-7.8328724,True,other
horse,horse,-6.492069,True,other
deer,deer,-10.40424,True,other
ship,ship,-8.4871025,True,other
frog,frog,-8.104173,True,other
dog,bird,-7.2990966,True,other
bird,bird,-10.126055,True,other
cat,cat,-11.204864,True,other
automobile,automobile,-9.547194,True,other
airplane,airplane,-9.260756,True,other
deer,deer,-8.796471,True,other
automobile,automobile,-9.661833,True,other
ship,ship,-9.542116,True,other
ship,ship,-11.260682,True,other
deer,deer,-9.2225,True,other
truck,truck,-9.63839,True,other
deer,deer,-9.651831,True,other
deer,deer,-10.311806,True,other
cat,cat,-8.472677,True,other
cat,cat,-11.3143015,True,other
truck,truck,-8.278795,True,other
bird,bird,-10.178132,True,other
airplane,airplane,-10.064006,True,other
automobile,automobile,-9.565878,True,other
automobile,automobile,-9.896787,True,other
ship,ship,-10.1966095,True,other
deer,deer,-8.701181,True,other
deer,deer,-8.414495,True,other
ship,ship,-10.070559,True,other
cat,cat,-8.621946,True,other
bird,frog,-8.000101,True,other
truck,truck,-9.692394,True,other
dog,dog,-10.140226,True,other
horse,horse,-9.96197,True,other
frog,frog,-8.780549,True,other
bird,bird,-6.328235,True,other
dog,dog,-9.437349,True,other
deer,deer,-8.686493,True,other
horse,horse,-9.525834,True,other
cat,cat,-8.954246,True,other
cat,cat,-8.4491415,True,other
truck,truck,-7.3925123,True,other
airplane,airplane,-9.176145,True,other
automobile,truck,-7.4487023,True,other
dog,dog,-9.343738,True,other
truck,truck,-8.771955,True,other
cat,cat,-7.881446,True,other
horse,horse,-8.42878,True,other
frog,frog,-9.434749,True,other
airplane,airplane,-10.072656,True,other
deer,deer,-10.0650625,True,other
bird,bird,-10.489872,True,other
bird,bird,-9.572727,True,other
dog,dog,-9.696695,True,other
frog,frog,-9.725105,True,other
cat,cat,-10.614069,True,other
ship,ship,-8.485407,True,other
truck,truck,-10.216948,True,other
dog,dog,-7.6509547,True,other
frog,frog,-9.653316,True,other
automobile,automobile,-9.434569,True,other
deer,deer,-9.05933,True,other
dog,dog,-9.726713,True,other
deer,deer,-10.079316,True,other
frog,frog,-9.283704,True,other
horse,horse,-10.54466,True,other
bird,bird,-10.364151,True,other
automobile,automobile,-10.059395,True,other
airplane,airplane,-12.350369,True,other
bird,bird,-8.700774,True,other
airplane,airplane,-8.997781,True,other
deer,deer,-9.524256,True,other
truck,truck,-7.577597,True,other
ship,ship,-9.605127,True,other
ship,ship,-6.041964,True,other
truck,truck,-9.197144,True,other
automobile,automobile,-8.753408,True,other
automobile,automobile,-9.968607,True,other
dog,dog,-9.195302,True,other
airplane,airplane,-9.724196,True,other
airplane,airplane,-9.38005,True,other
ship,ship,-9.370213,True,other
horse,horse,-8.867766,True,other
automobile,truck,-2.9480467,False,other
horse,horse,-11.176692,True,other
deer,deer,-10.389174,True,other
dog,dog,-10.09665,True,other
deer,deer,-10.091939,True,other
cat,deer,-6.142594,True,other
cat,cat,-9.651671,True,other
bird,bird,-10.048809,True,other
airplane,airplane,-9.039691,True,other
frog,frog,-9.486334,True,other
frog,frog,-8.580967,True,other
airplane,airplane,-8.147183,True,other
automobile,automobile,-9.065307,True,other
cat,cat,-10.550143,True,other
truck,truck,-9.809078,True,other
ship,ship,-8.973944,True,other
cat,cat,-8.010196,True,other
horse,horse,-8.995242,True,other
ship,ship,-9.449263,True,other
truck,truck,-6.018471,True,other
deer,deer,-9.695103,True,other
ship,ship,-9.60284,True,other
truck,truck,-10.277113,True,other
airplane,airplane,-7.21107,True,other
truck,truck,-5.8644524,True,other
horse,horse,-9.944808,True,other
automobile,automobile,-9.422297,True,other
frog,frog,-11.713461,True,other
bird,bird,-9.280201,True,other
truck,truck,-9.043396,True,other
dog,dog,-7.8375707,True,other
frog,frog,-5.5578074,False,other
truck,truck,-8.822637,True,other
cat,dog,-4.0890594,False,other
truck,truck,-10.510868,True,other
ship,ship,-10.165419,True,other
horse,horse,-8.83112,True,other
horse,horse,-10.601632,True,other
automobile,automobile,-7.660385,True,other
frog,frog,-10.117651,True,other
dog,cat,-5.1583366,False,other
cat,cat,-7.528138,True,other
automobile,truck,-10.018561,True,other
cat,cat,-9.240004,True,other
automobile,automobile,-10.448924,True,other
bird,bird,-4.844323,False,other
horse,horse,-6.3574996,True,other
automobile,automobile,-10.031672,True,other
ship,ship,-9.31324,True,other
bird,bird,-8.155274,True,other
airplane,airplane,-9.946699,True,other
truck,truck,-9.8285,True,other
horse,horse,-5.266885,False,other
truck,truck,-9.450793,True,other
ship,ship,-9.335656,True,other
ship,ship,-10.008581,True,other
frog,frog,-9.482234,True,other
horse,horse,-8.542407,True,other
cat,cat,-10.100462,True,other
horse,horse,-8.907457,True,other
automobile,automobile,-8.846283,True,other
cat,cat,-6.772154,True,other
truck,truck,-10.05684,True,other
airplane,airplane,-10.878589,True,other
truck,truck,-9.249542,True,other
cat,cat,-7.7218437,True,other
frog,frog,-8.973014,True,other
horse,horse,-9.159187,True,other
bird,bird,-9.6207905,True,other
horse,dog,-8.297934,True,other
cat,cat,-7.3597403,True,other
airplane,airplane,-9.712636,True,other
dog,dog,-10.744125,True,other
truck,truck,-8.88073,True,other
horse,horse,-9.489633,True,other
dog,cat,-7.4545965,True,other
dog,dog,-9.442008,True,other
airplane,airplane,-9.3173685,True,other
frog,frog,-10.421891,True,other
dog,dog,-9.402087,True,other
automobile,automobile,-9.305084,True,other
ship,ship,-11.204874,True,other
bird,bird,-10.623451,True,other
horse,horse,-8.85547,True,other
dog,dog,-7.337227,True,other
truck,truck,-9.545844,True,other
airplane,airplane,-10.831692,True,other
airplane,airplane,-8.539034,True,other
airplane,airplane,-7.459389,True,other
ship,ship,-7.018911,True,other
ship,ship,-8.050896,True,other
horse,horse,-8.693004,True,other
cat,cat,-10.947741,True,other
horse,horse,-10.65139,True,other
ship,ship,-11.310727,True,other
truck,truck,-9.080513,True,other
cat,cat,-9.315896,True,other
horse,horse,-10.851119,True,other
truck,truck,-8.940944,True,other
horse,horse,-9.2893915,True,other
ship,ship,-8.525539,True,other
horse,horse,-9.324623,True,other
truck,truck,-9.303268,True,other
ship,ship,-3.8201478,False,other
dog,dog,-6.026543,True,other
deer,deer,-9.017027,True,other
ship,ship,-6.8094773,True,other
cat,cat,-5.596519,False,other
horse,horse,-9.361479,True,other
frog,frog,-6.582625,True,other
cat,cat,-11.26084,True,other
ship,ship,-9.716081,True,other
bird,bird,-8.69301,True,other
automobile,automobile,-8.493593,True,other
truck,truck,-9.35804,True,other
dog,dog,-7.951455,True,other
horse,horse,-9.020062,True,other
cat,cat,-8.579349,True,other
truck,truck,-8.933277,True,other
dog,dog,-10.597278,True,other
dog,dog,-10.561386,True,other
ship,ship,-8.711,True,other
horse,horse,-9.561552,True,other
cat,cat,-9.68498,True,other
dog,dog,-9.766646,True,other
cat,cat,-9.259805,True,other
dog,dog,-7.908293,True,other
truck,truck,-9.137987,True,other
horse,horse,-7.744739,True,other
frog,frog,-9.551389,True,other
horse,horse,-8.260058,True,other
cat,cat,-7.2312446,True,other
frog,frog,-11.414545,True,other
deer,deer,-9.138143,True,other
cat,cat,-10.055944,True,other
truck,truck,-9.503039,True,other
deer,deer,-10.633385,True,other
bird,bird,-9.868366,True,other
automobile,automobile,-8.760969,True,other
truck,truck,-9.771613,True,other
frog,frog,-8.213335,True,other
airplane,airplane,-9.451468,True,other
bird,bird,-8.4599285,True,other
frog,frog,-8.815965,True,other
horse,horse,-5.5580645,False,other
deer,deer,-10.550877,True,other
horse,horse,-10.554715,True,other
truck,truck,-8.4246235,True,other
airplane,airplane,-8.3524275,True,other
horse,horse,-10.278083,True,other
deer,deer,-8.070932,True,other
cat,dog,-10.8635,True,other
dog,dog,-9.017215,True,other
cat,cat,-8.42932,True,other
automobile,automobile,-9.117087,True,other
automobile,automobile,-8.956039,True,other
bird,bird,-9.304112,True,other
frog,frog,-8.537819,True,other
ship,ship,-9.338067,True,other
bird,bird,-7.4606686,True,other
automobile,automobile,-9.356224,True,other
horse,horse,-7.3186717,True,other
ship,ship,-8.75778,True,other
dog,dog,-9.241753,True,other
truck,truck,-8.849708,True,other
frog,frog,-9.610691,True,other
automobile,automobile,-8.328915,True,other
automobile,automobile,-8.242818,True,other
dog,dog,-6.9867063,True,other
airplane,airplane,-11.581936,True,other
frog,frog,-8.651634,True,other
airplane,airplane,-10.61458,True,other
truck,truck,-10.764984,True,other
bird,bird,-9.209347,True,other
frog,frog,-9.737742,True,other
dog,dog,-7.2998614,True,other
ship,ship,-9.711059,True,other
truck,truck,-8.32788,True,other
dog,dog,-8.984363,True,other
dog,dog,-11.143952,True,other
frog,frog,-11.949547,True,other
bird,bird,-8.248222,True,other
truck,truck,-9.083563,True,other
automobile,automobile,-8.8067,True,other
dog,dog,-6.1512938,True,other
ship,automobile,-5.2024207,False,other
ship,ship,-8.521596,True,other
horse,horse,-9.0585375,True,other
automobile,automobile,-9.837945,True,other
horse,horse,-8.572388,True,other
cat,deer,-5.322647,False,other
dog,dog,-6.5985894,True,other
deer,deer,-9.21099,True,other
truck,truck,-8.841448,True,other
horse,horse,-9.659255,True,other
dog,cat,-7.285918,True,other
bird,bird,-9.307102,True,other
truck,truck,-10.116067,True,other
truck,truck,-10.444211,True,other
deer,deer,-8.560165,True,other
horse,horse,-7.229776,True,other
deer,bird,-7.316874,True,other
automobile,automobile,-10.182519,True,other
cat,cat,-8.918061,True,other
ship,ship,-9.221712,True,other
horse,horse,-9.544454,True,other
truck,truck,-11.243973,True,other
airplane,airplane,-10.131998,True,other
deer,deer,-8.271511,True,other
dog,dog,-9.08561,True,other
horse,horse,-9.071032,True,other
dog,dog,-8.834939,True,other
bird,bird,-11.390315,True,other
ship,ship,-11.583742,True,other
horse,horse,-10.946008,True,other
frog,frog,-9.845358,True,other
truck,truck,-10.223167,True,other
frog,frog,-9.202957,True,other
truck,truck,-9.474265,True,other
cat,cat,-9.755486,True,other
ship,ship,-9.433487,True,other
dog,dog,-9.023301,True,other
frog,frog,-10.21097,True,other
frog,frog,-9.254301,True,other
truck,truck,-10.720255,True,other
dog,dog,-8.6722975,True,other
horse,horse,-10.359592,True,other
ship,ship,-11.070332,True,other
airplane,airplane,-9.899604,True,other
dog,cat,-7.790156,True,other
airplane,airplane,-7.7047358,True,other
horse,horse,-9.752273,True,other
deer,deer,-9.640421,True,other
ship,ship,-10.458507,True,other
bird,bird,-5.3188987,False,other
dog,dog,-9.6497965,True,other
automobile,automobile,-9.377054,True,other
cat,cat,-7.4808526,True,other
bird,bird,-9.601939,True,other
bird,bird,-9.60867,True,other
frog,frog,-9.5907,True,other
bird,bird,-9.531983,True,other
automobile,automobile,-9.226965,True,other
horse,horse,-6.98608,True,other
deer,deer,-6.3973,True,other
frog,frog,-5.5890255,False,other
cat,dog,-9.170338,True,other
automobile,automobile,-10.063288,True,other
cat,cat,-6.619896,True,other
horse,horse,-4.322349,False,other
bird,bird,-7.741425,True,other
automobile,automobile,-8.586283,True,other
cat,cat,-8.797065,True,other
horse,horse,-8.271363,True,other
airplane,airplane,-8.083014,True,other
ship,ship,-10.821379,True,other
deer,deer,-7.81568,True,other
deer,deer,-9.212156,True,other
dog,dog,-7.7471914,True,other
horse,horse,-9.291455,True,other
truck,truck,-10.109838,True,other
dog,dog,-8.530319,True,other
deer,deer,-10.168585,True,other
cat,cat,-9.394088,True,other
truck,truck,-9.939685,True,other
frog,frog,-10.307812,True,other
ship,ship,-9.380698,True,other
bird,bird,-5.566879,False,other
cat,cat,-9.614517,True,other
cat,cat,-8.648568,True,other
automobile,automobile,-10.831737,True,other
frog,frog,-9.907755,True,other
automobile,automobile,-9.861784,True,other
horse,horse,-8.580069,True,other
airplane,airplane,-8.232827,True,other
cat,cat,-10.071523,True,other
deer,deer,-10.358679,True,other
bird,bird,-7.8441734,True,other
truck,truck,-9.745552,True,other
deer,deer,-10.990268,True,other
dog,horse,-4.2587895,False,other
ship,ship,-9.682455,True,other
bird,bird,-3.3686764,False,other
horse,horse,-8.021771,True,other
airplane,airplane,-9.487655,True,other
truck,truck,-9.403163,True,other
frog,frog,-7.7354503,True,other
ship,ship,-9.819156,True,other
airplane,airplane,-8.209932,True,other
ship,ship,-9.437433,True,other
bird,bird,-9.603977,True,other
ship,ship,-9.62684,True,other
dog,dog,-9.151528,True,other
horse,horse,-9.15935,True,other
horse,horse,-9.733395,True,other
bird,bird,-8.03974,True,other
bird,bird,-11.696077,True,other
airplane,airplane,-11.288745,True,other
airplane,airplane,-7.7141466,True,other
airplane,airplane,-8.991057,True,other
horse,deer,-5.8026433,True,other
deer,deer,-9.108369,True,other
automobile,automobile,-8.60326,True,other
frog,frog,-9.460048,True,other
frog,frog,-9.978376,True,other
ship,ship,-5.3526297,False,other
ship,ship,-7.1332645,True,other
truck,truck,-5.2482634,False,other
airplane,airplane,-9.997565,True,other
truck,truck,-9.992926,True,other
airplane,airplane,-8.536998,True,other
automobile,automobile,-10.013321,True,other
cat,cat,-6.1307693,True,other
cat,cat,-9.227699,True,other
airplane,airplane,-9.579207,True,other
truck,truck,-10.091869,True,other
frog,airplane,-2.9682622,False,other
frog,frog,-9.653769,True,other
bird,frog,-3.5253334,False,other
frog,frog,-9.499027,True,other
cat,cat,-9.441255,True,other
deer,deer,-7.4421535,True,other
airplane,ship,-6.623916,True,other
ship,ship,-9.102874,True,other
deer,deer,-8.534189,True,other
automobile,automobile,-10.886397,True,other
deer,deer,-8.906782,True,other
airplane,airplane,-8.727122,True,other
frog,frog,-7.5264874,True,other
dog,dog,-6.897745,True,other
airplane,airplane,-11.53246,True,other
truck,truck,-8.887814,True,other
truck,truck,-8.401771,True,other
truck,automobile,-9.999407,True,other
truck,truck,-8.931662,True,other
automobile,automobile,-8.657368,True,other
bird,bird,-8.013685,True,other
cat,cat,-7.1162906,True,other
dog,dog,-9.310351,True,other
deer,deer,-9.680716,True,other
bird,bird,-10.535606,True,other
truck,truck,-11.051199,True,other
frog,frog,-8.669705,True,other
airplane,airplane,-5.2688437,False,other
truck,truck,-6.1180906,True,other
frog,frog,-9.818213,True,other
frog,frog,-9.484869,True,other
ship,ship,-10.43813,True,other
airplane,airplane,-12.502895,True,other
frog,frog,-8.714123,True,other
automobile,truck,-6.1181335,True,other
deer,deer,-7.87523,True,other
frog,frog,-8.881435,True,other
ship,ship,-8.240572,True,other
airplane,airplane,-9.645095,True,other
dog,dog,-10.159267,True,other
deer,deer,-11.204385,True,other
automobile,automobile,-6.5639105,True,other
bird,bird,-10.142086,True,other
airplane,airplane,-8.966888,True,other
truck,truck,-9.545122,True,other
frog,frog,-9.30365,True,other
deer,deer,-9.191461,True,other
bird,bird,-9.801973,True,other
deer,deer,-10.261083,True,other
frog,frog,-8.81639,True,other
dog,dog,-6.8298287,True,other
truck,truck,-9.995361,True,other
horse,horse,-8.045339,True,other
horse,horse,-9.54159,True,other
deer,deer,-6.6417494,True,other
frog,frog,-10.863327,True,other
dog,dog,-8.942419,True,other
airplane,airplane,-10.897327,True,other
automobile,automobile,-7.160912,True,other
truck,truck,-7.7446966,True,other
airplane,airplane,-8.937058,True,other
cat,cat,-10.931958,True,other
automobile,automobile,-4.532193,False,other
truck,truck,-9.038073,True,other
airplane,airplane,-9.586354,True,other
truck,truck,-10.200427,True,other
horse,horse,-10.5409155,True,other
ship,ship,-8.129543,True,other
frog,horse,-6.36243,True,other
horse,horse,-9.442953,True,other
frog,frog,-9.372375,True,other
ship,ship,-11.345599,True,other
bird,bird,-7.5178385,True,other
deer,deer,-9.103471,True,other
dog,dog,-9.687003,True,other
cat,cat,-10.475357,True,other
airplane,airplane,-10.442069,True,other
cat,cat,-8.64192,True,other
bird,bird,-7.616507,True,other
automobile,automobile,-9.908849,True,other
horse,horse,-9.484568,True,other
dog,dog,-11.677304,True,other
truck,truck,-10.911531,True,other
cat,cat,-9.408116,True,other
deer,deer,-7.9531026,True,other
dog,dog,-8.399649,True,other
horse,dog,-6.1521487,True,other
automobile,automobile,-9.469953,True,other
dog,dog,-9.598176,True,other
airplane,airplane,-7.1257977,True,other
automobile,automobile,-8.560097,True,other
automobile,automobile,-10.412788,True,other
automobile,automobile,-6.2545867,True,other
truck,truck,-10.979416,True,other
horse,horse,-7.2664886,True,other
dog,dog,-10.135623,True,other
deer,deer,-10.061394,True,other
truck,truck,-8.057149,True,other
horse,horse,-8.164295,True,other
ship,ship,-10.116204,True,other
automobile,automobile,-9.351007,True,other
airplane,airplane,-9.689263,True,other
bird,bird,-10.298302,True,other
ship,ship,-10.080614,True,other
dog,dog,-11.629663,True,other
frog,frog,-9.742081,True,other
horse,horse,-8.223181,True,other
airplane,airplane,-6.44348,True,other
automobile,automobile,-7.5097723,True,other
deer,deer,-8.771581,True,other
ship,ship,-10.288921,True,other
deer,deer,-9.169653,True,other
deer,deer,-9.530407,True,other
frog,frog,-9.586847,True,other
frog,frog,-9.674802,True,other
dog,dog,-8.096403,True,other
ship,ship,-8.353695,True,other
automobile,automobile,-9.774309,True,other
ship,ship,-11.843576,True,other
deer,deer,-9.760609,True,other
frog,frog,-9.493977,True,other
dog,dog,-9.315089,True,other
truck,truck,-9.715491,True,other
bird,bird,-9.447631,True,other
bird,bird,-9.978071,True,other
automobile,automobile,-10.009018,True,other
deer,deer,-9.19744,True,other
truck,truck,-9.683142,True,other
automobile,automobile,-10.252217,True,other
frog,frog,-10.567081,True,other
horse,horse,-8.496938,True,other
bird,bird,-7.964654,True,other
airplane,cat,-7.0765085,True,other
automobile,automobile,-9.888144,True,other
horse,horse,-7.538744,True,other
frog,frog,-9.351506,True,other
dog,dog,-7.7587037,True,other
bird,bird,-9.908248,True,other
bird,bird,-9.564132,True,other
dog,dog,-9.16882,True,other
frog,frog,-4.910908,False,other
airplane,airplane,-8.225017,True,other
truck,truck,-6.4293213,True,other
airplane,airplane,-7.3414407,True,other
automobile,automobile,-9.775791,True,other
dog,dog,-10.105775,True,other
cat,cat,-10.073703,True,other
cat,cat,-10.043245,True,other
dog,dog,-8.272187,True,other
ship,ship,-10.952307,True,other
horse,horse,-9.7315645,True,other
dog,dog,-10.352515,True,other
frog,frog,-7.315547,True,other
dog,dog,-8.955139,True,other
ship,ship,-9.386508,True,other
airplane,airplane,-10.14127,True,other
dog,dog,-12.261252,True,other
truck,truck,-9.631851,True,other
deer,deer,-9.507767,True,other
frog,frog,-8.153583,True,other
dog,dog,-10.778991,True,other
automobile,automobile,-8.4909725,True,other
automobile,automobile,-8.947442,True,other
airplane,airplane,-9.539369,True,other
cat,dog,-8.010748,True,other
cat,cat,-10.439531,True,other
truck,truck,-9.652639,True,other
deer,deer,-9.404003,True,other
ship,ship,-8.566321,True,other
automobile,automobile,-8.600587,True,other
horse,horse,-9.163473,True,other
horse,horse,-9.459316,True,other
truck,truck,-8.564589,True,other
truck,truck,-10.094608,True,other
deer,deer,-8.797477,True,other
cat,cat,-7.1645813,True,other
frog,frog,-9.038069,True,other
cat,cat,-10.464986,True,other
bird,bird,-9.202448,True,other
ship,ship,-7.706923,True,other
bird,bird,-7.698324,True,other
horse,horse,-9.811197,True,other
frog,frog,-10.385666,True,other
horse,horse,-9.813053,True,other
airplane,airplane,-10.305221,True,other
bird,bird,-8.633913,True,other
automobile,automobile,-6.684162,True,other
bird,bird,-9.812656,True,other
truck,truck,-9.29948,True,other
deer,deer,-8.950853,True,other
frog,frog,-9.127501,True,other
truck,truck,-6.1495004,True,other
frog,frog,-8.891858,True,other
automobile,automobile,-10.653752,True,other
airplane,airplane,-9.469817,True,other
automobile,automobile,-10.087955,True,other
ship,ship,-8.055303,True,other
horse,horse,-9.359008,True,other
airplane,airplane,-6.4277344,True,other
airplane,airplane,-11.014058,True,other
deer,deer,-7.6872454,True,other
horse,horse,-9.355477,True,other
deer,deer,-8.181557,True,other
bird,cat,-8.002479,True,other
frog,frog,-8.740991,True,other
truck,truck,-9.74461,True,other
dog,dog,-7.8913236,True,other
truck,truck,-8.876457,True,other
airplane,airplane,-8.254883,True,other
horse,horse,-8.958615,True,other
deer,deer,-9.72005,True,other
dog,dog,-8.45873,True,other
ship,ship,-10.562754,True,other
automobile,automobile,-8.7947,True,other
deer,deer,-10.0165,True,other
horse,horse,-9.093148,True,other
truck,truck,-9.762993,True,other
truck,truck,-7.8249097,True,other
ship,ship,-10.747189,True,other
ship,ship,-9.27887,True,other
frog,frog,-10.226561,True,other
cat,cat,-9.235501,True,other
horse,horse,-8.520641,True,other
airplane,airplane,-9.099463,True,other
ship,ship,-9.622357,True,other
truck,truck,-9.747196,True,other
frog,frog,-9.494093,True,other
bird,bird,-9.026349,True,other
deer,deer,-7.6237774,True,other
frog,frog,-9.229755,True,other
bird,bird,-10.154966,True,other
truck,truck,-8.599618,True,other
horse,horse,-9.466737,True,other
deer,deer,-9.1381235,True,other
frog,frog,-10.441148,True,other
ship,ship,-9.779234,True,other
dog,dog,-12.154134,True,other
frog,frog,-10.404756,True,other
automobile,automobile,-10.357304,True,other
cat,cat,-8.376283,True,other
dog,dog,-6.963127,True,other
truck,truck,-10.58848,True,other
truck,truck,-9.760923,True,other
automobile,automobile,-9.087691,True,other
cat,cat,-9.741869,True,other
bird,bird,-5.8390656,True,other
airplane,airplane,-10.231057,True,other
cat,cat,-8.959264,True,other
airplane,airplane,-10.76954,True,other
bird,bird,-8.578577,True,other
airplane,airplane,-9.714698,True,other
horse,horse,-8.542545,True,other
cat,cat,-4.9999986,False,other
truck,truck,-9.056537,True,other
cat,cat,-9.257112,True,other
dog,dog,-8.337188,True,other
horse,horse,-7.506245,True,other
frog,frog,-6.5071726,True,other
dog,dog,-10.221569,True,other
truck,truck,-8.462101,True,other
dog,dog,-9.0666685,True,other
frog,frog,-10.806733,True,other
automobile,automobile,-9.744255,True,other
bird,bird,-9.777199,True,other
deer,deer,-9.279427,True,other
airplane,airplane,-8.883442,True,other
bird,bird,-10.485758,True,other
horse,horse,-10.273873,True,other
ship,ship,-10.4032955,True,other
deer,deer,-9.217594,True,other
deer,deer,-9.739188,True,other
airplane,airplane,-8.1006975,True,other
truck,truck,-9.07579,True,other
dog,dog,-9.584984,True,other
truck,truck,-10.011043,True,other
bird,cat,-5.920733,True,other
truck,truck,-10.459054,True,other
cat,cat,-8.522208,True,other
bird,bird,-10.307807,True,other
deer,deer,-8.54308,True,other
cat,cat,-10.170696,True,other
bird,bird,-9.8062,True,other
bird,bird,-8.928776,True,other
ship,ship,-8.174322,True,other
ship,ship,-10.828018,True,other
frog,frog,-6.6836305,True,other
ship,ship,-6.6578693,True,other
automobile,automobile,-9.867994,True,other
frog,frog,-9.01868,True,other
ship,ship,-11.271313,True,other
truck,truck,-6.702245,True,other
ship,ship,-10.859139,True,other
bird,bird,-4.4992886,False,other
automobile,automobile,-7.5998,True,other
deer,deer,-10.105951,True,other
truck,truck,-9.571699,True,other
automobile,automobile,-8.277195,True,other
dog,dog,-9.795171,True,other
horse,horse,-10.470788,True,other
automobile,automobile,-9.163854,True,other
frog,frog,-7.857426,True,other
airplane,airplane,-10.611109,True,other
automobile,automobile,-10.400518,True,other
dog,dog,-8.617221,True,other
bird,bird,-11.54673,True,other
ship,ship,-9.7685795,True,other
automobile,automobile,-9.986574,True,other
automobile,automobile,-11.960107,True,other
cat,cat,-7.9608145,True,other
ship,ship,-8.878436,True,other
automobile,automobile,-8.882746,True,other
cat,ship,-7.776846,True,other
automobile,automobile,-9.441342,True,other
ship,ship,-10.538427,True,other
dog,dog,-8.670707,True,other
automobile,automobile,-9.04406,True,other
truck,truck,-8.587815,True,other
airplane,airplane,-9.128312,True,other
cat,dog,-10.14096,True,other
airplane,airplane,-6.382907,True,other
deer,deer,-10.834671,True,other
airplane,airplane,-9.589983,True,other
dog,dog,-10.000389,True,other
automobile,automobile,-9.2981205,True,other
bird,bird,-7.0825887,True,other
airplane,airplane,-8.745426,True,other
deer,deer,-9.864666,True,other
truck,truck,-9.648341,True,other
dog,dog,-10.69205,True,other
automobile,automobile,-9.805649,True,other
bird,bird,-8.118618,True,other
bird,bird,-5.884403,True,other
horse,horse,-8.420652,True,other
ship,ship,-9.248571,True,other
horse,horse,-9.499999,True,other
bird,bird,-10.668532,True,other
deer,deer,-9.935865,True,other
dog,dog,-8.93865,True,other
cat,cat,-7.0972,True,other
deer,horse,-7.707526,True,other
airplane,airplane,-9.30488,True,other
frog,frog,-7.361027,True,other
automobile,automobile,-9.809783,True,other
dog,dog,-8.464466,True,other
truck,truck,-8.500498,True,other
ship,ship,-9.034576,True,other
airplane,airplane,-9.235267,True,other
bird,bird,-8.95981,True,other
airplane,airplane,-9.748012,True,other
horse,horse,-7.391637,True,other
frog,frog,-9.610544,True,other
airplane,airplane,-11.26212,True,other
dog,frog,-9.374861,True,other
truck,truck,-9.701229,True,other
horse,horse,-7.8034263,True,other
dog,dog,-9.344412,True,other
airplane,airplane,-6.0695047,True,other
deer,deer,-11.146666,True,other
frog,frog,-11.272934,True,other
airplane,airplane,-9.707328,True,other
frog,frog,-10.210746,True,other
cat,dog,-4.836815,False,other
frog,frog,-10.304013,True,other
ship,ship,-8.528293,True,other
automobile,automobile,-9.857298,True,other
automobile,automobile,-3.468545,False,other
ship,ship,-8.055769,True,other
truck,truck,-9.408981,True,other
horse,horse,-8.858748,True,other
bird,bird,-8.820647,True,other
truck,truck,-9.598448,True,other
airplane,airplane,-6.4379883,True,other
bird,bird,-7.326681,True,other
bird,bird,-10.889013,True,other
truck,truck,-9.339661,True,other
airplane,airplane,-10.49406,True,other
frog,frog,-5.127624,False,other
dog,dog,-10.272933,True,other
horse,horse,-6.5731177,True,other
horse,horse,-6.6479964,True,other
truck,truck,-9.819731,True,other
automobile,automobile,-8.735728,True,other
horse,horse,-8.526428,True,other
truck,truck,-8.423976,True,other
ship,ship,-9.209972,True,other
deer,deer,-10.296522,True,other
dog,dog,-11.179786,True,other
airplane,airplane,-10.419921,True,other
ship,ship,-9.186463,True,other
airplane,airplane,-8.992888,True,other
bird,bird,-7.5575457,True,other
dog,dog,-7.4095726,True,other
bird,bird,-6.8399243,True,other
automobile,automobile,-6.4942627,True,other
deer,deer,-8.921685,True,other
deer,deer,-9.456395,True,other
ship,ship,-9.434999,True,other
truck,truck,-9.467001,True,other
horse,horse,-8.606126,True,other
ship,ship,-8.024191,True,other
cat,cat,-3.8709326,False,other
frog,frog,-9.635422,True,other
frog,frog,-8.036074,True,other
airplane,airplane,-8.9337,True,other
automobile,automobile,-9.050655,True,other
automobile,automobile,-9.522589,True,other
automobile,automobile,-11.022277,True,other
ship,ship,-9.449897,True,other
automobile,automobile,-10.317772,True,other
deer,deer,-8.054929,True,other
deer,deer,-9.807505,True,other
airplane,airplane,-8.01757,True,other
horse,horse,-10.006126,True,other
ship,ship,-8.704505,True,other
bird,bird,-9.992535,True,other
automobile,automobile,-8.455771,True,other
bird,bird,-9.268053,True,other
dog,dog,-7.1010528,True,other
deer,deer,-7.567088,True,other
frog,frog,-9.687046,True,other
airplane,airplane,-9.59014,True,other
dog,dog,-12.162147,True,other
horse,horse,-6.1473265,True,other
deer,deer,-9.4341545,True,other
deer,deer,-9.223007,True,other
cat,cat,-10.000575,True,other
truck,truck,-9.430851,True,other
dog,dog,-7.866912,True,other
ship,ship,-10.023037,True,other
ship,ship,-8.126015,True,other
airplane,airplane,-9.0942955,True,other
ship,ship,-8.162704,True,other
horse,horse,-10.200118,True,other
deer,deer,-8.20987,True,other
automobile,automobile,-9.899147,True,other
ship,ship,-9.631249,True,other
deer,deer,-10.044846,True,other
truck,truck,-9.339682,True,other
dog,dog,-8.638277,True,other
deer,deer,-5.198941,False,other
automobile,automobile,-8.866087,True,other
horse,horse,-9.741547,True,other
horse,horse,-9.446397,True,other
horse,horse,-8.753184,True,other
horse,horse,-9.483915,True,other
airplane,airplane,-9.264587,True,other
cat,cat,-8.403033,True,other
ship,ship,-10.946656,True,other
cat,cat,-8.37946,True,other
cat,cat,-10.008833,True,other
airplane,airplane,-10.959077,True,other
dog,dog,-10.73036,True,other
horse,deer,-7.1359577,True,other
airplane,airplane,-9.2353525,True,other
ship,ship,-8.798736,True,other
airplane,airplane,-9.618783,True,other
airplane,airplane,-7.957849,True,other
truck,truck,-10.620836,True,other
bird,bird,-5.9807615,True,other
bird,bird,-5.705615,False,other
cat,cat,-10.482478,True,other
deer,deer,-9.039519,True,other
ship,ship,-12.936886,True,other
bird,bird,-10.494768,True,other
bird,bird,-8.08929,True,other
frog,frog,-9.250062,True,other
cat,cat,-7.4912186,True,other
cat,cat,-10.928163,True,other
frog,frog,-7.560227,True,other
bird,bird,-10.206539,True,other
truck,truck,-10.162605,True,other
deer,deer,-8.224249,True,other
airplane,airplane,-9.852157,True,other
automobile,automobile,-9.029879,True,other
horse,horse,-9.612307,True,other
dog,dog,-9.979308,True,other
dog,dog,-9.760505,True,other
horse,horse,-9.234835,True,other
cat,cat,-9.647711,True,other
airplane,airplane,-11.65999,True,other
deer,deer,-7.888458,True,other
bird,bird,-8.135952,True,other
airplane,airplane,-10.127209,True,other
horse,horse,-9.187905,True,other
dog,dog,-9.741634,True,other
ship,ship,-8.872189,True,other
airplane,airplane,-9.903314,True,other
ship,ship,-9.801447,True,other
bird,deer,-8.736483,True,other
horse,horse,-10.270814,True,other
airplane,airplane,-10.665851,True,other
cat,cat,-10.731442,True,other
dog,dog,-9.800222,True,other
cat,cat,-10.422437,True,other
ship,ship,-6.607682,True,other
cat,cat,-7.200465,True,other
dog,dog,-8.7451725,True,other
automobile,automobile,-8.852826,True,other
horse,horse,-9.905274,True,other
camel,horse,-4.1850023,False,near
wolf,cat,-7.4302073,True,near
pickup_truck,truck,-8.840324,True,near
pickup_truck,truck,-6.579908,True,near
leopard,cat,-6.4364896,True,near
camel,deer,-5.2145143,False,near
tractor,truck,-5.850424,True,near
bus,truck,-10.240515,True,near
pickup_truck,automobile,-7.5257936,True,near
pickup_truck,truck,-8.748129,True,near
pickup_truck,truck,-8.819562,True,near
bus,truck,-9.688547,True,near
pickup_truck,automobile,-7.394284,True,near
wolf,cat,-10.086546,True,near
tractor,ship,-7.9695773,True,near
fox,horse,-4.9071155,False,near
wolf,cat,-8.71808,True,near
pickup_truck,truck,-5.413019,False,near
leopard,frog,-7.5386586,True,near
tractor,truck,-6.7261777,True,near
leopard,frog,-7.768329,True,near
tractor,truck,-7.9533434,True,near
leopard,frog,-6.48227,True,near
tractor,automobile,-8.51837,True,near
leopard,cat,-6.109728,True,near
camel,bird,-6.074246,True,near
tractor,truck,-6.4423437,True,near
fox,dog,-7.392264,True,near
fox,cat,-10.592326,True,near
pickup_truck,automobile,-10.578136,True,near
motorcycle,automobile,-4.930831,False,near
tractor,frog,-2.4824986,False,near
tractor,truck,-4.506799,False,near
leopard,frog,-5.185966,False,near
pickup_truck,automobile,-9.449979,True,near
wolf,cat,-6.5300784,True,near
leopard,cat,-4.6405497,False,near
tractor,deer,-3.7510931,False,near
pickup_truck,truck,-5.763753,True,near
camel,deer,-5.431072,False,near
leopard,cat,-8.919475,True,near
pickup_truck,automobile,-6.941468,True,near
motorcycle,frog,-5.41102,False,near
bus,automobile,-6.892235,True,near
motorcycle,airplane,-5.6779666,False,near
wolf,cat,-8.040967,True,near
camel,dog,-5.3813934,False,near
tractor,truck,-6.785165,True,near
wolf,deer,-4.6325016,False,near
fox,deer,-5.7888527,True,near
wolf,dog,-5.3007145,False,near
leopard,frog,-3.2746608,False,near
wolf,dog,-7.220812,True,near
camel,deer,-6.9331865,True,near
wolf,dog,-10.156821,True,near
camel,cat,-6.7185187,True,near
motorcycle,dog,-5.637818,False,near
bus,truck,-10.272985,True,near
camel,airplane,-7.899836,True,near
motorcycle,truck,-4.3398676,False,near
pickup_truck,truck,-9.678991,True,near
pickup_truck,automobile,-9.3911085,True,near
wolf,dog,-10.017752,True,near
camel,bird,-8.3331785,True,near
bus,truck,-5.9330926,True,near
wolf,cat,-8.846347,True,near
camel,frog,-3.5057926,False,near
camel,horse,-7.245158,True,near
camel,dog,-6.9589443,True,near
tractor,truck,-10.170559,True,near
motorcycle,automobile,-2.9772902,False,near
wolf,dog,-7.1377497,True,near
leopard,frog,-4.922799,False,near
leopard,frog,-6.388409,True,near
bus,truck,-9.160149,True,near
fox,dog,-10.521757,True,near
fox,dog,-6.0639157,True,near
camel,horse,-5.4716306,False,near
tractor,truck,-5.557497,False,near
motorcycle,truck,-8.26672,True,near
wolf,dog,-6.4504447,True,near
bus,truck,-9.367643,True,near
camel,horse,-7.9686565,True,near
tractor,truck,-7.661783,True,near
leopard,frog,-5.911185,True,near
camel,dog,-5.4677835,False,near
motorcycle,cat,-3.728506,False,near
fox,deer,-6.409975,True,near
bus,truck,-5.232561,False,near
pickup_truck,automobile,-7.827728,True,near
pickup_truck,truck,-6.1555552,True,near
tractor,cat,-6.9056945,True,near
camel,deer,-4.831828,False,near
pickup_truck,automobile,-8.7142105,True,near
motorcycle,automobile,-7.520788,True,near
fox,dog,-7.7511344,True,near
tractor,truck,-9.0907135,True,near
tractor,truck,-4.954012,False,near
bus,truck,-10.06428,True,near
fox,dog,-6.492943,True,near
motorcycle,automobile,-5.1506963,False,near
leopard,frog,-4.8694167,False,near
pickup_truck,automobile,-9.269033,True,near
leopard,dog,-7.5059204,True,near
wolf,cat,-8.871806,True,near
fox,cat,-6.204577,True,near
motorcycle,cat,-3.8327427,False,near
camel,bird,-6.2303667,True,near
fox,deer,-6.9364758,True,near
bus,automobile,-8.450427,True,near
fox,dog,-8.585372,True,near
bus,truck,-9.154415,True,near
motorcycle,automobile,-6.9836426,True,near
motorcycle,truck,-6.9112825,True,near
bus,truck,-10.499639,True,near
bus,truck,-8.953468,True,near
pickup_truck,automobile,-8.137604,True,near
fox,cat,-5.795119,True,near
camel,horse,-5.681279,False,near
wolf,dog,-9.755245,True,near
pickup_truck,automobile,-9.493492,True,near
leopard,frog,-4.955575,False,near
camel,deer,-9.265085,True,near
camel,airplane,-5.4263797,False,near
camel,dog,-7.4695954,True,near
leopard,cat,-6.0202374,True,near
bus,horse,-3.9402056,False,near
leopard,bird,-4.903392,False,near
fox,deer,-7.033276,True,near
bus,truck,-10.302349,True,near
motorcycle,frog,-4.6801643,False,near
camel,dog,-5.1512165,False,near
fox,deer,-8.461625,True,near
wolf,cat,-9.674277,True,near
tractor,truck,-6.0823984,True,near
leopard,cat,-7.914126,True,near
fox,cat,-6.6951494,True,near
fox,deer,-6.205005,True,near
motorcycle,ship,-4.1946244,False,near
motorcycle,airplane,-3.2760844,False,near
leopard,deer,-7.8630285,True,near
tractor,truck,-6.6308107,True,near
tractor,truck,-4.520954,False,near
camel,dog,-8.288616,True,near
bus,truck,-4.9611545,False,near
pickup_truck,truck,-8.551481,True,near
wolf,cat,-6.730669,True,near
tractor,truck,-7.671487,True,near
bus,automobile,-10.023899,True,near
leopard,frog,-9.4958725,True,near
pickup_truck,truck,-7.547272,True,near
bus,truck,-5.805694,True,near
tractor,truck,-9.048534,True,near
motorcycle,airplane,-6.928222,True,near
camel,dog,-6.1190596,True,near
wolf,dog,-7.614009,True,near
motorcycle,truck,-5.1431293,False,near
motorcycle,airplane,-4.5639358,False,near
motorcycle,automobile,-6.684199,True,near
pickup_truck,automobile,-9.007558,True,near
tractor,ship,-3.767806,False,near
wolf,bird,-7.946211,True,near
tractor,truck,-9.475788,True,near
fox,frog,-5.0377984,False,near
tractor,truck,-10.574158,True,near
camel,horse,-8.95613,True,near
motorcycle,automobile,-5.2549686,False,near
tractor,airplane,-5.8527083,True,near
bus,automobile,-9.356224,True,near
leopard,cat,-5.6531944,False,near
wolf,dog,-9.504342,True,near
motorcycle,truck,-4.891942,False,near
camel,horse,-7.468621,True,near
camel,horse,-5.497649,False,near
pickup_truck,automobile,-8.864873,True,near
fox,deer,-5.3569403,False,near
wolf,horse,-8.177633,True,near
wolf,dog,-6.5674996,True,near
fox,deer,-7.4418244,True,near
fox,deer,-6.9830637,True,near
pickup_truck,automobile,-8.586785,True,near
camel,deer,-6.888016,True,near
pickup_truck,automobile,-7.6984143,True,near
fox,cat,-9.508101,True,near
bus,truck,-8.051958,True,near
tractor,ship,-6.034858,True,near
fox,deer,-7.4547205,True,near
fox,deer,-10.692024,True,near
pickup_truck,truck,-6.967144,True,near
tractor,truck,-4.4846687,False,near
leopard,cat,-6.9859433,True,near
bus,truck,-10.03886,True,near
pickup_truck,automobile,-9.296671,True,near
wolf,cat,-8.459856,True,near
tractor,truck,-10.4037895,True,near
leopard,frog,-6.1485305,True,near
bus,truck,-10.890575,True,near
tractor,truck,-5.944268,True,near
leopard,cat,-8.706431,True,near
bus,automobile,-6.6794677,True,near
camel,horse,-6.0889096,True,near
bus,truck,-10.411854,True,near
fox,cat,-6.1353426,True,near
camel,frog,-3.8925924,False,near
wolf,deer,-8.004277,True,near
fox,cat,-5.112268,False,near
bus,truck,-10.59163,True,near
camel,horse,-7.4136505,True,near
wolf,dog,-4.4194245,False,near
wolf,cat,-9.093351,True,near
bus,truck,-10.9762535,True,near
tractor,truck,-4.0370035,False,near
pickup_truck,automobile,-9.4155245,True,near
fox,dog,-7.0675864,True,near
tractor,frog,-4.8318124,False,near
wolf,cat,-8.046716,True,near
camel,dog,-9.562662,True,near
camel,deer,-5.5035844,False,near
tractor,truck,-8.779436,True,near
wolf,dog,-7.453158,True,near
tractor,ship,-6.7533417,True,near
leopard,cat,-3.9219215,False,near
bus,truck,-11.051782,True,near
motorcycle,cat,-3.8509817,False,near
motorcycle,airplane,-6.065679,True,near
leopard,cat,-8.6565275,True,near
leopard,cat,-9.504013,True,near
bus,truck,-7.160027,True,near
motorcycle,frog,-6.2385263,True,near
fox,horse,-3.5658102,False,near
camel,horse,-5.295078,False,near
tractor,truck,-8.670937,True,near
bus,truck,-11.183957,True,near
leopard,cat,-4.638829,False,near
wolf,dog,-6.822789,True,near
bus,automobile,-5.8462486,True,near
motorcycle,automobile,-3.7707982,False,near
motorcycle,automobile,-5.728731,True,near
bus,truck,-10.044069,True,near
leopard,bird,-6.7600164,True,near
camel,dog,-5.0071583,False,near
leopard,cat,-6.5496774,True,near
leopard,cat,-3.6317327,False,near
fox,deer,-5.673085,False,near
motorcycle,automobile,-10.079122,True,near
leopard,cat,-5.6618376,False,near
tractor,truck,-5.477994,False,near
bus,truck,-8.582396,True,near
tractor,truck,-7.859153,True,near
wolf,cat,-5.9413457,True,near
motorcycle,horse,-4.9617543,False,near
tractor,truck,-8.946952,True,near
pickup_truck,automobile,-7.278075,True,near
wolf,dog,-8.959649,True,near
leopard,deer,-5.9119625,True,near
motorcycle,automobile,-9.380909,True,near
bus,truck,-4.780242,False,near
leopard,cat,-6.899539,True,near
fox,dog,-7.32292,True,near
motorcycle,automobile,-6.1878586,True,near
fox,dog,-5.146532,False,near
fox,cat,-6.9319773,True,near
wolf,dog,-7.674033,True,near
pickup_truck,truck,-7.361865,True,near
fox,deer,-9.708624,True,near
pickup_truck,automobile,-6.0944486,True,near
wolf,cat,-5.7283483,True,near
bus,truck,-9.052783,True,near
motorcycle,airplane,-4.727937,False,near
wolf,dog,-8.657212,True,near
motorcycle,truck,-10.240701,True,near
wolf,cat,-6.0415382,True,near
motorcycle,cat,-7.3579383,True,near
bus,truck,-6.7231884,True,near
fox,cat,-5.429906,False,near
wolf,dog,-6.547412,True,near
fox,cat,-7.592515,True,near
camel,horse,-7.671218,True,near
tractor,truck,-7.9199395,True,near
wolf,cat,-7.353847,True,near
motorcycle,automobile,-6.2392397,True,near
bus,automobile,-6.501093,True,near
wolf,cat,-7.7869678,True,near
camel,dog,-6.990307,True,near
wolf,deer,-4.024447,False,near
bus,truck,-10.211035,True,near
motorcycle,airplane,-7.854406,True,near
fox,deer,-6.591514,True,near
tractor,truck,-8.713209,True,near
wolf,frog,-3.730008,False,near
camel,ship,-4.0316358,False,near
pickup_truck,automobile,-7.0753384,True,near
bus,truck,-7.523583,True,near
camel,dog,-7.8487053,True,near
fox,deer,-8.992757,True,near
fox,cat,-6.293731,True,near
tractor,truck,-6.973155,True,near
motorcycle,automobile,-4.3553634,False,near
fox,dog,-8.016508,True,near
bus,airplane,-9.675921,True,near
tractor,truck,-7.0766964,True,near
leopard,frog,-5.6301904,False,near
motorcycle,automobile,-4.995969,False,near
bus,ship,-4.290896,False,near
motorcycle,automobile,-5.9195523,True,near
wolf,cat,-8.326658,True,near
bus,truck,-11.332907,True,near
fox,cat,-4.894981,False,near
bus,truck,-11.420037,True,near
bus,truck,-9.336002,True,near
wolf,frog,-5.1108704,False,near
camel,deer,-9.625418,True,near
leopard,dog,-9.2822485,True,near
fox,deer,-4.916765,False,near
fox,deer,-9.821175,True,near
fox,dog,-7.9595857,True,near
leopard,bird,-5.455985,False,near
wolf,cat,-6.7353644,True,near
wolf,dog,-8.540083,True,near
wolf,deer,-4.7591677,False,near
bus,truck,-11.247966,True,near
bus,truck,-10.452657,True,near
fox,dog,-6.495081,True,near
pickup_truck,truck,-8.0891905,True,near
leopard,cat,-9.300944,True,near
pickup_truck,truck,-9.8104,True,near
fox,airplane,-7.667684,True,near
camel,dog,-5.442707,False,near
wolf,dog,-7.6593847,True,near
pickup_truck,automobile,-6.026964,True,near
tractor,truck,-8.741964,True,near
camel,airplane,-4.0656962,False,near
bus,automobile,-7.693634,True,near
bus,cat,-5.0834203,False,near
camel,dog,-9.141158,True,near
fox,dog,-6.3106966,True,near
motorcycle,airplane,-6.250161,True,near
pickup_truck,automobile,-8.622952,True,near
bus,truck,-9.607807,True,near
bus,automobile,-5.4981227,False,near
wolf,dog,-3.3737066,False,near
motorcycle,automobile,-3.2098088,False,near
pickup_truck,automobile,-10.108091,True,near
pickup_truck,automobile,-9.28072,True,near
tractor,truck,-4.9620867,False,near
camel,bird,-7.5059943,True,near
bus,automobile,-11.034859,True,near
pickup_truck,automobile,-9.364034,True,near
wolf,dog,-9.4166975,True,near
leopard,frog,-6.687143,True,near
tractor,truck,-8.075275,True,near
leopard,frog,-6.233627,True,near
fox,deer,-9.28373,True,near
tractor,truck,-8.654406,True,near
leopard,dog,-5.3301177,False,near
tractor,truck,-8.321623,True,near
pickup_truck,automobile,-7.01113,True,near
fox,deer,-4.432943,False,near
fox,cat,-5.044758,False,near
tractor,truck,-9.240976,True,near
camel,bird,-6.7449627,True,near
bus,truck,-4.9903393,False,near
fox,deer,-7.4558387,True,near
bus,truck,-5.1292276,False,near
bus,automobile,-8.1691065,True,near
bus,ship,-5.495711,False,near
pickup_truck,automobile,-8.283041,True,near
pickup_truck,automobile,-9.765805,True,near
fox,cat,-6.1034293,True,near
pickup_truck,automobile,-9.701918,True,near
fox,horse,-9.756972,True,near
motorcycle,automobile,-2.739388,False,near
camel,dog,-5.8244634,True,near
motorcycle,truck,-3.8491123,False,near
leopard,deer,-5.3746014,False,near
motorcycle,horse,-4.861925,False,near
leopard,cat,-5.7150784,False,near
fox,deer,-5.48635,False,near
leopard,cat,-5.778649,True,near
bus,truck,-8.387437,True,near
motorcycle,horse,-3.992021,False,near
pickup_truck,automobile,-8.136641,True,near
pickup_truck,automobile,-9.295566,True,near
bus,truck,-9.184214,True,near
leopard,deer,-4.953089,False,near
bus,truck,-7.8566236,True,near
tractor,truck,-6.463082,True,near
camel,deer,-6.411977,True,near
wolf,deer,-4.199127,False,near
camel,airplane,-5.045088,False,near
bus,truck,-6.986397,True,near
wolf,dog,-10.679397,True,near
fox,cat,-6.685886,True,near
leopard,cat,-5.455012,False,near
pickup_truck,automobile,-9.449204,True,near
motorcycle,truck,-4.291807,False,near
camel,dog,-8.343513,True,near
motorcycle,cat,-3.6924372,False,near
camel,airplane,-5.326572,False,near
pickup_truck,automobile,-8.178818,True,near
tractor,automobile,-5.1856785,False,near
leopard,cat,-7.5796447,True,near
pickup_truck,truck,-8.454365,True,near
motorcycle,truck,-7.8992805,True,near
bus,truck,-8.918455,True,near
motorcycle,truck,-10.421134,True,near
tractor,ship,-6.789168,True,near
bus,truck,-9.447716,True,near
leopard,frog,-4.2380433,False,near
tractor,truck,-3.9876962,False,near
bus,truck,-10.667466,True,near
leopard,frog,-3.4986842,False,near
motorcycle,automobile,-2.8935442,False,near
camel,cat,-4.56263,False,near
leopard,frog,-5.4298997,False,near
camel,dog,-7.4724216,True,near
camel,dog,-7.869584,True,near
camel,dog,-5.7771363,True,near
tractor,truck,-5.244775,False,near
wolf,dog,-6.707597,True,near
camel,horse,-6.9993463,True,near
motorcycle,airplane,-3.8091798,False,near
tractor,truck,-6.2173142,True,near
leopard,bird,-5.596099,False,near
pickup_truck,truck,-7.1988883,True,near
tractor,truck,-8.723312,True,near
leopard,deer,-5.578042,False,near
motorcycle,automobile,-3.6419845,False,near
motorcycle,truck,-7.531192,True,near
leopard,cat,-8.835775,True,near
wolf,cat,-6.1897264,True,near
wolf,dog,-6.8760824,True,near
motorcycle,automobile,-6.175008,True,near
pickup_truck,truck,-7.083668,True,near
tractor,truck,-9.723558,True,near
leopard,frog,-7.1266217,True,near
camel,horse,-5.365731,False,near
leopard,dog,-7.087419,True,near
motorcycle,truck,-6.515447,True,near
bus,truck,-5.163056,False,near
motorcycle,cat,-6.878175,True,near
leopard,frog,-5.8350263,True,near
leopard,deer,-3.5043008,False,near
motorcycle,automobile,-4.896209,False,near
camel,deer,-5.546922,False,near
tractor,automobile,-5.644403,False,near
camel,bird,-7.3541,True,near
camel,deer,-8.086936,True,near
camel,horse,-2.950163,False,near
tractor,truck,-11.309687,True,near
pickup_truck,truck,-7.3691163,True,near
motorcycle,automobile,-9.051409,True,near
motorcycle,truck,-2.757689,False,near
fox,deer,-5.6273665,False,near
bus,truck,-9.199928,True,near
motorcycle,automobile,-5.213418,False,near
bus,automobile,-8.775322,True,near
camel,dog,-6.6052027,True,near
motorcycle,truck,-4.798212,False,near
tractor,truck,-8.365957,True,near
leopard,frog,-9.119198,True,near
pickup_truck,automobile,-7.5339193,True,near
fox,bird,-6.25309,True,near
pickup_truck,automobile,-4.579346,False,near
pickup_truck,automobile,-6.2591968,True,near
pickup_truck,automobile,-8.46826,True,near
bus,truck,-11.669935,True,near
pickup_truck,automobile,-9.026426,True,near
camel,bird,-7.926754,True,near
wolf,cat,-8.248538,True,near
tractor,horse,-6.3651323,True,near
leopard,cat,-6.0574207,True,near
fox,deer,-7.4114494,True,near
bus,truck,-10.373804,True,near
fox,deer,-5.1902523,False,near
pickup_truck,automobile,-6.2476435,True,near
fox,cat,-5.1055737,False,near
leopard,frog,-9.200956,True,near
wolf,cat,-5.000995,False,near
wolf,cat,-4.6644063,False,near
bus,truck,-8.541568,True,near
pickup_truck,truck,-6.429179,True,near
fox,horse,-5.274929,False,near
wolf,deer,-8.90888,True,near
motorcycle,frog,-3.216805,False,near
camel,dog,-7.4572573,True,near
camel,bird,-7.791462,True,near
leopard,cat,-10.501519,True,near
leopard,dog,-6.071286,True,near
tractor,truck,-7.5336747,True,near
pickup_truck,automobile,-8.03207,True,near
fox,cat,-4.913594,False,near
bus,truck,-9.159231,True,near
wolf,cat,-8.140119,True,near
motorcycle,airplane,-4.081947,False,near
wolf,frog,-4.4803276,False,near
fox,cat,-7.982295,True,near
fox,deer,-9.477624,True,near
bus,truck,-8.523701,True,near
wolf,bird,-6.8095245,True,near
motorcycle,automobile,-8.9949465,True,near
leopard,bird,-5.651638,False,near
bus,truck,-6.420025,True,near
wolf,cat,-7.290566,True,near
bus,truck,-9.820667,True,near
motorcycle,dog,-4.2072306,False,near
tractor,automobile,-8.885915,True,near
tractor,ship,-4.5614944,False,near
motorcycle,automobile,-9.066311,True,near
leopard,frog,-9.670548,True,near
tractor,truck,-7.6700797,True,near
leopard,frog,-7.0695615,True,near
leopard,cat,-7.257994,True,near
bus,truck,-7.1006737,True,near
motorcycle,automobile,-7.1626167,True,near
camel,bird,-7.715583,True,near
camel,deer,-9.967393,True,near
tractor,ship,-7.05296,True,near
wolf,dog,-4.0189905,False,near
wolf,cat,-4.831524,False,near
motorcycle,automobile,-4.25801,False,near
fox,deer,-6.0576515,True,near
camel,horse,-6.516611,True,near
fox,frog,-8.901123,True,near
wolf,cat,-5.5130925,False,near
fox,deer,-4.7397923,False,near
tractor,bird,-5.9047394,True,near
motorcycle,automobile,-8.58268,True,near
wolf,cat,-6.14201,True,near
wolf,horse,-3.298337,False,near
pickup_truck,automobile,-9.431343,True,near
camel,dog,-8.449085,True,near
wolf,cat,-5.2246556,False,near
pickup_truck,automobile,-8.375825,True,near
fox,cat,-5.539494,False,near
bus,truck,-10.079893,True,near
motorcycle,airplane,-4.332192,False,near
leopard,frog,-3.9069085,False,near
wolf,cat,-4.501326,False,near
leopard,frog,-8.491087,True,near
camel,dog,-3.2746992,False,near
bus,airplane,-7.858826,True,near
tractor,truck,-8.364796,True,near
fox,cat,-5.841561,True,near
tractor,truck,-8.561691,True,near
motorcycle,truck,-5.476226,False,near
leopard,frog,-8.956545,True,near
tractor,truck,-3.9381201,False,near
motorcycle,automobile,-4.9872217,False,near
wolf,dog,-10.0556345,True,near
tractor,truck,-5.963124,True,near
fox,cat,-3.113997,False,near
wolf,cat,-5.4519973,False,near
leopard,frog,-4.470513,False,near
tractor,truck,-5.1839104,False,near
wolf,cat,-6.6401772,True,near
motorcycle,truck,-7.5322886,True,near
motorcycle,airplane,-7.7287445,True,near
pickup_truck,automobile,-5.9793687,True,near
wolf,cat,-8.523475,True,near
camel,horse,-8.645712,True,near
pickup_truck,truck,-5.932295,True,near
bus,truck,-11.086489,True,near
wolf,dog,-9.241716,True,near
fox,bird,-4.271757,False,near
tractor,bird,-4.2665954,False,near
motorcycle,automobile,-4.8287764,False,near
camel,deer,-6.908219,True,near
camel,bird,-9.302658,True,near
pickup_truck,automobile,-9.00821,True,near
motorcycle,truck,-5.5488167,False,near
fox,cat,-8.48587,True,near
fox,dog,-6.7309723,True,near
motorcycle,automobile,-4.06608,False,near
fox,cat,-6.718597,True,near
leopard,cat,-5.7268414,True,near
motorcycle,automobile,-6.8069773,True,near
camel,deer,-7.730809,True,near
wolf,dog,-8.524858,True,near
fox,cat,-6.9751816,True,near
camel,dog,-3.393916,False,near
leopard,frog,-6.9429193,True,near
fox,cat,-4.4156475,False,near
wolf,cat,-7.905496,True,near
bus,truck,-8.368449,True,near
camel,truck,-3.7197685,False,near
tractor,truck,-4.0336537,False,near
pickup_truck,automobile,-10.3452015,True,near
leopard,cat,-7.5561266,True,near
leopard,frog,-6.78649,True,near
leopard,frog,-7.856702,True,near
leopard,cat,-3.8538227,False,near
bus,truck,-10.003272,True,near
camel,deer,-6.9210052,True,near
motorcycle,cat,-5.522475,False,near
wolf,horse,-9.388057,True,near
motorcycle,automobile,-3.5496876,False,near
leopard,deer,-5.7688017,True,near
fox,dog,-7.2310085,True,near
tractor,truck,-8.626373,True,near
bus,truck,-9.400277,True,near
pickup_truck,automobile,-9.361068,True,near
wolf,cat,-7.0191674,True,near
fox,cat,-9.509449,True,near
bus,truck,-4.032047,False,near
motorcycle,automobile,-5.9401293,True,near
pickup_truck,truck,-8.894132,True,near
wolf,deer,-6.19464,True,near
tractor,truck,-8.724182,True,near
leopard,cat,-5.6915402,False,near
fox,cat,-6.418416,True,near
motorcycle,automobile,-4.404501,False,near
tractor,cat,-3.536552,False,near
wolf,cat,-5.017024,False,near
pickup_truck,automobile,-10.940601,True,near
tractor,truck,-6.211988,True,near
tractor,truck,-6.581332,True,near
camel,dog,-5.2124577,False,near
wolf,cat,-9.017667,True,near
leopard,deer,-8.437499,True,near
fox,horse,-8.748696,True,near
camel,dog,-4.4804463,False,near
motorcycle,truck,-9.221476,True,near
bus,truck,-9.831257,True,near
bus,truck,-8.758194,True,near
pickup_truck,truck,-5.894098,True,near
tractor,truck,-2.5946376,False,near
pickup_truck,automobile,-7.2935314,True,near
motorcycle,automobile,-6.6305532,True,near
wolf,cat,-8.682408,True,near
tractor,ship,-7.61175,True,near
pickup_truck,automobile,-7.9989443,True,near
camel,bird,-4.4425273,False,near
fox,dog,-6.381897,True,near
leopard,dog,-4.5371947,False,near
pickup_truck,truck,-7.062978,True,near
fox,cat,-8.418846,True,near
leopard,cat,-4.2933984,False,near
wolf,dog,-10.548972,True,near
pickup_truck,airplane,-4.9983706,False,near
pickup_truck,automobile,-5.044157,False,near
bus,horse,-3.476471,False,near
tractor,truck,-6.4517756,True,near
pickup_truck,automobile,-8.916298,True,near
bus,truck,-11.1652565,True,near
fox,dog,-4.421834,False,near
wolf,cat,-7.0571613,True,near
fox,deer,-8.236229,True,near
bus,automobile,-6.9858217,True,near
fox,cat,-3.0265062,False,near
tractor,truck,-6.527661,True,near
camel,cat,-9.058876,True,near
fox,cat,-8.343461,True,near
pickup_truck,truck,-6.3930597,True,near
tractor,truck,-7.3045416,True,near
motorcycle,automobile,-2.8745356,False,near
fox,deer,-5.6585236,False,near
fox,cat,-7.7687364,True,near
pickup_truck,automobile,-7.9324102,True,near
camel,horse,-6.807835,True,near
motorcycle,automobile,-4.627391,False,near
tractor,truck,-6.527376,True,near
motorcycle,automobile,-3.7020085,False,near
leopard,frog,-8.318627,True,near
leopard,cat,-8.176501,True,near
tractor,truck,-10.5948715,True,near
leopard,frog,-8.057056,True,near
fox,frog,-4.37731,False,near
pickup_truck,automobile,-5.5214934,False,near
fox,deer,-8.245216,True,near
wolf,cat,-6.273331,True,near
wolf,cat,-7.480078,True,near
camel,horse,-5.6598616,False,near
leopard,cat,-6.1134605,True,near
pickup_truck,automobile,-8.090651,True,near
motorcycle,truck,-4.800099,False,near
motorcycle,automobile,-8.280783,True,near
bus,truck,-6.0883703,True,near
pickup_truck,automobile,-7.4939766,True,near
leopard,frog,-3.4122427,False,near
pickup_truck,automobile,-7.9002566,True,near
wolf,cat,-6.1957507,True,near
tractor,truck,-7.0477896,True,near
bus,truck,-8.302928,True,near
camel,deer,-8.388082,True,near
camel,deer,-7.7615023,True,near
bus,truck,-8.188475,True,near
fox,dog,-7.3018556,True,near
motorcycle,automobile,-7.3595757,True,near
wolf,frog,-6.9001346,True,near
camel,bird,-8.802528,True,near
bus,truck,-10.565439,True,near
bus,truck,-8.465224,True,near
fox,dog,-5.8090096,True,near
pickup_truck,truck,-6.4337196,True,near
leopard,frog,-6.338411,True,near
wolf,dog,-8.777959,True,near
fox,cat,-9.07042,True,near
bus,truck,-7.574822,True,near
fox,cat,-9.405908,True,near
camel,horse,-7.4761753,True,near
fox,cat,-5.8864565,True,near
fox,cat,-3.9619236,False,near
motorcycle,truck,-4.910881,False,near
leopard,cat,-6.3903394,True,near
camel,horse,-7.4123783,True,near
camel,frog,-4.2164817,False,near
camel,dog,-6.19231,True,near
leopard,frog,-8.453489,True,near
tractor,ship,-4.741498,False,near
wolf,dog,-9.016683,True,near
bus,truck,-8.035687,True,near
motorcycle,truck,-4.9615073,False,near
tractor,truck,-3.296145,False,near
pickup_truck,airplane,-4.799134,False,near
pickup_truck,airplane,-3.277843,False,near
pickup_truck,automobile,-9.433627,True,near
bus,automobile,-9.093153,True,near
wolf,bird,-3.9068618,False,near
pickup_truck,automobile,-10.435862,True,near
motorcycle,truck,-7.6369076,True,near
tractor,ship,-10.292472,True,near
motorcycle,airplane,-4.85593,False,near
camel,cat,-7.6326323,True,near
motorcycle,automobile,-6.703585,True,near
tractor,truck,-9.382724,True,near
bus,airplane,-2.231681,False,near
pickup_truck,automobile,-7.3151255,True,near
tractor,truck,-6.3918877,True,near
leopard,frog,-5.6938515,False,near
pickup_truck,automobile,-9.784128,True,near
camel,deer,-5.103288,False,near
camel,horse,-9.877578,True,near
camel,horse,-7.9132805,True,near
fox,cat,-6.5173326,True,near
leopard,cat,-9.269477,True,near
tractor,truck,-7.4386826,True,near
motorcycle,automobile,-6.3214917,True,near
wolf,cat,-11.657781,True,near
bus,truck,-9.271458,True,near
leopard,frog,-8.040882,True,near
bus,truck,-9.9891205,True,near
tractor,truck,-6.788914,True,near
leopard,frog,-10.195265,True,near
camel,dog,-6.420638,True,near
motorcycle,airplane,-5.3033004,False,near
tractor,truck,-8.333057,True,near
wolf,cat,-7.761042,True,near
leopard,cat,-4.413265,False,near
motorcycle,automobile,-4.8048916,False,near
wolf,dog,-6.502898,True,near
camel,horse,-7.233347,True,near
pickup_truck,truck,-8.27742,True,near
pickup_truck,automobile,-7.006908,True,near
pickup_truck,automobile,-10.397966,True,near
tractor,deer,-2.895137,False,near
leopard,cat,-5.861153,True,near
camel,dog,-6.335069,True,near
pickup_truck,automobile,-9.312864,True,near
pickup_truck,automobile,-9.584152,True,near
fox,cat,-11.455539,True,near
fox,bird,-5.4004865,False,near
pickup_truck,truck,-8.902223,True,near
camel,dog,-4.045901,False,near
bus,truck,-7.2350683,True,near
bus,truck,-9.540447,True,near
leopard,frog,-9.141298,True,near
wolf,cat,-7.6358037,True,near
camel,airplane,-8.171353,True,near
leopard,frog,-7.3679266,True,near
camel,horse,-4.694974,False,near
motorcycle,automobile,-6.2280045,True,near
pickup_truck,automobile,-9.979936,True,near
tractor,truck,-4.5463357,False,near
pickup_truck,automobile,-8.778365,True,near
fox,frog,-3.7962034,False,near
tractor,truck,-9.381921,True,near
tractor,truck,-5.411565,False,near
camel,dog,-6.135829,True,near
wolf,cat,-6.035944,True,near
wolf,cat,-7.833207,True,near
tractor,automobile,-6.457592,True,near
bus,automobile,-7.081089,True,near
motorcycle,automobile,-6.35005,True,near
bus,truck,-9.936224,True,near
fox,deer,-7.6939034,True,near
pickup_truck,automobile,-6.6436977,True,near
pickup_truck,automobile,-9.203846,True,near
pickup_truck,truck,-8.958788,True,near
wolf,dog,-5.0958347,False,near
leopard,frog,-5.8608146,True,near
tractor,truck,-4.2784758,False,near
pickup_truck,automobile,-9.286631,True,near
bus,truck,-10.111164,True,near
leopard,cat,-7.3380294,True,near
wolf,dog,-6.5844655,True,near
wolf,horse,-3.2451797,False,near
wolf,dog,-6.8312793,True,near
tractor,truck,-7.3783097,True,near
leopard,frog,-7.572256,True,near
mushroom,frog,-4.2994275,False,far
keyboard,ship,-6.345087,True,far
chair,airplane,-8.101283,True,far
clock,ship,-4.4599566,False,far
bottle,bird,-9.490121,True,far
sunflower,dog,-5.3222566,False,far
sunflower,airplane,-5.199702,False,far
bowl,truck,-8.9223,True,far
clock,ship,-4.0281935,False,far
clock,ship,-4.470015,False,far
chair,deer,-2.3613935,False,far
bottle,cat,-6.165222,True,far
bowl,dog,-6.4214263,True,far
chair,cat,-4.71507,False,far
keyboard,frog,-7.819194,True,far
mushroom,frog,-3.525949,False,far
chair,cat,-7.7492867,True,far
bowl,automobile,-4.033107,False,far
mushroom,bird,-4.8395967,False,far
bottle,ship,-3.6091864,False,far
keyboard,airplane,-4.353236,False,far
clock,automobile,-3.7796357,False,far
wardrobe,cat,-7.7446027,True,far
wardrobe,truck,-8.266638,True,far
sunflower,bird,-6.731453,True,far
keyboard,airplane,-6.3838305,True,far
mushroom,bird,-5.9168735,True,far
bowl,cat,-7.402346,True,far
wardrobe,truck,-8.790873,True,far
bottle,ship,-8.142124,True,far
bowl,automobile,-3.4278705,False,far
bowl,cat,-4.5833087,False,far
keyboard,dog,-3.1152775,False,far
wardrobe,truck,-7.47779,True,far
bowl,cat,-5.7674804,True,far
wardrobe,cat,-6.0271115,True,far
bowl,ship,-6.9625545,True,far
mushroom,bird,-6.832489,True,far
bowl,cat,-7.9779634,True,far
clock,truck,-4.2867675,False,far
clock,automobile,-5.112416,False,far
clock,cat,-4.6087728,False,far
bowl,automobile,-8.561619,True,far
bottle,truck,-3.7073498,False,far
chair,truck,-8.640781,True,far
bottle,truck,-3.9570303,False,far
sunflower,frog,-4.649656,False,far
clock,bird,-10.038986,True,far
bowl,ship,-6.6136565,True,far
bottle,airplane,-3.0902793,False,far
keyboard,cat,-2.1712403,False,far
sunflower,dog,-5.346518,False,far
chair,ship,-4.492022,False,far
clock,ship,-5.576859,False,far
keyboard,bird,-5.579442,False,far
sunflower,dog,-3.1602762,False,far
sunflower,airplane,-2.479189,False,far
wardrobe,truck,-5.813993,True,far
clock,truck,-5.5412393,False,far
wardrobe,cat,-4.6755133,False,far
sunflower,dog,-3.4200952,False,far
bowl,ship,-4.07356,False,far
sunflower,bird,-8.657974,True,far
wardrobe,cat,-6.0327682,True,far
sunflower,cat,-4.5814743,False,far
keyboard,deer,-5.228564,False,far
clock,automobile,-5.294669,False,far
sunflower,bird,-6.6333885,True,far
wardrobe,truck,-6.417637,True,far
bowl,frog,-5.550593,False,far
clock,cat,-5.504932,False,far
keyboard,truck,-6.221113,True,far
chair,cat,-3.397085,False,far
bottle,truck,-9.529661,True,far
bowl,cat,-4.899005,False,far
clock,deer,-3.1888874,False,far
bowl,automobile,-7.5140557,True,far
chair,bird,-6.844726,True,far
mushroom,cat,-6.758585,True,far
keyboard,truck,-4.716462,False,far
bottle,cat,-7.3874593,True,far
clock,cat,-4.300257,False,far
mushroom,bird,-3.87753,False,far
bowl,dog,-4.6153874,False,far
mushroom,deer,-7.973542,True,far
sunflower,truck,-9.7456,True,far
bottle,bird,-5.5952654,False,far
wardrobe,cat,-5.830732,True,far
bottle,horse,-4.551272,False,far
mushroom,bird,-6.044979,True,far
bowl,frog,-8.560512,True,far
bottle,bird,-3.8920784,False,far
keyboard,cat,-8.075273,True,far
chair,airplane,-3.0810995,False,far
chair,bird,-5.206773,False,far
sunflower,truck,-2.6017275,False,far
sunflower,bird,-3.8227458,False,far
bottle,cat,-4.955035,False,far
bottle,cat,-4.4025273,False,far
mushroom,frog,-5.692132,False,far
clock,airplane,-8.585265,True,far
mushroom,dog,-7.4552374,True,far
mushroom,frog,-8.708994,True,far
sunflower,bird,-8.608107,True,far
keyboard,bird,-5.2488995,False,far
mushroom,horse,-4.303287,False,far
clock,dog,-5.4843574,False,far
bottle,cat,-7.5994477,True,far
chair,horse,-5.0458193,False,far
wardrobe,cat,-7.1610236,True,far
bowl,dog,-4.740808,False,far
wardrobe,truck,-9.22412,True,far
clock,automobile,-6.40161,True,far
bottle,bird,-4.3198075,False,far
chair,airplane,-7.1235433,True,far
bottle,airplane,-7.6332645,True,far
bowl,bird,-4.7486167,False,far
mushroom,bird,-10.8317585,True,far
wardrobe,cat,-4.0963573,False,far
mushroom,deer,-3.539573,False,far
bottle,bird,-5.899968,True,far
keyboard,cat,-3.4133222,False,far
wardrobe,truck,-5.706115,False,far
bottle,ship,-5.0509105,False,far
chair,truck,-4.808791,False,far
sunflower,cat,-2.9333475,False,far
keyboard,truck,-3.4664721,False,far
bowl,bird,-3.7306175,False,far
clock,dog,-6.9133043,True,far
bottle,bird,-7.504858,True,far
clock,truck,-8.623949,True,far
keyboard,truck,-4.848413,False,far
chair,cat,-6.4145336,True,far
wardrobe,truck,-7.897072,True,far
keyboard,horse,-2.861526,False,far
chair,truck,-5.2269907,False,far
chair,bird,-4.582936,False,far
bowl,ship,-4.227083,False,far
bowl,cat,-8.562459,True,far
sunflower,automobile,-3.3491514,False,far
bowl,ship,-8.152718,True,far
chair,dog,-3.8368826,False,far
mushroom,bird,-7.4817467,True,far
sunflower,airplane,-7.237713,True,far
mushroom,bird,-6.9201374,True,far
chair,truck,-5.47304,False,far
chair,cat,-4.076176,False,far
clock,cat,-6.5506225,True,far
clock,cat,-4.0868707,False,far
bowl,truck,-6.1259704,True,far
sunflower,bird,-4.673802,False,far
mushroom,frog,-6.6742916,True,far
wardrobe,truck,-4.9384193,False,far
wardrobe,cat,-4.503896,False,far
bowl,cat,-7.304474,True,far
clock,dog,-5.7538686,True,far
bottle,cat,-5.7088356,False,far
wardrobe,truck,-6.2840843,True,far
clock,truck,-9.437117,True,far
clock,airplane,-6.424915,True,far
bottle,cat,-5.0191174,False,far
wardrobe,truck,-6.5086365,True,far
chair,airplane,-5.030889,False,far
keyboard,airplane,-4.534293,False,far
clock,automobile,-6.2935486,True,far
mushroom,cat,-4.590459,False,far
mushroom,airplane,-6.6078954,True,far
bottle,bird,-5.3286324,False,far
keyboard,truck,-5.4597588,False,far
keyboard,truck,-4.0747533,False,far
sunflower,truck,-5.6743574,False,far
keyboard,frog,-4.690003,False,far
keyboard,airplane,-6.360142,True,far
chair,airplane,-9.189914,True,far
chair,airplane,-3.9322085,False,far
bowl,ship,-4.999214,False,far
clock,cat,-3.6498933,False,far
wardrobe,truck,-6.9990625,True,far
chair,bird,-7.2490077,True,far
chair,truck,-5.5013714,False,far
clock,frog,-4.087218,False,far
bowl,ship,-5.2336426,False,far
keyboard,airplane,-3.889835,False,far
clock,dog,-5.163441,False,far
mushroom,deer,-4.9356728,False,far
clock,airplane,-2.2668104,False,far
clock,cat,-3.7975655,False,far
clock,automobile,-6.1931543,True,far
mushroom,deer,-3.954936,False,far
sunflower,bird,-3.1014688,False,far
chair,dog,-3.5949862,False,far
bowl,airplane,-4.086372,False,far
bowl,bird,-7.340101,True,far
bowl,frog,-10.091522,True,far
bottle,bird,-4.1594477,False,far
mushroom,bird,-5.734164,True,far
mushroom,cat,-4.6520104,False,far
chair,cat,-5.053401,False,far
chair,cat,-4.611836,False,far
bowl,ship,-2.4396632,False,far
bottle,truck,-3.28444,False,far
wardrobe,truck,-9.461367,True,far
sunflower,bird,-5.0198493,False,far
wardrobe,truck,-4.3595448,False,far
clock,ship,-4.9546432,False,far
chair,airplane,-6.2889495,True,far
clock,truck,-4.9174786,False,far
clock,truck,-4.0302787,False,far
bottle,cat,-5.7911468,True,far
clock,ship,-5.383737,False,far
sunflower,dog,-7.1616597,True,far
bottle,truck,-5.729401,True,far
wardrobe,truck,-4.3662386,False,far
keyboard,truck,-12.059203,True,far
chair,truck,-6.3806434,True,far
chair,horse,-4.9937325,False,far
mushroom,frog,-5.390454,False,far
clock,frog,-3.7290342,False,far
mushroom,bird,-6.068974,True,far
keyboard,frog,-7.8461404,True,far
keyboard,cat,-4.7598734,False,far
bowl,cat,-10.216142,True,far
chair,airplane,-2.64605,False,far
bowl,deer,-6.7920556,True,far
chair,airplane,-8.351822,True,far
wardrobe,truck,-6.74771,True,far
keyboard,truck,-6.6937943,True,far
sunflower,bird,-4.7132936,False,far
bowl,airplane,-3.5273232,False,far
bowl,cat,-7.8492618,True,far
chair,bird,-2.1721196,False,far
sunflower,frog,-7.5849376,True,far
clock,dog,-2.5029051,False,far
bottle,horse,-3.4362118,False,far
sunflower,frog,-8.29035,True,far
clock,ship,-4.034781,False,far
sunflower,bird,-8.489363,True,far
wardrobe,truck,-10.880529,True,far
chair,airplane,-3.743752,False,far
clock,cat,-6.8585057,True,far
mushroom,bird,-7.2008924,True,far
clock,cat,-6.184324,True,far
bottle,truck,-6.358197,True,far
chair,airplane,-8.548523,True,far
sunflower,cat,-5.8515863,True,far
mushroom,bird,-6.031555,True,far
sunflower,dog,-7.0233574,True,far
bottle,cat,-3.7819972,False,far
bottle,bird,-3.3117416,False,far
wardrobe,cat,-6.257912,True,far
mushroom,frog,-6.206063,True,far
wardrobe,truck,-8.664692,True,far
bowl,cat,-4.1222987,False,far
sunflower,truck,-2.9400938,False,far
bowl,ship,-4.3101544,False,far
bowl,ship,-4.078649,False,far
sunflower,cat,-5.7779217,True,far
bottle,cat,-9.251023,True,far
keyboard,truck,-4.484802,False,far
wardrobe,truck,-7.494402,True,far
chair,airplane,-9.255912,True,far
chair,ship,-4.553061,False,far
bowl,dog,-4.455475,False,far
clock,automobile,-8.3116,True,far
bottle,horse,-4.7525826,False,far
bottle,ship,-8.79175,True,far
keyboard,truck,-10.574181,True,far
bowl,cat,-4.6753054,False,far
clock,cat,-6.9192104,True,far
chair,automobile,-6.9585667,True,far
chair,airplane,-8.6463375,True,far
keyboard,airplane,-5.6215158,False,far
chair,bird,-5.635765,False,far
bowl,bird,-7.090478,True,far
mushroom,frog,-9.225882,True,far
bottle,cat,-7.093306,True,far
chair,airplane,-8.143271,True,far
chair,bird,-3.719416,False,far
mushroom,bird,-5.0633564,False,far
keyboard,cat,-4.000296,False,far
bowl,frog,-7.051566,True,far
chair,truck,-7.383083,True,far
bottle,ship,-6.4492645,True,far
mushroom,bird,-5.753872,True,far
bowl,cat,-4.2050166,False,far
wardrobe,cat,-8.491755,True,far
sunflower,cat,-6.201454,True,far
sunflower,bird,-4.918062,False,far
chair,airplane,-5.9748983,True,far
sunflower,ship,-4.0039496,False,far
bottle,automobile,-3.4200215,False,far
keyboard,airplane,-6.495767,True,far
mushroom,bird,-7.2398186,True,far
mushroom,frog,-9.139333,True,far
bowl,cat,-4.1467447,False,far
bottle,cat,-3.7059093,False,far
sunflower,truck,-4.181779,False,far
chair,cat,-5.732864,True,far
keyboard,airplane,-6.4027677,True,far
keyboard,cat,-12.008289,True,far
wardrobe,truck,-4.9457116,False,far
mushroom,cat,-6.6844363,True,far
clock,frog,-7.4616303,True,far
clock,cat,-4.384253,False,far
mushroom,frog,-5.97273,True,far
keyboard,truck,-4.367511,False,far
wardrobe,truck,-5.4619923,False,far
wardrobe,truck,-8.845614,True,far
keyboard,horse,-4.572441,False,far
bowl,cat,-9.604709,True,far
bowl,cat,-6.3900557,True,far
mushroom,cat,-5.586714,False,far
mushroom,cat,-7.432162,True,far
mushroom,bird,-5.6490216,False,far
bowl,ship,-7.9626045,True,far
sunflower,bird,-4.538671,False,far
wardrobe,truck,-5.966107,True,far
wardrobe,cat,-5.7110014,False,far
wardrobe,truck,-10.382845,True,far
keyboard,bird,-5.564782,False,far
bowl,automobile,-3.5938175,False,far
keyboard,airplane,-8.253524,True,far
bottle,cat,-8.558793,True,far
bottle,cat,-4.001982,False,far
chair,airplane,-5.2504106,False,far
wardrobe,truck,-9.531179,True,far
sunflower,dog,-5.1111097,False,far
bowl,dog,-7.223198,True,far
mushroom,cat,-8.146011,True,far
mushroom,frog,-11.128553,True,far
sunflower,frog,-6.715709,True,far
chair,airplane,-6.600969,True,far
mushroom,bird,-5.173235,False,far
wardrobe,truck,-4.75945,False,far
wardrobe,truck,-5.6199822,False,far
wardrobe,cat,-5.2093654,False,far
chair,truck,-4.9014864,False,far
bottle,truck,-3.6679049,False,far
bottle,airplane,-5.871487,True,far
wardrobe,truck,-9.48242,True,far
sunflower,dog,-5.0200987,False,far
chair,airplane,-5.3574834,False,far
bowl,automobile,-6.492579,True,far
chair,bird,-7.227808,True,far
wardrobe,cat,-6.4952173,True,far
clock,cat,-7.213476,True,far
keyboard,dog,-4.179221,False,far
chair,airplane,-6.747212,True,far
clock,automobile,-4.7769547,False,far
wardrobe,truck,-8.199191,True,far
chair,airplane,-6.9360795,True,far
wardrobe,cat,-9.380988,True,far
bowl,cat,-9.042156,True,far
chair,airplane,-5.954478,True,far
mushroom,cat,-2.7598746,False,far
clock,truck,-8.267316,True,far
bottle,automobile,-3.715109,False,far
bottle,ship,-4.1413217,False,far
bottle,cat,-5.987701,True,far
bowl,ship,-4.9319134,False,far
bowl,cat,-4.3435388,False,far
clock,automobile,-4.022337,False,far
mushroom,automobile,-3.5806584,False,far
sunflower,bird,-6.743492,True,far
wardrobe,truck,-6.8238144,True,far
keyboard,cat,-2.1833477,False,far
bowl,dog,-4.2744827,False,far
mushroom,dog,-4.1690316,False,far
mushroom,cat,-7.7923875,True,far
chair,airplane,-4.197451,False,far
wardrobe,cat,-6.956387,True,far
bowl,frog,-8.122057,True,far
clock,automobile,-4.5305614,False,far
mushroom,airplane,-4.9939675,False,far
bowl,cat,-6.1588435,True,far
wardrobe,truck,-6.006465,True,far
clock,dog,-3.6429274,False,far
chair,airplane,-5.212571,False,far
keyboard,cat,-7.3980794,True,far
bottle,cat,-9.120448,True,far
clock,truck,-10.915964,True,far
bottle,airplane,-4.5022244,False,far
chair,airplane,-4.552731,False,far
wardrobe,bird,-5.253219,False,far
sunflower,truck,-4.071869,False,far
clock,truck,-3.098968,False,far
clock,deer,-4.2718225,False,far
clock,cat,-6.4925804,True,far
sunflower,dog,-6.0338106,True,far
keyboard,truck,-7.557781,True,far
keyboard,bird,-4.359496,False,far
keyboard,bird,-3.489508,False,far
bottle,truck,-7.782694,True,far
bowl,automobile,-7.745488,True,far
keyboard,automobile,-5.6233306,False,far
chair,bird,-8.156936,True,far
bottle,automobile,-4.3086715,False,far
sunflower,bird,-7.6371098,True,far
clock,cat,-9.434208,True,far
bowl,ship,-6.3510604,True,far
wardrobe,truck,-5.2929287,False,far
chair,truck,-5.486077,False,far
wardrobe,truck,-8.627439,True,far
wardrobe,cat,-4.6509113,False,far
bottle,cat,-3.234709,False,far
mushroom,deer,-6.404724,True,far
bottle,truck,-7.4474597,True,far
mushroom,bird,-11.815562,True,far
clock,automobile,-6.0957117,True,far
keyboard,cat,-7.751245,True,far
sunflower,cat,-3.6823807,False,far
sunflower,frog,-6.5730786,True,far
bottle,frog,-5.014919,False,far
wardrobe,cat,-8.132128,True,far
bowl,dog,-6.289322,True,far
chair,airplane,-8.584555,True,far
bottle,truck,-5.28459,False,far
bowl,cat,-4.1617937,False,far
clock,cat,-7.4848304,True,far
sunflower,dog,-6.5183682,True,far
sunflower,cat,-2.886148,False,far
wardrobe,cat,-4.6675043,False,far
mushroom,cat,-11.163167,True,far
clock,automobile,-5.428133,False,far
keyboard,dog,-2.5038145,False,far
sunflower,bird,-11.891701,True,far
bowl,automobile,-6.335085,True,far
clock,automobile,-5.9704857,True,far
bottle,truck,-4.526142,False,far
wardrobe,truck,-3.7452245,False,far
mushroom,bird,-7.027235,True,far
clock,bird,-3.8312712,False,far
mushroom,deer,-3.8806465,False,far
keyboard,truck,-3.08845,False,far
mushroom,bird,-4.279789,False,far
wardrobe,truck,-6.6131153,True,far
clock,cat,-6.8829923,True,far
wardrobe,truck,-7.243415,True,far
bottle,truck,-4.5272436,False,far
bowl,airplane,-5.088364,False,far
chair,airplane,-4.650287,False,far
mushroom,airplane,-3.2187374,False,far
keyboard,airplane,-5.5416684,False,far
bowl,cat,-4.5777526,False,far
wardrobe,cat,-9.337447,True,far
sunflower,frog,-6.3920026,True,far
keyboard,frog,-5.904698,True,far
wardrobe,truck,-7.176212,True,far
chair,airplane,-5.8317533,True,far
mushroom,deer,-4.3131375,False,far
keyboard,bird,-8.331387,True,far
mushroom,airplane,-3.6671371,False,far
wardrobe,truck,-6.797433,True,far
mushroom,bird,-8.053266,True,far
keyboard,truck,-3.3965807,False,far
wardrobe,cat,-8.20313,True,far
sunflower,frog,-7.0327425,True,far
chair,airplane,-9.263937,True,far
bottle,cat,-4.1987624,False,far
clock,airplane,-7.8100247,True,far
chair,truck,-3.0866175,False,far
bowl,cat,-10.364924,True,far
keyboard,truck,-8.648172,True,far
sunflower,frog,-4.7027297,False,far
clock,dog,-4.2220306,False,far
keyboard,airplane,-8.619178,True,far
chair,airplane,-5.4371367,False,far
bottle,ship,-5.814403,True,far
mushroom,bird,-5.2195415,False,far
wardrobe,bird,-6.0819063,True,far
mushroom,frog,-5.9483705,True,far
clock,truck,-4.0839453,False,far
sunflower,bird,-5.6626053,False,far
bowl,bird,-5.7434864,True,far
chair,cat,-4.479197,False,far
keyboard,cat,-4.7505927,False,far
mushroom,cat,-7.1710544,True,far
clock,ship,-6.065558,True,far
bottle,cat,-8.299331,True,far
bottle,truck,-3.6738837,False,far
chair,bird,-3.0925395,False,far
keyboard,truck,-9.878044,True,far
bottle,bird,-7.584856,True,far
bottle,cat,-2.342428,False,far
sunflower,bird,-8.996423,True,far
bowl,automobile,-7.554951,True,far
keyboard,bird,-6.175064,True,far
wardrobe,cat,-8.420942,True,far
bowl,cat,-5.694493,False,far
bowl,cat,-7.549312,True,far
bottle,ship,-5.912992,True,far
chair,cat,-4.138925,False,far
keyboard,cat,-4.6620593,False,far
keyboard,airplane,-5.3404617,False,far
keyboard,truck,-7.7025414,True,far
keyboard,bird,-5.816102,True,far
chair,bird,-2.2771652,False,far
keyboard,cat,-4.639054,False,far
mushroom,frog,-8.333616,True,far
wardrobe,truck,-8.730977,True,far
clock,cat,-5.199467,False,far
bottle,bird,-6.7923193,True,far
mushroom,dog,-7.1322913,True,far
wardrobe,bird,-3.7567725,False,far
bottle,bird,-3.0780497,False,far
mushroom,frog,-7.8800545,True,far
bottle,automobile,-4.2490277,False,far
keyboard,cat,-5.800121,True,far
chair,airplane,-7.078634,True,far
wardrobe,cat,-4.973049,False,far
clock,ship,-6.7707314,True,far
bottle,cat,-4.414685,False,far
chair,airplane,-9.734449,True,far
bowl,ship,-6.8726773,True,far
bowl,cat,-5.121906,False,far
clock,bird,-4.226449,False,far
clock,cat,-7.513001,True,far
keyboard,bird,-11.447941,True,far
keyboard,dog,-4.736784,False,far
bowl,automobile,-3.1378477,False,far
keyboard,truck,-4.000268,False,far
chair,horse,-2.469664,False,far
keyboard,truck,-6.1819043,True,far
sunflower,bird,-7.027421,True,far
wardrobe,truck,-8.793544,True,far
wardrobe,truck,-8.427335,True,far
keyboard,airplane,-4.0924444,False,far
sunflower,frog,-3.4627266,False,far
wardrobe,truck,-8.355019,True,far
bottle,truck,-7.0006514,True,far
bottle,ship,-7.745863,True,far
clock,ship,-5.9705415,True,far
clock,automobile,-5.0672803,False,far
chair,airplane,-9.261878,True,far
clock,cat,-5.344891,False,far
bottle,cat,-5.2065754,False,far
clock,bird,-6.586651,True,far
keyboard,truck,-9.096131,True,far
wardrobe,truck,-6.9063787,True,far
bowl,cat,-4.9643455,False,far
keyboard,truck,-9.328536,True,far
mushroom,bird,-8.672407,True,far
bowl,ship,-3.8105795,False,far
bowl,frog,-8.162546,True,far
mushroom,airplane,-3.0309496,False,far
chair,airplane,-6.586969,True,far
bottle,ship,-4.4517074,False,far
chair,ship,-5.1825743,False,far
sunflower,bird,-2.3089595,False,far
chair,dog,-3.0906215,False,far
clock,automobile,-7.8248343,True,far
mushroom,cat,-4.5068736,False,far
clock,cat,-10.537755,True,far
mushroom,deer,-5.764183,True,far
mushroom,truck,-3.633339,False,far
sunflower,bird,-5.854109,True,far
keyboard,automobile,-3.10187,False,far
mushroom,bird,-8.300178,True,far
keyboard,horse,-4.878894,False,far
keyboard,truck,-6.6384106,True,far
keyboard,airplane,-4.2220993,False,far
bowl,cat,-4.901893,False,far
clock,bird,-6.470215,True,far
keyboard,deer,-5.3395967,False,far
wardrobe,cat,-5.9562693,True,far
bottle,truck,-6.6816587,True,far
clock,ship,-3.4429452,False,far
bowl,frog,-5.4888825,False,far
wardrobe,truck,-6.1580796,True,far
wardrobe,truck,-3.7333364,False,far
clock,ship,-4.377068,False,far
sunflower,bird,-4.695748,False,far
sunflower,dog,-6.360635,True,far
bowl,automobile,-3.3673444,False,far
wardrobe,truck,-6.9164834,True,far
bottle,bird,-3.7999573,False,far
clock,cat,-4.8195767,False,far
bottle,ship,-5.098512,False,far
keyboard,truck,-8.517632,True,far
mushroom,deer,-4.7455883,False,far
sunflower,cat,-4.2213798,False,far
chair,airplane,-5.486181,False,far
mushroom,cat,-3.9608006,False,far
clock,ship,-8.608459,True,far
keyboard,cat,-5.2606635,False,far
bottle,cat,-5.9285245,True,far
sunflower,airplane,-3.2093449,False,far
mushroom,bird,-5.405779,False,far
chair,truck,-4.2980895,False,far
bottle,frog,-3.9804788,False,far
bottle,dog,-5.9609575,True,far
keyboard,dog,-4.6246743,False,far
mushroom,dog,-5.07897,False,far
wardrobe,truck,-6.877575,True,far
bowl,cat,-5.0156856,False,far
wardrobe,truck,-8.243013,True,far
mushroom,bird,-7.2343254,True,far
chair,cat,-7.2191043,True,far
clock,truck,-8.496546,True,far
mushroom,frog,-4.627914,False,far
sunflower,dog,-4.535611,False,far
bottle,truck,-6.930543,True,far
clock,automobile,-5.337324,False,far
mushroom,truck,-5.3613653,False,far
wardrobe,truck,-3.5693839,False,far
chair,bird,-2.6151237,False,far
chair,truck,-6.6675124,True,far
sunflower,bird,-4.62743,False,far
bowl,ship,-8.5890045,True,far
mushroom,cat,-7.1878457,True,far
clock,automobile,-5.2594466,False,far
bottle,cat,-6.183366,True,far
bottle,cat,-3.7531092,False,far
bottle,automobile,-3.9188287,False,far
mushroom,dog,-6.4593387,True,far
bowl,ship,-3.9175828,False,far
wardrobe,truck,-6.889909,True,far
bottle,cat,-10.312204,True,far
chair,cat,-3.7167094,False,far
wardrobe,truck,-8.429628,True,far
mushroom,frog,-7.878066,True,far
chair,truck,-8.116398,True,far
bowl,truck,-4.7287865,False,far
chair,truck,-7.9201207,True,far
chair,cat,-5.2867184,False,far
chair,truck,-9.3491535,True,far
wardrobe,truck,-6.215807,True,far
wardrobe,truck,-5.6357555,False,far
wardrobe,truck,-7.065722,True,far
sunflower,dog,-4.0669537,False,far
mushroom,cat,-6.3123097,True,far
clock,truck,-4.501991,False,far
mushroom,frog,-9.186024,True,far
keyboard,truck,-3.1536062,False,far
sunflower,dog,-4.688826,False,far
wardrobe,cat,-8.642684,True,far
keyboard,truck,-6.7583647,True,far
mushroom,frog,-6.2782407,True,far
bottle,automobile,-4.56042,False,far
bowl,automobile,-4.681394,False,far
keyboard,deer,-2.7947736,False,far
sunflower,frog,-9.413234,True,far
mushroom,deer,-4.2582307,False,far
sunflower,dog,-6.8757534,True,far
keyboard,airplane,-5.0950074,False,far
bowl,cat,-6.713311,True,far
mushroom,cat,-4.697497,False,far
mushroom,bird,-6.1503973,True,far
bowl,dog,-4.1125274,False,far
bowl,airplane,-3.817819,False,far
wardrobe,truck,-9.520822,True,far
bottle,automobile,-3.8459678,False,far
keyboard,airplane,-8.419446,True,far
clock,dog,-4.1374464,False,far
clock,cat,-6.4993787,True,far
clock,truck,-8.264172,True,far
keyboard,truck,-6.70776,True,far
clock,airplane,-5.0600705,False,far
chair,cat,-9.572259,True,far
sunflower,bird,-8.437613,True,far
sunflower,dog,-6.624712,True,far
bowl,cat,-7.8745494,True,far
bowl,automobile,-7.1403313,True,far
chair,cat,-3.786507,False,far
clock,truck,-4.5929117,False,far
keyboard,airplane,-4.350533,False,far
sunflower,frog,-5.0618086,False,far
clock,ship,-4.278188,False,far
bottle,truck,-3.0291898,False,far
bottle,ship,-3.5354712,False,far
clock,ship,-2.3723085,False,far
sunflower,truck,-3.8472207,False,far
chair,airplane,-5.3312707,False,far
keyboard,dog,-6.3850307,True,far
wardrobe,truck,-9.934673,True,far
wardrobe,cat,-4.479586,False,far
bottle,ship,-7.0818834,True,far
keyboard,airplane,-7.7400455,True,far
bottle,cat,-8.20574,True,far
bowl,cat,-3.254625,False,far
keyboard,truck,-10.491324,True,far
sunflower,bird,-5.9724364,True,far
keyboard,airplane,-5.524845,False,far
keyboard,cat,-5.5140653,False,far
bottle,horse,-4.1859703,False,far
sunflower,bird,-7.908112,True,far
keyboard,airplane,-6.999066,True,far
sunflower,bird,-8.837252,True,far
chair,bird,-6.4369316,True,far
mushroom,bird,-5.023815,False,far
keyboard,frog,-8.955775,True,far
wardrobe,truck,-7.631515,True,far
mushroom,frog,-5.4580793,False,far
bowl,airplane,-6.6313457,True,far
clock,automobile,-6.621608,True,far
wardrobe,truck,-4.155754,False,far
keyboard,cat,-4.326056,False,far
sunflower,frog,-3.5138636,False,far
bowl,dog,-8.008966,True,far
sunflower,bird,-5.739446,True,far
bottle,frog,-5.2847133,False,far
bowl,cat,-5.382168,False,far
chair,bird,-8.838663,True,far
sunflower,bird,-4.660979,False,far
mushroom,dog,-10.382297,True,far
mushroom,bird,-9.451168,True,far
bowl,airplane,-4.0667696,False,far
sunflower,automobile,-2.1763248,False,far
sunflower,dog,-4.416708,False,far
wardrobe,cat,-5.257088,False,far
chair,truck,-4.9644775,False,far
wardrobe,truck,-5.510743,False,far
sunflower,bird,-5.2535715,False,far
mushroom,deer,-5.8199587,True,far
wardrobe,cat,-6.105688,True,far
bottle,automobile,-5.2030945,False,far
mushroom,cat,-7.7141614,True,far
sunflower,airplane,-6.4185076,True,far
sunflower,frog,-4.608951,False,far
wardrobe,truck,-7.6419783,True,far
sunflower,dog,-5.5796595,False,far
wardrobe,truck,-4.8759856,False,far
wardrobe,cat,-4.4765835,False,far
clock,horse,-4.6928596,False,far
mushroom,cat,-7.173738,True,far
sunflower,truck,-2.220022,False,far
keyboard,airplane,-5.773333,True,far
chair,bird,-2.906496,False,far
keyboard,cat,-3.670348,False,far
bottle,bird,-6.460498,True,far
bottle,truck,-6.4955244,True,far
sunflower,dog,-4.5758715,False,far
chair,truck,-6.7598176,True,far
wardrobe,truck,-4.9404097,False,far
chair,cat,-3.3018043,False,far
chair,bird,-4.1556883,False,far
mushroom,frog,-3.5470982,False,far
bowl,frog,-7.480299,True,far
mushroom,bird,-5.113385,False,far
bottle,dog,-3.7077708,False,far
keyboard,airplane,-4.4721136,False,far
mushroom,deer,-8.101784,True,far
bottle,truck,-5.548043,False,far
wardrobe,truck,-8.296383,True,far
clock,automobile,-7.2083855,True,far
sunflower,deer,-5.1964707,False,far
bowl,frog,-3.1200726,False,far
wardrobe,truck,-8.091358,True,far
mushroom,cat,-11.066028,True,far
sunflower,bird,-6.8435555,True,far
wardrobe,horse,-4.5567856,False,far
sunflower,bird,-6.48919,True,far
keyboard,automobile,-5.30545,False,far
wardrobe,cat,-7.481335,True,far
clock,automobile,-6.934553,True,far
wardrobe,cat,-4.210166,False,far
sunflower,cat,-5.373715,False,far
clock,horse,-5.0530424,False,far
chair,airplane,-5.006102,False,far
bottle,ship,-4.1726527,False,far
bottle,ship,-2.9938612,False,far
sunflower,cat,-3.6114192,False,far
bowl,frog,-3.2268233,False,far
chair,bird,-3.660769,False,far
keyboard,cat,-6.2590747,True,far
sunflower,bird,-6.9614677,True,far
sunflower,bird,-3.3774219,False,far
clock,deer,-3.0558693,False,far
bowl,ship,-8.763182,True,far
sunflower,horse,-4.0403595,False,far
clock,bird,-8.614942,True,far
clock,automobile,-3.9851665,False,far
bowl,frog,-10.641863,True,far
chair,airplane,-4.954465,False,far
clock,automobile,-2.6922174,False,far
chair,airplane,-8.577628,True,far
wardrobe,cat,-3.8550246,False,far
bowl,ship,-3.8175104,False,far
sunflower,cat,-9.052047,True,far
sunflower,bird,-4.8571043,False,far
bottle,cat,-3.0183644,False,far
bowl,automobile,-6.3708324,True,far
wardrobe,cat,-7.085696,True,far
keyboard,bird,-5.627007,False,far
keyboard,frog,-2.93887,False,far
bottle,frog,-3.788168,False,far
keyboard,cat,-6.706705,True,far
sunflower,bird,-5.745676,True,far
mushroom,bird,-9.263884,True,far
bowl,airplane,-4.56671,False,far
mushroom,horse,-3.7935765,False,far
mushroom,bird,-6.721526,True,far
bottle,truck,-7.7654943,True,far
chair,airplane,-5.395513,False,far
sunflower,cat,-4.657402,False,far
sunflower,frog,-8.327587,True,far
sunflower,dog,-3.4504972,False,far
sunflower,dog,-5.8845105,True,far
bottle,dog,-3.4216247,False,far
mushroom,airplane,-4.9643826,False,far
